Front	Back	Tags
"<div class=""top""><span class=""chip c1"">章节：绪论</span><span class=""chip c2"">识记</span><span class=""chip c3"">基本概念和术语</span></div><h1>数据</h1><div class=""q"">数据是指所有能输入计算机并被计算机程序处理的符号的<span class=""blank"">______</span></div>"	"<div class=""top""><span class=""chip c1"">章节：绪论</span><span class=""chip c2"">识记</span><span class=""chip c3"">基本概念和术语</span></div><h1>数据</h1><div class=""a"">数据是指所有能输入计算机并被计算机程序处理的符号的<span class=""hit"">集合</span></div><div class=""ansbox"">挖空答案：<b>集合</b></div><div class=""pg"">教材页码：P32</div>"	绪论 识记 基本概念和术语 13003数据结构与算法
"<div class=""top""><span class=""chip c1"">章节：绪论</span><span class=""chip c2"">识记</span><span class=""chip c3"">基本概念和术语</span></div><h1>数据元素</h1><div class=""q"">数据元素还可以细分为<span class=""blank"">______</span>。例如，要保存100名学生的信息，每名学生的信息包括学号、姓名、所学各科成绩等，可使用一条记录来保存。一条记录可以被看作一个数据元素，而记录中的学号、姓名、各科成绩等都可以被看作数据项。全部学生的记录构成了数据。逻辑上相关的、具有物理意义的若干数据项构成一个数据元素；数据元素作为一个完整的对象（整体）是构成数据的基本单位</div>"	"<div class=""top""><span class=""chip c1"">章节：绪论</span><span class=""chip c2"">识记</span><span class=""chip c3"">基本概念和术语</span></div><h1>数据元素</h1><div class=""a"">数据元素还可以细分为<span class=""hit"">数据项</span>。例如，要保存100名学生的信息，每名学生的信息包括学号、姓名、所学各科成绩等，可使用一条记录来保存。一条记录可以被看作一个数据元素，而记录中的学号、姓名、各科成绩等都可以被看作<span class=""hit"">数据项</span>。全部学生的记录构成了数据。逻辑上相关的、具有物理意义的若干<span class=""hit"">数据项</span>构成一个数据元素；数据元素作为一个完整的对象（整体）是构成数据的基本单位</div><div class=""ansbox"">挖空答案：<b>数据项</b></div><div class=""pg"">教材页码：P32</div>"	绪论 识记 基本概念和术语 13003数据结构与算法
"<div class=""top""><span class=""chip c1"">章节：绪论</span><span class=""chip c2"">识记</span><span class=""chip c3"">基本概念和术语</span></div><h1>数据项</h1><div class=""q"">在<span class=""blank"">______</span>中，数据的最小不可分割的单位是数据项</div>"	"<div class=""top""><span class=""chip c1"">章节：绪论</span><span class=""chip c2"">识记</span><span class=""chip c3"">基本概念和术语</span></div><h1>数据项</h1><div class=""a"">在<span class=""hit"">数据结构</span>中，数据的最小不可分割的单位是数据项</div><div class=""ansbox"">挖空答案：<b>数据结构</b></div><div class=""pg"">教材页码：P33</div>"	绪论 识记 基本概念和术语 13003数据结构与算法
"<div class=""top""><span class=""chip c1"">章节：绪论</span><span class=""chip c2"">识记</span><span class=""chip c3"">基本概念和术语</span></div><h1>数据结构</h1><div class=""q""><span class=""blank"">______</span>之间的相互关系构成结构，带有结构特性的数据元素集合构成数据结构。数据结构又分为<span class=""blank"">______</span>和<span class=""blank"">______</span></div>"	"<div class=""top""><span class=""chip c1"">章节：绪论</span><span class=""chip c2"">识记</span><span class=""chip c3"">基本概念和术语</span></div><h1>数据结构</h1><div class=""a""><span class=""hit"">数据元素</span>之间的相互关系构成结构，带有结构特性的<span class=""hit"">数据元素</span>集合构成数据结构。数据结构又分为<span class=""hit"">逻辑结构</span>和<span class=""hit"">存储结构</span></div><div class=""ansbox"">挖空答案：<b>数据元素、逻辑结构、存储结构</b></div><div class=""pg"">教材页码：P34</div>"	绪论 识记 基本概念和术语 13003数据结构与算法
"<div class=""top""><span class=""chip c1"">章节：绪论</span><span class=""chip c2"">识记</span><span class=""chip c3"">基本概念和术语</span></div><h1>逻辑结构</h1><div class=""q"">逻辑结构主要是指<span class=""blank"">______</span>之间的逻辑关系</div>"	"<div class=""top""><span class=""chip c1"">章节：绪论</span><span class=""chip c2"">识记</span><span class=""chip c3"">基本概念和术语</span></div><h1>逻辑结构</h1><div class=""a"">逻辑结构主要是指<span class=""hit"">数据元素</span>之间的逻辑关系</div><div class=""ansbox"">挖空答案：<b>数据元素</b></div><div class=""pg"">教材页码：P34</div>"	绪论 识记 基本概念和术语 13003数据结构与算法
"<div class=""top""><span class=""chip c1"">章节：绪论</span><span class=""chip c2"">识记</span><span class=""chip c3"">基本概念和术语</span></div><h1>存储结构</h1><div class=""q"">存储结构主要是指<span class=""blank"">______</span>在计算机中的表示及存储方式</div>"	"<div class=""top""><span class=""chip c1"">章节：绪论</span><span class=""chip c2"">识记</span><span class=""chip c3"">基本概念和术语</span></div><h1>存储结构</h1><div class=""a"">存储结构主要是指<span class=""hit"">数据元素</span>在计算机中的表示及存储方式</div><div class=""ansbox"">挖空答案：<b>数据元素</b></div><div class=""pg"">教材页码：P34</div>"	绪论 识记 基本概念和术语 13003数据结构与算法
"<div class=""top""><span class=""chip c1"">章节：绪论</span><span class=""chip c2"">识记</span><span class=""chip c3"">基本概念和术语</span></div><h1>基本操作</h1><div class=""q"">基本操作是指对<span class=""blank"">______</span>可以进行的常用操作，如向数据结构中添加新元素、删除元素、查找元素、求长度、判断是否为空等。在<span class=""blank"">______</span>中，每个操作需规定操作名、前提条件、输入和输出，明确&quot;<span class=""blank"">______</span>&quot;。</div>"	"<div class=""top""><span class=""chip c1"">章节：绪论</span><span class=""chip c2"">识记</span><span class=""chip c3"">基本概念和术语</span></div><h1>基本操作</h1><div class=""a"">基本操作是指对<span class=""hit"">数据结构</span>可以进行的常用操作，如向<span class=""hit"">数据结构</span>中添加新元素、删除元素、查找元素、求长度、判断是否为空等。在<span class=""hit"">抽象数据类型</span>中，每个操作需规定操作名、前提条件、输入和输出，明确&quot;<span class=""hit"">做什么</span>&quot;。</div><div class=""ansbox"">挖空答案：<b>数据结构、抽象数据类型、做什么</b></div><div class=""pg"">教材页码：P36</div>"	绪论 识记 基本概念和术语 13003数据结构与算法
"<div class=""top""><span class=""chip c1"">章节：绪论</span><span class=""chip c2"">识记</span><span class=""chip c3"">基本概念和术语</span></div><h1>集合</h1><div class=""q""><span class=""blank"">______</span>由元素构成，是数学中最基本的概念之一。集合中各元素之间没有次序关系，涉及元素与集合的操作包括：将新元素加入集合、从集合中删除指定元素、判定某元素是否属于集合等。还可以对集合进行操作，如判定集合是否为空、求两个集合的并集、求两个集合的交集、求一个集合的补集等</div>"	"<div class=""top""><span class=""chip c1"">章节：绪论</span><span class=""chip c2"">识记</span><span class=""chip c3"">基本概念和术语</span></div><h1>集合</h1><div class=""a""><span class=""hit"">集合</span>由元素构成，是数学中最基本的概念之一。<span class=""hit"">集合</span>中各元素之间没有次序关系，涉及元素与<span class=""hit"">集合</span>的操作包括：将新元素加入<span class=""hit"">集合</span>、从<span class=""hit"">集合</span>中删除指定元素、判定某元素是否属于<span class=""hit"">集合</span>等。还可以对<span class=""hit"">集合</span>进行操作，如判定<span class=""hit"">集合</span>是否为空、求两个<span class=""hit"">集合</span>的并集、求两个<span class=""hit"">集合</span>的交集、求一个<span class=""hit"">集合</span>的补集等</div><div class=""ansbox"">挖空答案：<b>集合</b></div><div class=""pg"">教材页码：P34</div>"	绪论 识记 基本概念和术语 13003数据结构与算法
"<div class=""top""><span class=""chip c1"">章节：绪论</span><span class=""chip c2"">识记</span><span class=""chip c3"">基本概念和术语</span></div><h1>线性结构</h1><div class=""q"">线性结构是<span class=""blank"">______</span>之间存在着先后次序关系的结构，每个元素都对应着一个唯一的次序，这个次序决定着元素的<span class=""blank"">______</span></div>"	"<div class=""top""><span class=""chip c1"">章节：绪论</span><span class=""chip c2"">识记</span><span class=""chip c3"">基本概念和术语</span></div><h1>线性结构</h1><div class=""a"">线性结构是<span class=""hit"">数据元素</span>之间存在着先后次序关系的结构，每个元素都对应着一个唯一的次序，这个次序决定着元素的<span class=""hit"">位置</span></div><div class=""ansbox"">挖空答案：<b>数据元素、位置</b></div><div class=""pg"">教材页码：P34</div>"	绪论 识记 基本概念和术语 13003数据结构与算法
"<div class=""top""><span class=""chip c1"">章节：绪论</span><span class=""chip c2"">识记</span><span class=""chip c3"">基本概念和术语</span></div><h1>树结构</h1><div class=""q"">树结构是一种层次结构，其中的<span class=""blank"">______</span>按层排列。除了顶层的元素以外，每个数据元素都对应一个上一层元素，同时可以有数目不等的下一层元素。</div>"	"<div class=""top""><span class=""chip c1"">章节：绪论</span><span class=""chip c2"">识记</span><span class=""chip c3"">基本概念和术语</span></div><h1>树结构</h1><div class=""a"">树结构是一种层次结构，其中的<span class=""hit"">数据元素</span>按层排列。除了顶层的元素以外，每个<span class=""hit"">数据元素</span>都对应一个上一层元素，同时可以有数目不等的下一层元素。</div><div class=""ansbox"">挖空答案：<b>数据元素</b></div><div class=""pg"">教材页码：P34</div>"	绪论 识记 基本概念和术语 13003数据结构与算法
"<div class=""top""><span class=""chip c1"">章节：绪论</span><span class=""chip c2"">识记</span><span class=""chip c3"">基本概念和术语</span></div><h1>图结构</h1><div class=""q"">图结构是一种网状结构，其中的每个<span class=""blank"">______</span>都可以与多个其他的数据元素相关。<span class=""blank"">______</span>可以被看作图的特例。树结构和图结构都是比<span class=""blank"">______</span>更复杂的结构，它们属于非线性结构</div>"	"<div class=""top""><span class=""chip c1"">章节：绪论</span><span class=""chip c2"">识记</span><span class=""chip c3"">基本概念和术语</span></div><h1>图结构</h1><div class=""a"">图结构是一种网状结构，其中的每个<span class=""hit"">数据元素</span>都可以与多个其他的<span class=""hit"">数据元素</span>相关。<span class=""hit"">树结构</span>可以被看作图的特例。<span class=""hit"">树结构</span>和图结构都是比<span class=""hit"">线性结构</span>更复杂的结构，它们属于非<span class=""hit"">线性结构</span></div><div class=""ansbox"">挖空答案：<b>数据元素、树结构、线性结构</b></div><div class=""pg"">教材页码：P34</div>"	绪论 识记 基本概念和术语 13003数据结构与算法
"<div class=""top""><span class=""chip c1"">章节：绪论</span><span class=""chip c2"">识记</span><span class=""chip c3"">基本概念和术语</span></div><h1>抽象数据类型</h1><div class=""q"">抽象数据类型的定义包括类型的名字及对各个操作的刻画，也就是要明确“<span class=""blank"">______</span>”。对于每个操作，要规定操作的名字、操作执行的前提条件、输入和输出分别是什么等。每个操作通常表示为一个函数或方法。 “<span class=""blank"">______</span>”是相对于程序设计语言中的“<span class=""blank"">______</span>”来说的</div>"	"<div class=""top""><span class=""chip c1"">章节：绪论</span><span class=""chip c2"">识记</span><span class=""chip c3"">基本概念和术语</span></div><h1>抽象数据类型</h1><div class=""a""><span class=""hit"">抽象数据类型</span>的定义包括类型的名字及对各个操作的刻画，也就是要明确“<span class=""hit"">做什么</span>”。对于每个操作，要规定操作的名字、操作执行的前提条件、输入和输出分别是什么等。每个操作通常表示为一个函数或方法。 “<span class=""hit"">抽象数据类型</span>”是相对于程序设计语言中的“<span class=""hit"">基本类型</span>”来说的</div><div class=""ansbox"">挖空答案：<b>做什么、抽象数据类型、基本类型</b></div><div class=""pg"">教材页码：P36</div>"	绪论 识记 基本概念和术语 13003数据结构与算法
"<div class=""top""><span class=""chip c1"">章节：绪论</span><span class=""chip c2"">领会</span><span class=""chip c3"">基本概念和术语</span></div><h1>数据项之间的关系</h1><div class=""q"">在<span class=""blank"">______</span>中，数据的最小不可分割的单位是<span class=""blank"">______</span>；逻辑上相关的、具有物理意义的若干数据项构成一个<span class=""blank"">______</span>；数据元素作为一个完整的对象（整体）是构成数据的基本单位</div>"	"<div class=""top""><span class=""chip c1"">章节：绪论</span><span class=""chip c2"">领会</span><span class=""chip c3"">基本概念和术语</span></div><h1>数据项之间的关系</h1><div class=""a"">在<span class=""hit"">数据结构</span>中，数据的最小不可分割的单位是<span class=""hit"">数据项</span>；逻辑上相关的、具有物理意义的若干<span class=""hit"">数据项</span>构成一个<span class=""hit"">数据元素</span>；<span class=""hit"">数据元素</span>作为一个完整的对象（整体）是构成数据的基本单位</div><div class=""ansbox"">挖空答案：<b>数据结构、数据项、数据元素</b></div><div class=""pg"">教材页码：P33</div>"	绪论 领会 基本概念和术语 13003数据结构与算法
"<div class=""top""><span class=""chip c1"">章节：绪论</span><span class=""chip c2"">领会</span><span class=""chip c3"">基本概念和术语</span></div><h1>逻辑结构与存储结构之间的关系，存储结构对基本操作实现的影响</h1><div class=""q""><span class=""blank"">______</span>之间的相互关系构成结构，带有结构特性的数据元素集合构成<span class=""blank"">______</span>。具体来说，数据结构又分为逻辑结构和存储结构。逻辑结构主要是指数据元素之间的逻辑关系， 存储结构主要是指数据元素在计算机中的表示及存储方式。 数据的逻辑结构从逻辑上描述数据，表明数据元素之间的关系，与数据的存储方式无关，既独立于计算机，又独立于程序设计语言。 从逻辑角度来看，基本的数据结构包括4 类，分别是集合、<span class=""blank"">______</span>、树结构和图结构</div>"	"<div class=""top""><span class=""chip c1"">章节：绪论</span><span class=""chip c2"">领会</span><span class=""chip c3"">基本概念和术语</span></div><h1>逻辑结构与存储结构之间的关系，存储结构对基本操作实现的影响</h1><div class=""a""><span class=""hit"">数据元素</span>之间的相互关系构成结构，带有结构特性的<span class=""hit"">数据元素</span>集合构成<span class=""hit"">数据结构</span>。具体来说，<span class=""hit"">数据结构</span>又分为逻辑结构和存储结构。逻辑结构主要是指<span class=""hit"">数据元素</span>之间的逻辑关系， 存储结构主要是指<span class=""hit"">数据元素</span>在计算机中的表示及存储方式。 数据的逻辑结构从逻辑上描述数据，表明<span class=""hit"">数据元素</span>之间的关系，与数据的存储方式无关，既独立于计算机，又独立于程序设计语言。 从逻辑角度来看，基本的<span class=""hit"">数据结构</span>包括4 类，分别是集合、<span class=""hit"">线性结构</span>、树结构和图结构</div><div class=""ansbox"">挖空答案：<b>数据元素、数据结构、线性结构</b></div><div class=""pg"">教材页码：P34</div>"	绪论 领会 基本概念和术语 13003数据结构与算法
"<div class=""top""><span class=""chip c1"">章节：绪论</span><span class=""chip c2"">领会</span><span class=""chip c3"">基本概念和术语</span></div><h1>数据结构的4种基本存储方法</h1><div class=""q""><span class=""blank"">______</span>、<span class=""blank"">______</span>、<span class=""blank"">______</span>、散列存储方法；</div>"	"<div class=""top""><span class=""chip c1"">章节：绪论</span><span class=""chip c2"">领会</span><span class=""chip c3"">基本概念和术语</span></div><h1>数据结构的4种基本存储方法</h1><div class=""a""><span class=""hit"">顺序存储方法</span>、<span class=""hit"">链式存储方法</span>、<span class=""hit"">索引存储方法</span>、散列存储方法；</div><div class=""ansbox"">挖空答案：<b>顺序存储方法、链式存储方法、索引存储方法</b></div><div class=""pg"">教材页码：P35</div>"	绪论 领会 基本概念和术语 13003数据结构与算法
"<div class=""top""><span class=""chip c1"">章节：绪论</span><span class=""chip c2"">领会</span><span class=""chip c3"">基本概念和术语</span></div><h1>顺序存储方法</h1><div class=""q"">逻辑上相邻的<span class=""blank"">______</span>，存储到物理位置相邻的存储单元中，这样的存储方法称为顺序存储方法。在使用程序设计语言中的<span class=""blank"">______</span>保存<span class=""blank"">______</span>中的数据元素时，采用的就是顺序存储方法。相应的存储结构称为顺序存储结构</div>"	"<div class=""top""><span class=""chip c1"">章节：绪论</span><span class=""chip c2"">领会</span><span class=""chip c3"">基本概念和术语</span></div><h1>顺序存储方法</h1><div class=""a"">逻辑上相邻的<span class=""hit"">数据元素</span>，存储到物理位置相邻的存储单元中，这样的存储方法称为顺序存储方法。在使用程序设计语言中的<span class=""hit"">一维数组</span>保存<span class=""hit"">线性结构</span>中的<span class=""hit"">数据元素</span>时，采用的就是顺序存储方法。相应的存储结构称为顺序存储结构</div><div class=""ansbox"">挖空答案：<b>数据元素、一维数组、线性结构</b></div><div class=""pg"">教材页码：P35</div>"	绪论 领会 基本概念和术语 13003数据结构与算法
"<div class=""top""><span class=""chip c1"">章节：绪论</span><span class=""chip c2"">领会</span><span class=""chip c3"">基本概念和术语</span></div><h1>链式存储方法</h1><div class=""q"">逻辑上相邻的<span class=""blank"">______</span>，不要求其存储的物理<span class=""blank"">______</span>也相邻，通常借助于程序设计语言中的指针来指示数据元素间的逻辑关系。这样的<span class=""blank"">______</span>称为链式存储结构。</div>"	"<div class=""top""><span class=""chip c1"">章节：绪论</span><span class=""chip c2"">领会</span><span class=""chip c3"">基本概念和术语</span></div><h1>链式存储方法</h1><div class=""a"">逻辑上相邻的<span class=""hit"">数据元素</span>，不要求其存储的物理<span class=""hit"">位置</span>也相邻，通常借助于程序设计语言中的指针来指示<span class=""hit"">数据元素</span>间的逻辑关系。这样的<span class=""hit"">存储结构</span>称为链式<span class=""hit"">存储结构</span>。</div><div class=""ansbox"">挖空答案：<b>数据元素、位置、存储结构</b></div><div class=""pg"">教材页码：P35</div>"	绪论 领会 基本概念和术语 13003数据结构与算法
"<div class=""top""><span class=""chip c1"">章节：绪论</span><span class=""chip c2"">领会</span><span class=""chip c3"">基本概念和术语</span></div><h1>索引存储方法</h1><div class=""q"">除了保存<span class=""blank"">______</span>以外，索引存储方法还针对数据元素建立<span class=""blank"">______</span>。索引表由索引项组成，索引项指示数据元素所在的物理位置。通过索引项，可以加快<span class=""blank"">______</span>数据元素的速度。这种方法是索引存储方法</div>"	"<div class=""top""><span class=""chip c1"">章节：绪论</span><span class=""chip c2"">领会</span><span class=""chip c3"">基本概念和术语</span></div><h1>索引存储方法</h1><div class=""a"">除了保存<span class=""hit"">数据元素</span>以外，索引存储方法还针对<span class=""hit"">数据元素</span>建立<span class=""hit"">索引表</span>。<span class=""hit"">索引表</span>由索引项组成，索引项指示<span class=""hit"">数据元素</span>所在的物理位置。通过索引项，可以加快<span class=""hit"">查找</span><span class=""hit"">数据元素</span>的速度。这种方法是索引存储方法</div><div class=""ansbox"">挖空答案：<b>数据元素、索引表、查找</b></div><div class=""pg"">教材页码：P35</div>"	绪论 领会 基本概念和术语 13003数据结构与算法
"<div class=""top""><span class=""chip c1"">章节：绪论</span><span class=""chip c2"">领会</span><span class=""chip c3"">基本概念和术语</span></div><h1>散列(哈希)存储方法</h1><div class=""q"">散列存储方法是一种特殊方法，它根据<span class=""blank"">______</span>的关键字计算出该元素的物理存储位置。通常，使用称为<span class=""blank"">______</span>的<span class=""blank"">______</span>作为保存元素的结构。</div>"	"<div class=""top""><span class=""chip c1"">章节：绪论</span><span class=""chip c2"">领会</span><span class=""chip c3"">基本概念和术语</span></div><h1>散列(哈希)存储方法</h1><div class=""a"">散列存储方法是一种特殊方法，它根据<span class=""hit"">数据元素</span>的关键字计算出该元素的物理存储位置。通常，使用称为<span class=""hit"">散列表</span>的<span class=""hit"">一维数组</span>作为保存元素的结构。</div><div class=""ansbox"">挖空答案：<b>数据元素、散列表、一维数组</b></div><div class=""pg"">教材页码：P35</div>"	绪论 领会 基本概念和术语 13003数据结构与算法
"<div class=""top""><span class=""chip c1"">章节：绪论</span><span class=""chip c2"">领会</span><span class=""chip c3"">基本概念和术语</span></div><h1>线性结构与非线性结构的特性</h1><div class=""q""><span class=""blank"">______</span>是<span class=""blank"">______</span>之间存在着先后次序关系的结构，每个元素都对应着一个唯一的次序，这个次序决定着元素的<span class=""blank"">______</span>；</div>"	"<div class=""top""><span class=""chip c1"">章节：绪论</span><span class=""chip c2"">领会</span><span class=""chip c3"">基本概念和术语</span></div><h1>线性结构与非线性结构的特性</h1><div class=""a""><span class=""hit"">线性结构</span>是<span class=""hit"">数据元素</span>之间存在着先后次序关系的结构，每个元素都对应着一个唯一的次序，这个次序决定着元素的<span class=""hit"">位置</span>；</div><div class=""ansbox"">挖空答案：<b>线性结构、数据元素、位置</b></div><div class=""pg"">教材页码：P34</div>"	绪论 领会 基本概念和术语 13003数据结构与算法
"<div class=""top""><span class=""chip c1"">章节：绪论</span><span class=""chip c2"">简单应用</span><span class=""chip c3"">基本概念和术语</span></div><h1>定义抽象数据类型</h1><div class=""q"">抽象定义三角形ADT sanjiao { <span class=""blank"">______</span>部分: a,b,c; 操作部分: mianji(a,b,c) 输入：a,b,c 输出：三角形面积前提条件：三条边满足构成三角形的条件 zhouchang（a,b,c）//给定三条边，计算三角形的周长输入：a,b,c 输出：三角形周长前提条件：三条边满足构成三角形的条件 }</div>"	"<div class=""top""><span class=""chip c1"">章节：绪论</span><span class=""chip c2"">简单应用</span><span class=""chip c3"">基本概念和术语</span></div><h1>定义抽象数据类型</h1><div class=""a"">抽象定义三角形ADT sanjiao { <span class=""hit"">数据</span>部分: a,b,c; 操作部分: mianji(a,b,c) 输入：a,b,c 输出：三角形面积前提条件：三条边满足构成三角形的条件 zhouchang（a,b,c）//给定三条边，计算三角形的周长输入：a,b,c 输出：三角形周长前提条件：三条边满足构成三角形的条件 }</div><div class=""ansbox"">挖空答案：<b>数据</b></div><div class=""pg"">教材页码：P36</div>"	绪论 简单应用 基本概念和术语 13003数据结构与算法
"<div class=""top""><span class=""chip c1"">章节：绪论</span><span class=""chip c2"">识记</span><span class=""chip c3"">算法和算法分析</span></div><h1>算法及其5个特性</h1><div class=""q""><span class=""blank"">______</span>是一个由若干确定的(无二义性的)、可执行的步骤组成的肯定能够终止的有序步骤<span class=""blank"">______</span>。算法必须满足如下5 个重要特性。 ( 1 ) 输入：有 0 或多个输入值。 ( 2 ) 输出：有 1 或多个输出值。 ( 3 ) 有穷性：一个算法必须在执行有穷步骤之后结束。 ( 4 ) 确定性：算法的每一个步骤都必须有确切的含义。 ( 5 ) 可行性：算法中要做的运算都是相当基本的、能够精确进行的。 算法可以没有输入，但必须有输出，通常输出的是算法的执行结果。实现算法的程序的运行时间是有限的。算法的每个执行步骤不能有歧义，且必须是能够执行的。</div>"	"<div class=""top""><span class=""chip c1"">章节：绪论</span><span class=""chip c2"">识记</span><span class=""chip c3"">算法和算法分析</span></div><h1>算法及其5个特性</h1><div class=""a""><span class=""hit"">算法</span>是一个由若干确定的(无二义性的)、可执行的步骤组成的肯定能够终止的有序步骤<span class=""hit"">集合</span>。<span class=""hit"">算法</span>必须满足如下5 个重要特性。 ( 1 ) 输入：有 0 或多个输入值。 ( 2 ) 输出：有 1 或多个输出值。 ( 3 ) 有穷性：一个<span class=""hit"">算法</span>必须在执行有穷步骤之后结束。 ( 4 ) 确定性：<span class=""hit"">算法</span>的每一个步骤都必须有确切的含义。 ( 5 ) 可行性：<span class=""hit"">算法</span>中要做的运算都是相当基本的、能够精确进行的。 <span class=""hit"">算法</span>可以没有输入，但必须有输出，通常输出的是<span class=""hit"">算法</span>的执行结果。实现<span class=""hit"">算法</span>的程序的运行时间是有限的。<span class=""hit"">算法</span>的每个执行步骤不能有歧义，且必须是能够执行的。</div><div class=""ansbox"">挖空答案：<b>算法、集合</b></div><div class=""pg"">教材页码：P37</div>"	绪论 识记 算法和算法分析 13003数据结构与算法
"<div class=""top""><span class=""chip c1"">章节：绪论</span><span class=""chip c2"">识记</span><span class=""chip c3"">算法和算法分析</span></div><h1>问题规模</h1><div class=""q"">执行程序花费的时间与程序所处理的<span class=""blank"">______</span>个数有很大的关系，这个数据个数称为问题规模,也称为问题大小。<span class=""blank"">______</span>花费的时间表示为问题规模的一个函数</div>"	"<div class=""top""><span class=""chip c1"">章节：绪论</span><span class=""chip c2"">识记</span><span class=""chip c3"">算法和算法分析</span></div><h1>问题规模</h1><div class=""a"">执行程序花费的时间与程序所处理的<span class=""hit"">数据</span>个数有很大的关系，这个<span class=""hit"">数据</span>个数称为问题规模,也称为问题大小。<span class=""hit"">算法</span>花费的时间表示为问题规模的一个函数</div><div class=""ansbox"">挖空答案：<b>数据、算法</b></div><div class=""pg"">教材页码：P38</div>"	绪论 识记 算法和算法分析 13003数据结构与算法
"<div class=""top""><span class=""chip c1"">章节：绪论</span><span class=""chip c2"">领会</span><span class=""chip c3"">算法和算法分析</span></div><h1>时间复杂度</h1><div class=""q"">时间复杂度是将算法的时间效率表示为问题规模n的函数。通过统计算法执行的语句总数得到增长函数T(n)，再取其主项并用<span class=""blank"">______</span>表示<span class=""blank"">______</span>（即算法的阶）。只关心当n增大时函数的变化趋势，不考虑常数项和系数。常见阶有O(1)、O(logn)、O(n)、O(<span class=""blank"">______</span>)、O(n²)、O(2ⁿ)等。</div>"	"<div class=""top""><span class=""chip c1"">章节：绪论</span><span class=""chip c2"">领会</span><span class=""chip c3"">算法和算法分析</span></div><h1>时间复杂度</h1><div class=""a"">时间复杂度是将算法的时间效率表示为问题规模n的函数。通过统计算法执行的语句总数得到增长函数T(n)，再取其主项并用<span class=""hit"">大O表示法</span>表示<span class=""hit"">渐近时间复杂度</span>（即算法的阶）。只关心当n增大时函数的变化趋势，不考虑常数项和系数。常见阶有O(1)、O(logn)、O(n)、O(<span class=""hit"">nlogn</span>)、O(n²)、O(2ⁿ)等。</div><div class=""ansbox"">挖空答案：<b>大O表示法、渐近时间复杂度、nlogn</b></div><div class=""pg"">教材页码：P40</div>"	绪论 领会 算法和算法分析 13003数据结构与算法
"<div class=""top""><span class=""chip c1"">章节：绪论</span><span class=""chip c2"">领会</span><span class=""chip c3"">算法和算法分析</span></div><h1>空间复杂度</h1><div class=""q"">空间复杂度是指<span class=""blank"">______</span>在运行过程中临时占用的存储空间大小，一般也表示为<span class=""blank"">______</span>的函数。在考虑空间存储量时，算法代码占用的空间和算法中初始<span class=""blank"">______</span>占用的空间不包含在内。当算法需要的额外空间数量依赖于问题规模时，才考虑它的空间复杂度。</div>"	"<div class=""top""><span class=""chip c1"">章节：绪论</span><span class=""chip c2"">领会</span><span class=""chip c3"">算法和算法分析</span></div><h1>空间复杂度</h1><div class=""a"">空间复杂度是指<span class=""hit"">算法</span>在运行过程中临时占用的存储空间大小，一般也表示为<span class=""hit"">问题规模</span>的函数。在考虑空间存储量时，<span class=""hit"">算法</span>代码占用的空间和<span class=""hit"">算法</span>中初始<span class=""hit"">数据</span>占用的空间不包含在内。当<span class=""hit"">算法</span>需要的额外空间数量依赖于<span class=""hit"">问题规模</span>时，才考虑它的空间复杂度。</div><div class=""ansbox"">挖空答案：<b>算法、问题规模、数据</b></div><div class=""pg"">教材页码：P42</div>"	绪论 领会 算法和算法分析 13003数据结构与算法
"<div class=""top""><span class=""chip c1"">章节：绪论</span><span class=""chip c2"">领会</span><span class=""chip c3"">算法和算法分析</span></div><h1>大O表示法</h1><div class=""q"">大O表示法用于描述算法<span class=""blank"">______</span>的上界。称函数T(n)是O(f(n))的，如果存在常数c&gt;0和n0，当n&gt;n0时，有T(n)≤c×f(n)。大O表示法只关注增长函数表达式中的主项，不考虑主项的系数。例如T(n)=3n²+4n+5=O(n²)。</div>"	"<div class=""top""><span class=""chip c1"">章节：绪论</span><span class=""chip c2"">领会</span><span class=""chip c3"">算法和算法分析</span></div><h1>大O表示法</h1><div class=""a"">大O表示法用于描述算法<span class=""hit"">增长函数</span>的上界。称函数T(n)是O(f(n))的，如果存在常数c&gt;0和n0，当n&gt;n0时，有T(n)≤c×f(n)。大O表示法只关注<span class=""hit"">增长函数</span>表达式中的主项，不考虑主项的系数。例如T(n)=3n²+4n+5=O(n²)。</div><div class=""ansbox"">挖空答案：<b>增长函数</b></div><div class=""pg"">教材页码：P40</div>"	绪论 领会 算法和算法分析 13003数据结构与算法
"<div class=""top""><span class=""chip c1"">章节：绪论</span><span class=""chip c2"">领会</span><span class=""chip c3"">算法和算法分析</span></div><h1>增长函数</h1><div class=""q"">增长函数是将<span class=""blank"">______</span>的时间效率表示为<span class=""blank"">______</span>n的一个解析式，对于规模为n的问题，解析式计算的值就是算法处理的步骤数。对于具体算法，其增长函数是一个近似表达式，关注的是当<span class=""blank"">______</span>量增大若干倍时算法所花费时间增加的倍数关系，即函数的渐近性。</div>"	"<div class=""top""><span class=""chip c1"">章节：绪论</span><span class=""chip c2"">领会</span><span class=""chip c3"">算法和算法分析</span></div><h1>增长函数</h1><div class=""a"">增长函数是将<span class=""hit"">算法</span>的时间效率表示为<span class=""hit"">问题规模</span>n的一个解析式，对于规模为n的问题，解析式计算的值就是<span class=""hit"">算法</span>处理的步骤数。对于具体<span class=""hit"">算法</span>，其增长函数是一个近似表达式，关注的是当<span class=""hit"">数据</span>量增大若干倍时<span class=""hit"">算法</span>所花费时间增加的倍数关系，即函数的渐近性。</div><div class=""ansbox"">挖空答案：<b>算法、问题规模、数据</b></div><div class=""pg"">教材页码：P39</div>"	绪论 领会 算法和算法分析 13003数据结构与算法
"<div class=""top""><span class=""chip c1"">章节：绪论</span><span class=""chip c2"">简单应用</span><span class=""chip c3"">算法和算法分析</span></div><h1>描述算法，分析程序段的时间复杂度</h1><div class=""q"">通过分析程序段中循环结构的执行次数来确定<span class=""blank"">______</span>T(n)，进而得到<span class=""blank"">______</span>。单层循环执行n次时T(n)=n，时间复杂度为O(n)；二重循环执行n²次时为O(n²)；while循环每次将x减半时执行logn次，时间复杂度为O(<span class=""blank"">______</span>)。只取增长函数的主项，忽略常数和系数。</div>"	"<div class=""top""><span class=""chip c1"">章节：绪论</span><span class=""chip c2"">简单应用</span><span class=""chip c3"">算法和算法分析</span></div><h1>描述算法，分析程序段的时间复杂度</h1><div class=""a"">通过分析程序段中循环结构的执行次数来确定<span class=""hit"">增长函数</span>T(n)，进而得到<span class=""hit"">时间复杂度</span>。单层循环执行n次时T(n)=n，<span class=""hit"">时间复杂度</span>为O(n)；二重循环执行n²次时为O(n²)；while循环每次将x减半时执行<span class=""hit"">logn</span>次，<span class=""hit"">时间复杂度</span>为O(<span class=""hit"">logn</span>)。只取<span class=""hit"">增长函数</span>的主项，忽略常数和系数。</div><div class=""ansbox"">挖空答案：<b>增长函数、时间复杂度、logn</b></div><div class=""pg"">教材页码：P39</div>"	绪论 简单应用 算法和算法分析 13003数据结构与算法
"<div class=""top""><span class=""chip c1"">章节：绪论</span><span class=""chip c2"">识记</span><span class=""chip c3"">算法设计策略简介</span></div><h1>算法策略</h1><div class=""q"">算法的设计策略有<span class=""blank"">______</span>、迭代法、递归法、<span class=""blank"">______</span>、分治法、<span class=""blank"">______</span>法等</div>"	"<div class=""top""><span class=""chip c1"">章节：绪论</span><span class=""chip c2"">识记</span><span class=""chip c3"">算法设计策略简介</span></div><h1>算法策略</h1><div class=""a"">算法的设计策略有<span class=""hit"">递推法</span>、迭代法、递归法、<span class=""hit"">贪心法</span>、分治法、<span class=""hit"">动态规划</span>法等</div><div class=""ansbox"">挖空答案：<b>递推法、贪心法、动态规划</b></div><div class=""pg"">教材页码：P42</div>"	绪论 识记 算法设计策略简介 13003数据结构与算法
"<div class=""top""><span class=""chip c1"">章节：绪论</span><span class=""chip c2"">领会</span><span class=""chip c3"">算法设计策略简介</span></div><h1>递推法</h1><div class=""q"">递推法是一种直接求解的<span class=""blank"">______</span>设计策略，利用问题本身所具有的一种递推关系进行求解。找到问题本身的递推关系是问题求解的前提。 递推法的思想是，根据递推关系，能从已求得的<span class=""blank"">______</span>为1 ,2 ,・・・，洛 1 的一系列解， 构造出问题规模为)的解。求解规模为，的解时，有时可能仅需规模为1 ,2 ,・・・,洛1 的系列解中的一部分，而不是全部。</div>"	"<div class=""top""><span class=""chip c1"">章节：绪论</span><span class=""chip c2"">领会</span><span class=""chip c3"">算法设计策略简介</span></div><h1>递推法</h1><div class=""a"">递推法是一种直接求解的<span class=""hit"">算法</span>设计策略，利用问题本身所具有的一种递推关系进行求解。找到问题本身的递推关系是问题求解的前提。 递推法的思想是，根据递推关系，能从已求得的<span class=""hit"">问题规模</span>为1 ,2 ,・・・，洛 1 的一系列解， 构造出<span class=""hit"">问题规模</span>为)的解。求解规模为，的解时，有时可能仅需规模为1 ,2 ,・・・,洛1 的系列解中的一部分，而不是全部。</div><div class=""ansbox"">挖空答案：<b>算法、问题规模</b></div><div class=""pg"">教材页码：P42</div>"	绪论 领会 算法设计策略简介 13003数据结构与算法
"<div class=""top""><span class=""chip c1"">章节：绪论</span><span class=""chip c2"">领会</span><span class=""chip c3"">算法设计策略简介</span></div><h1>迭代法</h1><div class=""q""><span class=""blank"">______</span>是一种直接求解的方法，往往需要建立迭代关系式，即根据前一个值推出下一个值的公式。初始时设定初始值（原值），然后根据迭代关系式和原值，求出新值，并用新值替代原值。持续进行这个过程。 迭代过程不能无限进行下去，或者设定一个迭代次数，当达到这个次数时，迭代过程停止 ；或者设定一个结束条件，当满足这个条件时，迭代过程停止。如果迭代过程正确，则迭代停止时可以得到理想的结果</div>"	"<div class=""top""><span class=""chip c1"">章节：绪论</span><span class=""chip c2"">领会</span><span class=""chip c3"">算法设计策略简介</span></div><h1>迭代法</h1><div class=""a""><span class=""hit"">迭代法</span>是一种直接求解的方法，往往需要建立迭代关系式，即根据前一个值推出下一个值的公式。初始时设定初始值（原值），然后根据迭代关系式和原值，求出新值，并用新值替代原值。持续进行这个过程。 迭代过程不能无限进行下去，或者设定一个迭代次数，当达到这个次数时，迭代过程停止 ；或者设定一个结束条件，当满足这个条件时，迭代过程停止。如果迭代过程正确，则迭代停止时可以得到理想的结果</div><div class=""ansbox"">挖空答案：<b>迭代法</b></div><div class=""pg"">教材页码：P43</div>"	绪论 领会 算法设计策略简介 13003数据结构与算法
"<div class=""top""><span class=""chip c1"">章节：绪论</span><span class=""chip c2"">领会</span><span class=""chip c3"">算法设计策略简介</span></div><h1>递归法</h1><div class=""q""><span class=""blank"">______</span>是数学和计算机科学中非常重要的一个概念。在定义某个概念时，直接或间接地又用到自身，就出现了递归。在递归定义中，需要一个递归出口作为递归结束的标志</div>"	"<div class=""top""><span class=""chip c1"">章节：绪论</span><span class=""chip c2"">领会</span><span class=""chip c3"">算法设计策略简介</span></div><h1>递归法</h1><div class=""a""><span class=""hit"">递归</span>是数学和计算机科学中非常重要的一个概念。在定义某个概念时，直接或间接地又用到自身，就出现了<span class=""hit"">递归</span>。在<span class=""hit"">递归</span>定义中，需要一个<span class=""hit"">递归</span>出口作为<span class=""hit"">递归</span>结束的标志</div><div class=""ansbox"">挖空答案：<b>递归</b></div><div class=""pg"">教材页码：P44</div>"	绪论 领会 算法设计策略简介 13003数据结构与算法
"<div class=""top""><span class=""chip c1"">章节：绪论</span><span class=""chip c2"">领会</span><span class=""chip c3"">算法设计策略简介</span></div><h1>贪心法</h1><div class=""q"">贪心法也称贪婪<span class=""blank"">______</span>，它是一种通过每一步选择局部最优解来达到整体最优解的算法, 适用于求某些最优解问题。在求解过程中，一步步地进行求解，根据当前的情况选择最优的可能。实际上，这个最优是在当前条件下的最优，称为局部最优。在求解过程中，因为没有考虑各种可能的情况，有可能并不是全局最优。也正是因为贪心法仅考虑局部的情况，而没有穷尽所有的可能，所以避免了耗费大量时间。</div>"	"<div class=""top""><span class=""chip c1"">章节：绪论</span><span class=""chip c2"">领会</span><span class=""chip c3"">算法设计策略简介</span></div><h1>贪心法</h1><div class=""a"">贪心法也称贪婪<span class=""hit"">算法</span>，它是一种通过每一步选择局部最优解来达到整体最优解的<span class=""hit"">算法</span>, 适用于求某些最优解问题。在求解过程中，一步步地进行求解，根据当前的情况选择最优的可能。实际上，这个最优是在当前条件下的最优，称为局部最优。在求解过程中，因为没有考虑各种可能的情况，有可能并不是全局最优。也正是因为贪心法仅考虑局部的情况，而没有穷尽所有的可能，所以避免了耗费大量时间。</div><div class=""ansbox"">挖空答案：<b>算法</b></div><div class=""pg"">教材页码：P45</div>"	绪论 领会 算法设计策略简介 13003数据结构与算法
"<div class=""top""><span class=""chip c1"">章节：绪论</span><span class=""chip c2"">领会</span><span class=""chip c3"">算法设计策略简介</span></div><h1>分治法</h1><div class=""q"">当求解一个输入规模为九并且几的取值又很大的问题时，直接求解往往非常困难。可以把这个大规模的问题分解为若干个规模更小且可以独立求解的问题，这些小问题与原问题相同, 可以各自求解。然后把各个小问题的解进行<span class=""blank"">______</span>，得到原问题的解。这就是分治法的思想。 一般来说，分治法的求解过程分为三个阶段，即<span class=""blank"">______</span>、求解小问题及小问题解的合并。 如果小问题的规模仍然很大，不能直接求解，则再继续划分，直到小问题可以求解。然后将小问题的解合并为大问题的解。 一次划分得到的若干个小问题是相互独立的，它们的求解可以独立完成，这是分治法的重要特点。并且这些小问题的求解次序也没有约束。</div>"	"<div class=""top""><span class=""chip c1"">章节：绪论</span><span class=""chip c2"">领会</span><span class=""chip c3"">算法设计策略简介</span></div><h1>分治法</h1><div class=""a"">当求解一个输入规模为九并且几的取值又很大的问题时，直接求解往往非常困难。可以把这个大规模的问题分解为若干个规模更小且可以独立求解的问题，这些小问题与原问题相同, 可以各自求解。然后把各个小问题的解进行<span class=""hit"">合并</span>，得到原问题的解。这就是分治法的思想。 一般来说，分治法的求解过程分为三个阶段，即<span class=""hit"">划分</span>、求解小问题及小问题解的<span class=""hit"">合并</span>。 如果小问题的规模仍然很大，不能直接求解，则再继续<span class=""hit"">划分</span>，直到小问题可以求解。然后将小问题的解<span class=""hit"">合并</span>为大问题的解。 一次<span class=""hit"">划分</span>得到的若干个小问题是相互独立的，它们的求解可以独立完成，这是分治法的重要特点。并且这些小问题的求解次序也没有约束。</div><div class=""ansbox"">挖空答案：<b>合并、划分</b></div><div class=""pg"">教材页码：P45</div>"	绪论 领会 算法设计策略简介 13003数据结构与算法
"<div class=""top""><span class=""chip c1"">章节：绪论</span><span class=""chip c2"">领会</span><span class=""chip c3"">算法设计策略简介</span></div><h1>动态规划法的基本特点</h1><div class=""q""><span class=""blank"">______</span>法是求多阶段决策过程最优化的一种方法，它将问题的整体按时间或空间的特征分成若干个前后衔接的阶段，把多阶段决策问题表示为前后有关的一系列单阶段决策问题 ，然后逐个求解，从而求出整个问题的最优决策。动态规划法强调了时间和空间的连续性 。所以，不同阶段的求解往往不是独立进行的，可能存在依赖关系。 求解 “<span class=""blank"">______</span>”问题是采用动态规划法求解的典型示例。给定一个整数<span class=""blank"">______</span>4 找到一个具有最大和的连续子数组（至少含有一个元素），返回该最大和。如果数组中保存的全部数据均小于0 , 则最大和为0 , 这是特例。 例如，A = （-2 ,l,-3 ,4 ,-l ,2 ,l ,-5 ,4 | , 得到的最大和是6 , 相应的子数组是{4 ,-1 ,2 ,1 } , 即从4 [ 3 ]到 4 [ 6 ]。教材P45</div>"	"<div class=""top""><span class=""chip c1"">章节：绪论</span><span class=""chip c2"">领会</span><span class=""chip c3"">算法设计策略简介</span></div><h1>动态规划法的基本特点</h1><div class=""a""><span class=""hit"">动态规划</span>法是求多阶段决策过程最优化的一种方法，它将问题的整体按时间或空间的特征分成若干个前后衔接的阶段，把多阶段决策问题表示为前后有关的一系列单阶段决策问题 ，然后逐个求解，从而求出整个问题的最优决策。<span class=""hit"">动态规划</span>法强调了时间和空间的连续性 。所以，不同阶段的求解往往不是独立进行的，可能存在依赖关系。 求解 “<span class=""hit"">最大子序列和</span>”问题是采用<span class=""hit"">动态规划</span>法求解的典型示例。给定一个整数<span class=""hit"">数组</span>4 找到一个具有最大和的连续子<span class=""hit"">数组</span>（至少含有一个元素），返回该最大和。如果<span class=""hit"">数组</span>中保存的全部数据均小于0 , 则最大和为0 , 这是特例。 例如，A = （-2 ,l,-3 ,4 ,-l ,2 ,l ,-5 ,4 | , 得到的最大和是6 , 相应的子<span class=""hit"">数组</span>是{4 ,-1 ,2 ,1 } , 即从4 [ 3 ]到 4 [ 6 ]。教材P45</div><div class=""ansbox"">挖空答案：<b>动态规划、最大子序列和、数组</b></div><div class=""pg"">教材页码：P45</div>"	绪论 领会 算法设计策略简介 13003数据结构与算法
"<div class=""top""><span class=""chip c1"">章节：绪论</span><span class=""chip c2"">简单应用</span><span class=""chip c3"">算法设计策略简介</span></div><h1>使用基本的算法策略实现简单程序</h1><div class=""q"">根据问题特点选择合适的<span class=""blank"">______</span>并用类C语言实现简单程序。如使用<span class=""blank"">______</span>求斐波那契数列前n项（利用递推公式F(n)=F(n-1)+F(n-2)）；使用<span class=""blank"">______</span>实现辗转相除法求最大公约数；使用递归法求阶乘（fact(n)=n×fact(n-1)，递归出口n=0时返回1）。关键是找到递推关系或建立迭代公式。</div>"	"<div class=""top""><span class=""chip c1"">章节：绪论</span><span class=""chip c2"">简单应用</span><span class=""chip c3"">算法设计策略简介</span></div><h1>使用基本的算法策略实现简单程序</h1><div class=""a"">根据问题特点选择合适的<span class=""hit"">算法策略</span>并用类C语言实现简单程序。如使用<span class=""hit"">递推法</span>求斐波那契数列前n项（利用递推公式F(n)=F(n-1)+F(n-2)）；使用<span class=""hit"">迭代法</span>实现辗转相除法求最大公约数；使用递归法求阶乘（fact(n)=n×fact(n-1)，递归出口n=0时返回1）。关键是找到递推关系或建立迭代公式。</div><div class=""ansbox"">挖空答案：<b>算法策略、递推法、迭代法</b></div><div class=""pg"">教材页码：P43</div>"	绪论 简单应用 算法设计策略简介 13003数据结构与算法
"<div class=""top""><span class=""chip c1"">章节：绪论</span><span class=""chip c2"">本章重点</span></div><h1>数据结构的逻辑结构</h1><div class=""q"">数据的<span class=""blank"">______</span>从逻辑上描述<span class=""blank"">______</span>之间的关系，与存储方式无关，既独立于计算机又独立于程序设计语言。基本逻辑结构包括4类：集合（元素间无次序关系）、<span class=""blank"">______</span>（一对一关系，元素有唯一前驱和后继）、树结构（一对多层次关系）、图结构（多对多网状关系）。</div>"	"<div class=""top""><span class=""chip c1"">章节：绪论</span><span class=""chip c2"">本章重点</span></div><h1>数据结构的逻辑结构</h1><div class=""a"">数据的<span class=""hit"">逻辑结构</span>从逻辑上描述<span class=""hit"">数据元素</span>之间的关系，与存储方式无关，既独立于计算机又独立于程序设计语言。基本<span class=""hit"">逻辑结构</span>包括4类：集合（元素间无次序关系）、<span class=""hit"">线性结构</span>（一对一关系，元素有唯一前驱和后继）、树结构（一对多层次关系）、图结构（多对多网状关系）。</div><div class=""ansbox"">挖空答案：<b>逻辑结构、数据元素、线性结构</b></div><div class=""pg"">教材页码：P34</div>"	绪论 本章重点 13003数据结构与算法
"<div class=""top""><span class=""chip c1"">章节：绪论</span><span class=""chip c2"">本章重点</span></div><h1>存储结构及相互关系</h1><div class=""q""><span class=""blank"">______</span>是<span class=""blank"">______</span>在计算机中的表示及存储方式，常用4种方法：顺序存储、链式存储、索引存储、散列存储。逻辑结构独立于计算机和程序设计语言；算法设计基于逻辑结构，算法实现依赖于存储结构。逻辑结构与存储结构是<span class=""blank"">______</span>的两个方面，相互联系又相互区别。</div>"	"<div class=""top""><span class=""chip c1"">章节：绪论</span><span class=""chip c2"">本章重点</span></div><h1>存储结构及相互关系</h1><div class=""a""><span class=""hit"">存储结构</span>是<span class=""hit"">数据元素</span>在计算机中的表示及存储方式，常用4种方法：顺序存储、链式存储、索引存储、散列存储。逻辑结构独立于计算机和程序设计语言；算法设计基于逻辑结构，算法实现依赖于<span class=""hit"">存储结构</span>。逻辑结构与<span class=""hit"">存储结构</span>是<span class=""hit"">数据结构</span>的两个方面，相互联系又相互区别。</div><div class=""ansbox"">挖空答案：<b>存储结构、数据元素、数据结构</b></div><div class=""pg"">教材页码：P34</div>"	绪论 本章重点 13003数据结构与算法
"<div class=""top""><span class=""chip c1"">章节：绪论</span><span class=""chip c2"">本章重点</span></div><h1>线性结构与非线性结构</h1><div class=""q""><span class=""blank"">______</span>中元素之间是一对一关系，每个元素有唯一的<span class=""blank"">______</span>和<span class=""blank"">______</span>（首尾元素除外），元素按次序排列。非线性结构包括树结构（一对多层次关系，每个元素可有多个后继）和图结构（多对多网状关系，每个元素可与多个其他元素相关）。</div>"	"<div class=""top""><span class=""chip c1"">章节：绪论</span><span class=""chip c2"">本章重点</span></div><h1>线性结构与非线性结构</h1><div class=""a""><span class=""hit"">线性结构</span>中元素之间是一对一关系，每个元素有唯一的<span class=""hit"">直接前驱</span>和<span class=""hit"">直接后继</span>（首尾元素除外），元素按次序排列。非<span class=""hit"">线性结构</span>包括树结构（一对多层次关系，每个元素可有多个后继）和图结构（多对多网状关系，每个元素可与多个其他元素相关）。</div><div class=""ansbox"">挖空答案：<b>线性结构、直接前驱、直接后继</b></div><div class=""pg"">教材页码：P34</div>"	绪论 本章重点 13003数据结构与算法
"<div class=""top""><span class=""chip c1"">章节：绪论</span><span class=""chip c2"">本章重点</span></div><h1>数据结构的4种基本存储方法</h1><div class=""q""><span class=""blank"">______</span>的4种基本存储方法：(1)顺序存储：逻辑相邻元素存到物理相邻单元；(2)链式存储：用指针指示逻辑关系，不要求物理相邻；(3)索引存储：建立<span class=""blank"">______</span>，索引项指示元素物理位置以加快查找；(4)散列存储：根据<span class=""blank"">______</span>直接计算元素的物理存储位置。</div>"	"<div class=""top""><span class=""chip c1"">章节：绪论</span><span class=""chip c2"">本章重点</span></div><h1>数据结构的4种基本存储方法</h1><div class=""a""><span class=""hit"">数据结构</span>的4种基本存储方法：(1)顺序存储：逻辑相邻元素存到物理相邻单元；(2)链式存储：用指针指示逻辑关系，不要求物理相邻；(3)索引存储：建立<span class=""hit"">索引表</span>，索引项指示元素物理位置以加快查找；(4)散列存储：根据<span class=""hit"">关键字</span>直接计算元素的物理存储位置。</div><div class=""ansbox"">挖空答案：<b>数据结构、索引表、关键字</b></div><div class=""pg"">教材页码：P35</div>"	绪论 本章重点 13003数据结构与算法
"<div class=""top""><span class=""chip c1"">章节：绪论</span><span class=""chip c2"">本章重点</span></div><h1>算法复杂度的概念及分析方法</h1><div class=""q"">算法复杂度包括<span class=""blank"">______</span>和<span class=""blank"">______</span>。时间复杂度通过统计算法执行的语句总数得到增长函数T(n)，用<span class=""blank"">______</span>表示渐近复杂度，只关注主项。空间复杂度考虑算法运行时额外占用的存储空间。分析方法：观察循环结构，单层循环O(n)，嵌套循环O(n²)，减半循环O(logn)。</div>"	"<div class=""top""><span class=""chip c1"">章节：绪论</span><span class=""chip c2"">本章重点</span></div><h1>算法复杂度的概念及分析方法</h1><div class=""a"">算法复杂度包括<span class=""hit"">时间复杂度</span>和<span class=""hit"">空间复杂度</span>。<span class=""hit"">时间复杂度</span>通过统计算法执行的语句总数得到增长函数T(n)，用<span class=""hit"">大O表示法</span>表示渐近复杂度，只关注主项。<span class=""hit"">空间复杂度</span>考虑算法运行时额外占用的存储空间。分析方法：观察循环结构，单层循环O(n)，嵌套循环O(n²)，减半循环O(logn)。</div><div class=""ansbox"">挖空答案：<b>时间复杂度、空间复杂度、大O表示法</b></div><div class=""pg"">教材页码：P39</div>"	绪论 本章重点 13003数据结构与算法
"<div class=""top""><span class=""chip c1"">章节：绪论</span><span class=""chip c2"">本章难点</span></div><h1>算法复杂度的概念</h1><div class=""q"">算法复杂度是衡量算法效率的指标。<span class=""blank"">______</span>表示算法执行时间与问题规模的函数关系，用增长函数T(n)和<span class=""blank"">______</span>进行渐近分析；<span class=""blank"">______</span>表示算法运行时临时占用存储空间与问题规模的函数关系。分析时需考虑最优、最坏和平均情况。</div>"	"<div class=""top""><span class=""chip c1"">章节：绪论</span><span class=""chip c2"">本章难点</span></div><h1>算法复杂度的概念</h1><div class=""a"">算法复杂度是衡量算法效率的指标。<span class=""hit"">时间复杂度</span>表示算法执行时间与问题规模的函数关系，用增长函数T(n)和<span class=""hit"">大O表示法</span>进行渐近分析；<span class=""hit"">空间复杂度</span>表示算法运行时临时占用存储空间与问题规模的函数关系。分析时需考虑最优、最坏和平均情况。</div><div class=""ansbox"">挖空答案：<b>时间复杂度、大O表示法、空间复杂度</b></div><div class=""pg"">教材页码：P39</div>"	绪论 本章难点 13003数据结构与算法
"<div class=""top""><span class=""chip c1"">章节：绪论</span><span class=""chip c2"">本章难点</span></div><h1>描述算法</h1><div class=""q""><span class=""blank"">______</span>可以使用自然语言、类C语言（伪代码）或程序设计语言描述。算法描述需满足5个特性：输入（0或多个）、输出（1或多个）、有穷性、确定性、可行性。使用类C语言描述算法时需清晰表达每个步骤，确保无二义性且可执行。</div>"	"<div class=""top""><span class=""chip c1"">章节：绪论</span><span class=""chip c2"">本章难点</span></div><h1>描述算法</h1><div class=""a""><span class=""hit"">算法</span>可以使用自然语言、类C语言（伪代码）或程序设计语言描述。<span class=""hit"">算法</span>描述需满足5个特性：输入（0或多个）、输出（1或多个）、有穷性、确定性、可行性。使用类C语言描述<span class=""hit"">算法</span>时需清晰表达每个步骤，确保无二义性且可执行。</div><div class=""ansbox"">挖空答案：<b>算法</b></div><div class=""pg"">教材页码：P37</div>"	绪论 本章难点 13003数据结构与算法
"<div class=""top""><span class=""chip c1"">章节：绪论</span><span class=""chip c2"">本章难点</span></div><h1>算法复杂度的分析</h1><div class=""q"">分析算法复杂度时，通过统计程序段中基本语句的执行次数确定增长函数T(n)。观察循环结构：单层循环O(n)，嵌套循环O(n²)，while循环每次减半O(<span class=""blank"">______</span>)。取T(n)的主项，忽略常数项和系数，用<span class=""blank"">______</span>表示。需考虑最好、最坏和<span class=""blank"">______</span>。</div>"	"<div class=""top""><span class=""chip c1"">章节：绪论</span><span class=""chip c2"">本章难点</span></div><h1>算法复杂度的分析</h1><div class=""a"">分析算法复杂度时，通过统计程序段中基本语句的执行次数确定增长函数T(n)。观察循环结构：单层循环O(n)，嵌套循环O(n²)，while循环每次减半O(<span class=""hit"">logn</span>)。取T(n)的主项，忽略常数项和系数，用<span class=""hit"">大O表示法</span>表示。需考虑最好、最坏和<span class=""hit"">平均时间复杂度</span>。</div><div class=""ansbox"">挖空答案：<b>logn、大O表示法、平均时间复杂度</b></div><div class=""pg"">教材页码：P39</div>"	绪论 本章难点 13003数据结构与算法
"<div class=""top""><span class=""chip c1"">章节：绪论</span><span class=""chip c2"">本章难点</span></div><h1>使用基本的算法策略实现简单程序</h1><div class=""q"">根据问题特点选择递推、迭代、递归、贪心、<span class=""blank"">______</span>或<span class=""blank"">______</span>等策略，将问题分解为可实现的<span class=""blank"">______</span>步骤并用类C语言编写程序。关键是找到问题的递推关系或合适的分解策略，设置递归出口或迭代结束条件，确保算法满足有穷性和确定性。</div>"	"<div class=""top""><span class=""chip c1"">章节：绪论</span><span class=""chip c2"">本章难点</span></div><h1>使用基本的算法策略实现简单程序</h1><div class=""a"">根据问题特点选择递推、迭代、递归、贪心、<span class=""hit"">分治</span>或<span class=""hit"">动态规划</span>等策略，将问题分解为可实现的<span class=""hit"">算法</span>步骤并用类C语言编写程序。关键是找到问题的递推关系或合适的分解策略，设置递归出口或迭代结束条件，确保<span class=""hit"">算法</span>满足有穷性和确定性。</div><div class=""ansbox"">挖空答案：<b>分治、动态规划、算法</b></div><div class=""pg"">教材页码：P42</div>"	绪论 本章难点 13003数据结构与算法
"<div class=""top""><span class=""chip c1"">章节：绪论</span><span class=""chip c2"">课后习题</span><span class=""chip c3"">课后简答题</span></div><h1>计算机能处理哪些数据？举例说</h1><div class=""q"">在计算机科学中，<span class=""blank"">______</span>是指所有能输入计算机并被计算机程序处理的符号的<span class=""blank"">______</span>。数据不仅包括整数、实数等数值型数据，还包括源程序、文档、地图、照片、歌曲、视频等非数值型数据。例如，学生成绩表、图书信息记录、图片文件、音频视频文件等都可以被计算机处理为&quot;<span class=""blank"">______</span>&quot;。随着技术发展，数据的范畴还在不断扩大。</div>"	"<div class=""top""><span class=""chip c1"">章节：绪论</span><span class=""chip c2"">课后习题</span><span class=""chip c3"">课后简答题</span></div><h1>计算机能处理哪些数据？举例说</h1><div class=""a"">在计算机科学中，<span class=""hit"">数据</span>是指所有能输入计算机并被计算机程序处理的符号的<span class=""hit"">集合</span>。<span class=""hit"">数据</span>不仅包括整数、实数等数值型<span class=""hit"">数据</span>，还包括源程序、文档、地图、照片、歌曲、视频等非数值型<span class=""hit"">数据</span>。例如，学生成绩表、图书信息记录、图片文件、音频视频文件等都可以被计算机处理为&quot;<span class=""hit"">数据</span>&quot;。随着技术发展，<span class=""hit"">数据</span>的范畴还在不断扩大。</div><div class=""ansbox"">挖空答案：<b>数据、集合、数据</b></div><div class=""pg"">教材页码：P32</div>"	绪论 课后习题 课后简答题 13003数据结构与算法
"<div class=""top""><span class=""chip c1"">章节：绪论</span><span class=""chip c2"">课后习题</span><span class=""chip c3"">课后简答题</span></div><h1>如何理解线性结构中元素之间是一对一的关系</h1><div class=""q"">在<span class=""blank"">______</span>中，除第一个元素外，每个元素有且仅有一个<span class=""blank"">______</span>；除最后一个元素外，每个元素有且仅有一个<span class=""blank"">______</span>。任意两个相邻元素之间是简单的一对一邻接关系，不存在分支或交叉。每个元素在序列中有唯一确定的位置和次序，元素间构成有序的序列，这就是一对一关系的含义。</div>"	"<div class=""top""><span class=""chip c1"">章节：绪论</span><span class=""chip c2"">课后习题</span><span class=""chip c3"">课后简答题</span></div><h1>如何理解线性结构中元素之间是一对一的关系</h1><div class=""a"">在<span class=""hit"">线性结构</span>中，除第一个元素外，每个元素有且仅有一个<span class=""hit"">直接前驱</span>；除最后一个元素外，每个元素有且仅有一个<span class=""hit"">直接后继</span>。任意两个相邻元素之间是简单的一对一邻接关系，不存在分支或交叉。每个元素在序列中有唯一确定的位置和次序，元素间构成有序的序列，这就是一对一关系的含义。</div><div class=""ansbox"">挖空答案：<b>线性结构、直接前驱、直接后继</b></div><div class=""pg"">教材页码：P34</div>"	绪论 课后习题 课后简答题 13003数据结构与算法
"<div class=""top""><span class=""chip c1"">章节：绪论</span><span class=""chip c2"">课后习题</span><span class=""chip c3"">课后简答题</span></div><h1>定义代表交通工具的抽象数据类型vehicle，并添加必要的数据和操作</h1><div class=""q"">ADT vehicle { <span class=""blank"">______</span>部分: 名称、型号、颜色、载客量、当前速度； 操作部分: start() //启动交通工具 stop() //停止交通工具 accelerate(<span class=""blank"">______</span>) //加速到指定速度 brake() //刹车减速 getInfo() //获取交通工具信息 }</div>"	"<div class=""top""><span class=""chip c1"">章节：绪论</span><span class=""chip c2"">课后习题</span><span class=""chip c3"">课后简答题</span></div><h1>定义代表交通工具的抽象数据类型vehicle，并添加必要的数据和操作</h1><div class=""a"">ADT vehicle { <span class=""hit"">数据</span>部分: 名称、型号、颜色、载客量、当前速度； 操作部分: start() //启动交通工具 stop() //停止交通工具 accelerate(<span class=""hit"">speed</span>) //加速到指定速度 brake() //刹车减速 getInfo() //获取交通工具信息 }</div><div class=""ansbox"">挖空答案：<b>数据、speed</b></div><div class=""pg"">教材页码：P36</div>"	绪论 课后习题 课后简答题 13003数据结构与算法
"<div class=""top""><span class=""chip c1"">章节：绪论</span><span class=""chip c2"">课后习题</span><span class=""chip c3"">课后简答题</span></div><h1>定义表示复数的抽象数据类</h1><div class=""q"">ADT Complex { <span class=""blank"">______</span>部分: real; //实部 imag; //虚部操作部分: add(c1, c2) //复数加法，返回c1+c2 subtract(c1, c2) //复数减法，返回c1-c2 multiply(c1, c2) //复数乘法 modulus(c) //求复数的模，返回sqrt(real²+imag²) }</div>"	"<div class=""top""><span class=""chip c1"">章节：绪论</span><span class=""chip c2"">课后习题</span><span class=""chip c3"">课后简答题</span></div><h1>定义表示复数的抽象数据类</h1><div class=""a"">ADT Complex { <span class=""hit"">数据</span>部分: real; //实部 imag; //虚部操作部分: add(c1, c2) //复数加法，返回c1+c2 subtract(c1, c2) //复数减法，返回c1-c2 multiply(c1, c2) //复数乘法 modulus(c) //求复数的模，返回sqrt(real²+imag²) }</div><div class=""ansbox"">挖空答案：<b>数据</b></div><div class=""pg"">教材页码：P36</div>"	绪论 课后习题 课后简答题 13003数据结构与算法
"<div class=""top""><span class=""chip c1"">章节：绪论</span><span class=""chip c2"">课后习题</span><span class=""chip c3"">课后简答题</span></div><h1>为什么不使用算法的绝对运行时间来衡量算法的时间效率</h1><div class=""q"">因为执行程序所花费的时间与计算机硬件（主频、CPU芯片、操作系统等）密切相关，同一<span class=""blank"">______</span>在不同计算机上运行时间各不相同。为了屏蔽计算机的差异性，突出算法自身的特点，不能使用程序运行的绝对时间作为衡量指标。而是选择算法执行的语句总数作为衡量指标，并约定一条基本语句执行时间为1个单位。</div>"	"<div class=""top""><span class=""chip c1"">章节：绪论</span><span class=""chip c2"">课后习题</span><span class=""chip c3"">课后简答题</span></div><h1>为什么不使用算法的绝对运行时间来衡量算法的时间效率</h1><div class=""a"">因为执行程序所花费的时间与计算机硬件（主频、CPU芯片、操作系统等）密切相关，同一<span class=""hit"">算法</span>在不同计算机上运行时间各不相同。为了屏蔽计算机的差异性，突出<span class=""hit"">算法</span>自身的特点，不能使用程序运行的绝对时间作为衡量指标。而是选择<span class=""hit"">算法</span>执行的语句总数作为衡量指标，并约定一条基本语句执行时间为1个单位。</div><div class=""ansbox"">挖空答案：<b>算法</b></div><div class=""pg"">教材页码：P39</div>"	绪论 课后习题 课后简答题 13003数据结构与算法
"<div class=""top""><span class=""chip c1"">章节：绪论</span><span class=""chip c2"">课后习题</span><span class=""chip c3"">课后简答题</span></div><h1>在评估算法的空间效率时，需要考虑哪些占用的存储空间</h1><div class=""q"">在评估<span class=""blank"">______</span>的空间效率时，算法代码占用的空间和算法中初始数据占用的存储空间都不包含在内。需要考虑的是算法在运行过程中临时占用的额外存储空间，即除数据本身占据的空间以外，算法需要额外分配的空间数量。只有当额外空间依赖于<span class=""blank"">______</span>时，才考虑<span class=""blank"">______</span>。</div>"	"<div class=""top""><span class=""chip c1"">章节：绪论</span><span class=""chip c2"">课后习题</span><span class=""chip c3"">课后简答题</span></div><h1>在评估算法的空间效率时，需要考虑哪些占用的存储空间</h1><div class=""a"">在评估<span class=""hit"">算法</span>的空间效率时，<span class=""hit"">算法</span>代码占用的空间和<span class=""hit"">算法</span>中初始数据占用的存储空间都不包含在内。需要考虑的是<span class=""hit"">算法</span>在运行过程中临时占用的额外存储空间，即除数据本身占据的空间以外，<span class=""hit"">算法</span>需要额外分配的空间数量。只有当额外空间依赖于<span class=""hit"">问题规模</span>时，才考虑<span class=""hit"">空间复杂度</span>。</div><div class=""ansbox"">挖空答案：<b>算法、问题规模、空间复杂度</b></div><div class=""pg"">教材页码：P42</div>"	绪论 课后习题 课后简答题 13003数据结构与算法
"<div class=""top""><span class=""chip c1"">章节：绪论</span><span class=""chip c2"">课后习题</span><span class=""chip c3"">算法设计题</span></div><h1>试设计一个算法，使用最少的比较次数找出三个不同整数。、鼠。的中值</h1><div class=""q""><span class=""blank"">______</span>思路：通过最多3次比较找出三个数的中值。 median(a, b, c): if a &gt; b: if b &gt;= c: return b // a≥b≥c，b为中值 elif a &gt;= c: return c // a≥c&gt;b，c为中值 else: return a // c≥a&gt;b，a为中值 else: if a &gt;= c: return a // b≥a≥c，a为中值 elif b &gt;= c: return c // b≥c&gt;a，c为中值 else: return b // c≥b&gt;a，b为中值</div>"	"<div class=""top""><span class=""chip c1"">章节：绪论</span><span class=""chip c2"">课后习题</span><span class=""chip c3"">算法设计题</span></div><h1>试设计一个算法，使用最少的比较次数找出三个不同整数。、鼠。的中值</h1><div class=""a""><span class=""hit"">算法</span>思路：通过最多3次比较找出三个数的中值。 median(a, b, c): if a &gt; b: if b &gt;= c: return b // a≥b≥c，b为中值 elif a &gt;= c: return c // a≥c&gt;b，c为中值 else: return a // c≥a&gt;b，a为中值 else: if a &gt;= c: return a // b≥a≥c，a为中值 elif b &gt;= c: return c // b≥c&gt;a，c为中值 else: return b // c≥b&gt;a，b为中值</div><div class=""ansbox"">挖空答案：<b>算法</b></div><div class=""pg"">教材页码：P39</div>"	绪论 课后习题 算法设计题 13003数据结构与算法
"<div class=""top""><span class=""chip c1"">章节：绪论</span><span class=""chip c2"">课后习题</span><span class=""chip c3"">算法设计题</span></div><h1>试设计一个算法，对于给定的正整数匹列出斐波那契数列的前R项，要求该算法的空间复杂度为。(1</h1><div class=""q"">算法思路：使用<span class=""blank"">______</span>，只需两个变量保存前两项值，递推计算下一项，不需<span class=""blank"">______</span>存储全部结果，<span class=""blank"">______</span>O(1)。 fibonacci(n): if n &gt;= 1: print 1 if n &gt;= 2: print 1 prev = 1, curr = 1 for i = 3 to n: next = prev + curr print next prev = curr curr = next</div>"	"<div class=""top""><span class=""chip c1"">章节：绪论</span><span class=""chip c2"">课后习题</span><span class=""chip c3"">算法设计题</span></div><h1>试设计一个算法，对于给定的正整数匹列出斐波那契数列的前R项，要求该算法的空间复杂度为。(1</h1><div class=""a"">算法思路：使用<span class=""hit"">迭代法</span>，只需两个变量保存前两项值，递推计算下一项，不需<span class=""hit"">数组</span>存储全部结果，<span class=""hit"">空间复杂度</span>O(1)。 fibonacci(n): if n &gt;= 1: print 1 if n &gt;= 2: print 1 prev = 1, curr = 1 for i = 3 to n: next = prev + curr print next prev = curr curr = next</div><div class=""ansbox"">挖空答案：<b>迭代法、数组、空间复杂度</b></div><div class=""pg"">教材页码：P42</div>"	绪论 课后习题 算法设计题 13003数据结构与算法
"<div class=""top""><span class=""chip c1"">章节：线性表</span><span class=""chip c2"">识记</span><span class=""chip c3"">线性表的定义和基本操作</span></div><h1>线性表</h1><div class=""q"">线性表是一种<span class=""blank"">______</span>，线性表中各个元素依次排列，一个线性表 （<span class=""blank"">______</span>） 是由同类型<span class=""blank"">______</span>构成的有限序列；一般而言，由儿（八&#x27;0 ）个元素组成的线性表1 可以表示为： L- （a0,a1,,,,,an-i ） 这里，ai(0&lt;=i&lt;=n-1)是线性表中的数据元素，也称为表项。</div>"	"<div class=""top""><span class=""chip c1"">章节：线性表</span><span class=""chip c2"">识记</span><span class=""chip c3"">线性表的定义和基本操作</span></div><h1>线性表</h1><div class=""a"">线性表是一种<span class=""hit"">线性结构</span>，线性表中各个元素依次排列，一个线性表 （<span class=""hit"">linear list</span>） 是由同类型<span class=""hit"">数据元素</span>构成的有限序列；一般而言，由儿（八&#x27;0 ）个元素组成的线性表1 可以表示为： L- （a0,a1,,,,,an-i ） 这里，ai(0&lt;=i&lt;=n-1)是线性表中的<span class=""hit"">数据元素</span>，也称为表项。</div><div class=""ansbox"">挖空答案：<b>线性结构、linear list、数据元素</b></div><div class=""pg"">教材页码：P51</div>"	线性表 识记 线性表的定义和基本操作 13003数据结构与算法
"<div class=""top""><span class=""chip c1"">章节：线性表</span><span class=""chip c2"">识记</span><span class=""chip c3"">线性表的定义和基本操作</span></div><h1>表长</h1><div class=""q"">元素的个数N称为<span class=""blank"">______</span></div>"	"<div class=""top""><span class=""chip c1"">章节：线性表</span><span class=""chip c2"">识记</span><span class=""chip c3"">线性表的定义和基本操作</span></div><h1>表长</h1><div class=""a"">元素的个数N称为<span class=""hit"">表长</span></div><div class=""ansbox"">挖空答案：<b>表长</b></div><div class=""pg"">教材页码：P51</div>"	线性表 识记 线性表的定义和基本操作 13003数据结构与算法
"<div class=""top""><span class=""chip c1"">章节：线性表</span><span class=""chip c2"">识记</span><span class=""chip c3"">线性表的定义和基本操作</span></div><h1>表头元素</h1><div class=""q""><span class=""blank"">______</span>中的第一个元素</div>"	"<div class=""top""><span class=""chip c1"">章节：线性表</span><span class=""chip c2"">识记</span><span class=""chip c3"">线性表的定义和基本操作</span></div><h1>表头元素</h1><div class=""a""><span class=""hit"">线性表</span>中的第一个元素</div><div class=""ansbox"">挖空答案：<b>线性表</b></div><div class=""pg"">教材页码：P51</div>"	线性表 识记 线性表的定义和基本操作 13003数据结构与算法
"<div class=""top""><span class=""chip c1"">章节：线性表</span><span class=""chip c2"">识记</span><span class=""chip c3"">线性表的定义和基本操作</span></div><h1>表尾元素</h1><div class=""q""><span class=""blank"">______</span>中的最后一个元素</div>"	"<div class=""top""><span class=""chip c1"">章节：线性表</span><span class=""chip c2"">识记</span><span class=""chip c3"">线性表的定义和基本操作</span></div><h1>表尾元素</h1><div class=""a""><span class=""hit"">线性表</span>中的最后一个元素</div><div class=""ansbox"">挖空答案：<b>线性表</b></div><div class=""pg"">教材页码：P51</div>"	线性表 识记 线性表的定义和基本操作 13003数据结构与算法
"<div class=""top""><span class=""chip c1"">章节：线性表</span><span class=""chip c2"">识记</span><span class=""chip c3"">线性表的定义和基本操作</span></div><h1>直接前驱</h1><div class=""q"">排在每个<span class=""blank"">______</span>前面的元素是唯一的，称为直接前驱</div>"	"<div class=""top""><span class=""chip c1"">章节：线性表</span><span class=""chip c2"">识记</span><span class=""chip c3"">线性表的定义和基本操作</span></div><h1>直接前驱</h1><div class=""a"">排在每个<span class=""hit"">数据元素</span>前面的元素是唯一的，称为直接前驱</div><div class=""ansbox"">挖空答案：<b>数据元素</b></div><div class=""pg"">教材页码：P51</div>"	线性表 识记 线性表的定义和基本操作 13003数据结构与算法
"<div class=""top""><span class=""chip c1"">章节：线性表</span><span class=""chip c2"">识记</span><span class=""chip c3"">线性表的定义和基本操作</span></div><h1>直接后继</h1><div class=""q"">排在每个<span class=""blank"">______</span>后面的元素也是唯一的，称为直接后继</div>"	"<div class=""top""><span class=""chip c1"">章节：线性表</span><span class=""chip c2"">识记</span><span class=""chip c3"">线性表的定义和基本操作</span></div><h1>直接后继</h1><div class=""a"">排在每个<span class=""hit"">数据元素</span>后面的元素也是唯一的，称为直接后继</div><div class=""ansbox"">挖空答案：<b>数据元素</b></div><div class=""pg"">教材页码：P51</div>"	线性表 识记 线性表的定义和基本操作 13003数据结构与算法
"<div class=""top""><span class=""chip c1"">章节：线性表</span><span class=""chip c2"">识记</span><span class=""chip c3"">线性表的定义和基本操作</span></div><h1>前驱</h1><div class=""q""><span class=""blank"">______</span>的简称</div>"	"<div class=""top""><span class=""chip c1"">章节：线性表</span><span class=""chip c2"">识记</span><span class=""chip c3"">线性表的定义和基本操作</span></div><h1>前驱</h1><div class=""a""><span class=""hit"">直接前驱</span>的简称</div><div class=""ansbox"">挖空答案：<b>直接前驱</b></div><div class=""pg"">教材页码：P51</div>"	线性表 识记 线性表的定义和基本操作 13003数据结构与算法
"<div class=""top""><span class=""chip c1"">章节：线性表</span><span class=""chip c2"">识记</span><span class=""chip c3"">线性表的定义和基本操作</span></div><h1>后继</h1><div class=""q""><span class=""blank"">______</span>的简称</div>"	"<div class=""top""><span class=""chip c1"">章节：线性表</span><span class=""chip c2"">识记</span><span class=""chip c3"">线性表的定义和基本操作</span></div><h1>后继</h1><div class=""a""><span class=""hit"">直接后继</span>的简称</div><div class=""ansbox"">挖空答案：<b>直接后继</b></div><div class=""pg"">教材页码：P51</div>"	线性表 识记 线性表的定义和基本操作 13003数据结构与算法
"<div class=""top""><span class=""chip c1"">章节：线性表</span><span class=""chip c2"">识记</span><span class=""chip c3"">线性表的定义和基本操作</span></div><h1>有序表</h1><div class=""q"">表中元素的值按<span class=""blank"">______</span>顺序递增或递减排列 ，即按值的 “<span class=""blank"">______</span>”有序排列，则<span class=""blank"">______</span>称为有序表。这个 “序”指的是大小有序</div>"	"<div class=""top""><span class=""chip c1"">章节：线性表</span><span class=""chip c2"">识记</span><span class=""chip c3"">线性表的定义和基本操作</span></div><h1>有序表</h1><div class=""a"">表中元素的值按<span class=""hit"">位置</span>顺序递增或递减排列 ，即按值的 “<span class=""hit"">大小</span>”有序排列，则<span class=""hit"">线性表</span>称为有序表。这个 “序”指的是<span class=""hit"">大小</span>有序</div><div class=""ansbox"">挖空答案：<b>位置、大小、线性表</b></div><div class=""pg"">教材页码：P51</div>"	线性表 识记 线性表的定义和基本操作 13003数据结构与算法
"<div class=""top""><span class=""chip c1"">章节：线性表</span><span class=""chip c2"">识记</span><span class=""chip c3"">线性表的定义和基本操作</span></div><h1>无序表</h1><div class=""q"">表中元素的值不满足按<span class=""blank"">______</span>顺序递增或递减关系的<span class=""blank"">______</span>则称为无序表</div>"	"<div class=""top""><span class=""chip c1"">章节：线性表</span><span class=""chip c2"">识记</span><span class=""chip c3"">线性表的定义和基本操作</span></div><h1>无序表</h1><div class=""a"">表中元素的值不满足按<span class=""hit"">位置</span>顺序递增或递减关系的<span class=""hit"">线性表</span>则称为无序表</div><div class=""ansbox"">挖空答案：<b>位置、线性表</b></div><div class=""pg"">教材页码：P51</div>"	线性表 识记 线性表的定义和基本操作 13003数据结构与算法
"<div class=""top""><span class=""chip c1"">章节：线性表</span><span class=""chip c2"">领会</span><span class=""chip c3"">线性表的定义和基本操作</span></div><h1>线性表的抽象数据类型定义</h1><div class=""q"">ADT LinearList{ 数据部分： L； //<span class=""blank"">______</span>操作部分： int initList(LinearList *L); //初始化线性表，创建一个<span class=""blank"">______</span>L int clear (LinearList *L); //将表L置空 int isEmpty (LinearList *L); //如果表L为空，则返回1，否则返回0 int isFull (LinearList *L); //如果表L为满，则返回1，否则返回0 int length (LinearList *L); //返回表L的当前<span class=""blank"">______</span>int inserList (LinearList *L, Position pos, ElemType *x); //在表L的位置pos处插入元素x int removelist (LinearList *L, Position pos, ElemType *x); //删除表L的位置pos处的元素,并通过x返回 int setValue (LinearList *L, Position pos, ElemType *x); //给表L的位置pos处的元素赋值x int getVllue (LinearList *L, Position pos, ElemType *x); //返回表L的位置pos处的元素 Position find (LinearList *L, ElemType *x); //返回元素x在表L中第一次出现的位置 }</div>"	"<div class=""top""><span class=""chip c1"">章节：线性表</span><span class=""chip c2"">领会</span><span class=""chip c3"">线性表的定义和基本操作</span></div><h1>线性表的抽象数据类型定义</h1><div class=""a"">ADT LinearList{ 数据部分： L； //<span class=""hit"">线性表</span>操作部分： int initList(LinearList *L); //初始化<span class=""hit"">线性表</span>，创建一个<span class=""hit"">空表</span>L int clear (LinearList *L); //将表L置空 int isEmpty (LinearList *L); //如果表L为空，则返回1，否则返回0 int isFull (LinearList *L); //如果表L为满，则返回1，否则返回0 int length (LinearList *L); //返回表L的当前<span class=""hit"">长度</span>int inserList (LinearList *L, Position pos, ElemType *x); //在表L的位置pos处插入元素x int removelist (LinearList *L, Position pos, ElemType *x); //删除表L的位置pos处的元素,并通过x返回 int setValue (LinearList *L, Position pos, ElemType *x); //给表L的位置pos处的元素赋值x int getVllue (LinearList *L, Position pos, ElemType *x); //返回表L的位置pos处的元素 Position find (LinearList *L, ElemType *x); //返回元素x在表L中第一次出现的位置 }</div><div class=""ansbox"">挖空答案：<b>线性表、空表、长度</b></div><div class=""pg"">教材页码：P52</div>"	线性表 领会 线性表的定义和基本操作 13003数据结构与算法
"<div class=""top""><span class=""chip c1"">章节：线性表</span><span class=""chip c2"">领会</span><span class=""chip c3"">线性表的定义和基本操作</span></div><h1>线性表中元素之间的逻辑关系</h1><div class=""q"">一对一（1:1）的线性关系。 具体特征如下： 有序性元素之间具有严格的先后次序，构成一个有限的序列。每个元素在表中的位置反映了其逻辑次序。 前驱与后继除第一个元素（表头）外，每个元素有且仅有一个<span class=""blank"">______</span>； 除最后一个元素（<span class=""blank"">______</span>）外，每个元素有且仅有一个<span class=""blank"">______</span>。 邻接关系的唯一性任意两个相邻元素之间都是简单的一对一邻接，不存在分支或交叉。</div>"	"<div class=""top""><span class=""chip c1"">章节：线性表</span><span class=""chip c2"">领会</span><span class=""chip c3"">线性表的定义和基本操作</span></div><h1>线性表中元素之间的逻辑关系</h1><div class=""a"">一对一（1:1）的线性关系。 具体特征如下： 有序性元素之间具有严格的先后次序，构成一个有限的序列。每个元素在表中的位置反映了其逻辑次序。 前驱与后继除第一个元素（表头）外，每个元素有且仅有一个<span class=""hit"">直接前驱</span>； 除最后一个元素（<span class=""hit"">表尾</span>）外，每个元素有且仅有一个<span class=""hit"">直接后继</span>。 邻接关系的唯一性任意两个相邻元素之间都是简单的一对一邻接，不存在分支或交叉。</div><div class=""ansbox"">挖空答案：<b>直接前驱、表尾、直接后继</b></div><div class=""pg"">教材页码：P51</div>"	线性表 领会 线性表的定义和基本操作 13003数据结构与算法
"<div class=""top""><span class=""chip c1"">章节：线性表</span><span class=""chip c2"">领会</span><span class=""chip c3"">线性表的定义和基本操作</span></div><h1>线性表中位置的含义</h1><div class=""q""><span class=""blank"">______</span>中的位置本质上是逻辑位序，它描述了元素在序列中的先后顺序，与具体的存储方式无关。在<span class=""blank"">______</span>中它恰好与<span class=""blank"">______</span>重合，在链表中则完全是一个需要通过遍历实现的逻辑概念</div>"	"<div class=""top""><span class=""chip c1"">章节：线性表</span><span class=""chip c2"">领会</span><span class=""chip c3"">线性表的定义和基本操作</span></div><h1>线性表中位置的含义</h1><div class=""a""><span class=""hit"">线性表</span>中的位置本质上是逻辑位序，它描述了元素在序列中的先后顺序，与具体的存储方式无关。在<span class=""hit"">顺序表</span>中它恰好与<span class=""hit"">数组下标</span>重合，在链表中则完全是一个需要通过遍历实现的逻辑概念</div><div class=""ansbox"">挖空答案：<b>线性表、顺序表、数组下标</b></div><div class=""pg"">教材页码：P51</div>"	线性表 领会 线性表的定义和基本操作 13003数据结构与算法
"<div class=""top""><span class=""chip c1"">章节：线性表</span><span class=""chip c2"">领会</span><span class=""chip c3"">线性表的定义和基本操作</span></div><h1>线性表的特点</h1><div class=""q""><span class=""blank"">______</span>有3 个特点，分别是： （1） 所有元素属于同一个类型。 （2） 元素个数是有限的。 （3） 各元素之间不一定有大小关系，但一定有次序关系</div>"	"<div class=""top""><span class=""chip c1"">章节：线性表</span><span class=""chip c2"">领会</span><span class=""chip c3"">线性表的定义和基本操作</span></div><h1>线性表的特点</h1><div class=""a""><span class=""hit"">线性表</span>有3 个特点，分别是： （1） 所有元素属于同一个类型。 （2） 元素个数是有限的。 （3） 各元素之间不一定有大小关系，但一定有次序关系</div><div class=""ansbox"">挖空答案：<b>线性表</b></div><div class=""pg"">教材页码：P51</div>"	线性表 领会 线性表的定义和基本操作 13003数据结构与算法
"<div class=""top""><span class=""chip c1"">章节：线性表</span><span class=""chip c2"">领会</span><span class=""chip c3"">线性表的定义和基本操作</span></div><h1>线性表各基本操作的含义</h1><div class=""q"">向<span class=""blank"">______</span>中添加新元素、从线性表中删除某个元素、求线性表的表长、求线性表中某元素的<span class=""blank"">______</span>或<span class=""blank"">______</span>、判断线性表是否为空、判断线性表是否为满、按位置查找元素、查找某元素所在位置等</div>"	"<div class=""top""><span class=""chip c1"">章节：线性表</span><span class=""chip c2"">领会</span><span class=""chip c3"">线性表的定义和基本操作</span></div><h1>线性表各基本操作的含义</h1><div class=""a"">向<span class=""hit"">线性表</span>中添加新元素、从<span class=""hit"">线性表</span>中删除某个元素、求<span class=""hit"">线性表</span>的表长、求<span class=""hit"">线性表</span>中某元素的<span class=""hit"">直接前驱</span>或<span class=""hit"">直接后继</span>、判断<span class=""hit"">线性表</span>是否为空、判断<span class=""hit"">线性表</span>是否为满、按位置查找元素、查找某元素所在位置等</div><div class=""ansbox"">挖空答案：<b>线性表、直接前驱、直接后继</b></div><div class=""pg"">教材页码：P52</div>"	线性表 领会 线性表的定义和基本操作 13003数据结构与算法
"<div class=""top""><span class=""chip c1"">章节：线性表</span><span class=""chip c2"">简单应用</span><span class=""chip c3"">线性表的定义和基本操作</span></div><h1>基于线性表的逻辑定义，给出相关操作结果的逻辑表示</h1><div class=""q"">操作前置条件 (<span class=""blank"">______</span>) 后置条件 / 结果 (Postcondition / Result) 返回值 initList(L) — (L=();\land;n=0)（构造空表） 1 clear(L) — (L=();\land;n=0)（重置为空表） 1 isEmpty(L) — ((n=0)\to 1,;(n&gt;0)\to 0) 0 或 1 isFull(L) — ((n=\text{MaxSize})\to 1,;(n&lt;\text{MaxSize})\to 0) 0 或 1 length(L) — 返回当前<span class=""blank"">______</span>(n) (n) inserList(L,pos,x) (1\le \text{pos}\le n+1;\land;n&lt;\text{MaxSize}) 设原表 (L=(a_1,\dots,a_{\text{pos}-1},a_{\text{pos}},\dots,a_n))，则 (L&#x27;=(a_1,\dots,a_{\text{pos}-1},,v,,a_{\text{pos}},\dots,a_n)) 且 (n&#x27;=n+1)。形式化： (\forall j(1\le j&lt;\text{pos}):a&#x27;_j=a_j) (a&#x27;_{\text{pos}}=v) (\forall j(\text{pos}&lt;j\le n+1):a&#x27;j=a{j-1}) 条件满足为 1，否则为 0 removelist(L,pos,x) (1\le \text{pos}\le n;\land;n&gt;0) (*x=a_{\text{pos}})（通过 x 返回被删值），且 (L&#x27;=(a_1,\dots,a_{\text{pos}-1},,a_{\text{pos}+1},\dots,a_n)) 且 (n&#x27;=n-1)。形式化： (\forall j(1\le j&lt;\text{pos}):a&#x27;_j=a_j) (\forall j(\text{pos}\le j\le n-1):a&#x27;j=a{j+1}) 条件满足为 1，否则为 0 setValue(L,pos,x) (1\le \text{pos}\le n) (a&#x27;_{\text{pos}}=v)，其余元素及长度不变： (\forall j(1\le j\le n\land j\ne\text{pos}):a&#x27;_j=a_j,;n&#x27;=n) 条件满足为 1，否则为 0 getVllue(L,pos,x) (1\le \text{pos}\le n) (*x=a_{\text{pos}})，表状态不变 (L&#x27;=L) 条件满足为 1，否则为 0 find(L,x) — 若 (\exists i,(1\le i\le n\land a_i=v))，返回满足条件的最小<span class=""blank"">______</span>(i)（作为 Position）；否则返回 0（表示未找到）。 Position</div>"	"<div class=""top""><span class=""chip c1"">章节：线性表</span><span class=""chip c2"">简单应用</span><span class=""chip c3"">线性表的定义和基本操作</span></div><h1>基于线性表的逻辑定义，给出相关操作结果的逻辑表示</h1><div class=""a"">操作前置条件 (<span class=""hit"">Precondition</span>) 后置条件 / 结果 (Postcondition / Result) 返回值 initList(L) — (L=();\land;n=0)（构造空表） 1 clear(L) — (L=();\land;n=0)（重置为空表） 1 isEmpty(L) — ((n=0)\to 1,;(n&gt;0)\to 0) 0 或 1 isFull(L) — ((n=\text{MaxSize})\to 1,;(n&lt;\text{MaxSize})\to 0) 0 或 1 length(L) — 返回当前<span class=""hit"">表长</span>(n) (n) inserList(L,pos,x) (1\le \text{pos}\le n+1;\land;n&lt;\text{MaxSize}) 设原表 (L=(a_1,\dots,a_{\text{pos}-1},a_{\text{pos}},\dots,a_n))，则 (L&#x27;=(a_1,\dots,a_{\text{pos}-1},,v,,a_{\text{pos}},\dots,a_n)) 且 (n&#x27;=n+1)。形式化： (\forall j(1\le j&lt;\text{pos}):a&#x27;_j=a_j) (a&#x27;_{\text{pos}}=v) (\forall j(\text{pos}&lt;j\le n+1):a&#x27;j=a{j-1}) 条件满足为 1，否则为 0 removelist(L,pos,x) (1\le \text{pos}\le n;\land;n&gt;0) (*x=a_{\text{pos}})（通过 x 返回被删值），且 (L&#x27;=(a_1,\dots,a_{\text{pos}-1},,a_{\text{pos}+1},\dots,a_n)) 且 (n&#x27;=n-1)。形式化： (\forall j(1\le j&lt;\text{pos}):a&#x27;_j=a_j) (\forall j(\text{pos}\le j\le n-1):a&#x27;j=a{j+1}) 条件满足为 1，否则为 0 setValue(L,pos,x) (1\le \text{pos}\le n) (a&#x27;_{\text{pos}}=v)，其余元素及长度不变： (\forall j(1\le j\le n\land j\ne\text{pos}):a&#x27;_j=a_j,;n&#x27;=n) 条件满足为 1，否则为 0 getVllue(L,pos,x) (1\le \text{pos}\le n) (*x=a_{\text{pos}})，表状态不变 (L&#x27;=L) 条件满足为 1，否则为 0 find(L,x) — 若 (\exists i,(1\le i\le n\land a_i=v))，返回满足条件的最小<span class=""hit"">位置</span>(i)（作为 Position）；否则返回 0（表示未找到）。 Position</div><div class=""ansbox"">挖空答案：<b>Precondition、表长、位置</b></div><div class=""pg"">教材页码：P53</div>"	线性表 简单应用 线性表的定义和基本操作 13003数据结构与算法
"<div class=""top""><span class=""chip c1"">章节：线性表</span><span class=""chip c2"">识记</span><span class=""chip c3"">线性表的顺序存储及实现</span></div><h1>顺序表</h1><div class=""q"">使用顺序<span class=""blank"">______</span>保存的<span class=""blank"">______</span>称为顺序表;顺序存储使用一组连续的存储单元依次存储各个元素</div>"	"<div class=""top""><span class=""chip c1"">章节：线性表</span><span class=""chip c2"">识记</span><span class=""chip c3"">线性表的顺序存储及实现</span></div><h1>顺序表</h1><div class=""a"">使用顺序<span class=""hit"">存储结构</span>保存的<span class=""hit"">线性表</span>称为顺序表;顺序存储使用一组连续的存储单元依次存储各个元素</div><div class=""ansbox"">挖空答案：<b>存储结构、线性表</b></div><div class=""pg"">教材页码：P53</div>"	线性表 识记 线性表的顺序存储及实现 13003数据结构与算法
"<div class=""top""><span class=""chip c1"">章节：线性表</span><span class=""chip c2"">识记</span><span class=""chip c3"">线性表的顺序存储及实现</span></div><h1>位置</h1><div class=""q""><span class=""blank"">______</span>中的位置使用从0开始的连续非负整数表示，<span class=""blank"">______</span>a0的位置为0，ai的位置为i。位置本质上是逻辑位序，描述元素在序列中的先后顺序。位置值决定了元素在表中的逻辑次序。</div>"	"<div class=""top""><span class=""chip c1"">章节：线性表</span><span class=""chip c2"">识记</span><span class=""chip c3"">线性表的顺序存储及实现</span></div><h1>位置</h1><div class=""a""><span class=""hit"">线性表</span>中的位置使用从0开始的连续非负整数表示，<span class=""hit"">表头元素</span>a0的位置为0，ai的位置为i。位置本质上是逻辑位序，描述元素在序列中的先后顺序。位置值决定了元素在表中的逻辑次序。</div><div class=""ansbox"">挖空答案：<b>线性表、表头元素</b></div><div class=""pg"">教材页码：P51</div>"	线性表 识记 线性表的顺序存储及实现 13003数据结构与算法
"<div class=""top""><span class=""chip c1"">章节：线性表</span><span class=""chip c2"">领会</span><span class=""chip c3"">线性表的顺序存储及实现</span></div><h1>顺序存储的基本思想</h1><div class=""q"">顺序<span class=""blank"">______</span>就是将<span class=""blank"">______</span>中的各<span class=""blank"">______</span>，按照其逻辑次序，依次保存到数组中</div>"	"<div class=""top""><span class=""chip c1"">章节：线性表</span><span class=""chip c2"">领会</span><span class=""chip c3"">线性表的顺序存储及实现</span></div><h1>顺序存储的基本思想</h1><div class=""a"">顺序<span class=""hit"">存储结构</span>就是将<span class=""hit"">线性表</span>中的各<span class=""hit"">数据元素</span>，按照其逻辑次序，依次保存到数组中</div><div class=""ansbox"">挖空答案：<b>存储结构、线性表、数据元素</b></div><div class=""pg"">教材页码：P53</div>"	线性表 领会 线性表的顺序存储及实现 13003数据结构与算法
"<div class=""top""><span class=""chip c1"">章节：线性表</span><span class=""chip c2"">领会</span><span class=""chip c3"">线性表的顺序存储及实现</span></div><h1>随机访问的含义</h1><div class=""q""><span class=""blank"">______</span>中的访问方式称为随机访问方式，其含义是，只要给定<span class=""blank"">______</span>，就能立即计算出相应元素的存储地址，并据此访问该元素。</div>"	"<div class=""top""><span class=""chip c1"">章节：线性表</span><span class=""chip c2"">领会</span><span class=""chip c3"">线性表的顺序存储及实现</span></div><h1>随机访问的含义</h1><div class=""a""><span class=""hit"">顺序表</span>中的访问方式称为随机访问方式，其含义是，只要给定<span class=""hit"">数组下标</span>，就能立即计算出相应元素的存储地址，并据此访问该元素。</div><div class=""ansbox"">挖空答案：<b>顺序表、数组下标</b></div><div class=""pg"">教材页码：P54</div>"	线性表 领会 线性表的顺序存储及实现 13003数据结构与算法
"<div class=""top""><span class=""chip c1"">章节：线性表</span><span class=""chip c2"">领会</span><span class=""chip c3"">线性表的顺序存储及实现</span></div><h1>操作位置</h1><div class=""q"">在<span class=""blank"">______</span>操作中，操作位置是指进行插入或删除操作的位置值pos。对于<span class=""blank"">______</span>，pos必须是合理非负整数：插入时pos介于0和n之间（n+1个合理值），删除时pos介于0和n-1之间。对于链表，操作位置也从0开始计数，但需从头遍历找到对应<span class=""blank"">______</span>。</div>"	"<div class=""top""><span class=""chip c1"">章节：线性表</span><span class=""chip c2"">领会</span><span class=""chip c3"">线性表的顺序存储及实现</span></div><h1>操作位置</h1><div class=""a"">在<span class=""hit"">线性表</span>操作中，操作位置是指进行插入或删除操作的位置值pos。对于<span class=""hit"">顺序表</span>，pos必须是合理非负整数：插入时pos介于0和n之间（n+1个合理值），删除时pos介于0和n-1之间。对于链表，操作位置也从0开始计数，但需从头遍历找到对应<span class=""hit"">结点</span>。</div><div class=""ansbox"">挖空答案：<b>线性表、顺序表、结点</b></div><div class=""pg"">教材页码：P57</div>"	线性表 领会 线性表的顺序存储及实现 13003数据结构与算法
"<div class=""top""><span class=""chip c1"">章节：线性表</span><span class=""chip c2"">领会</span><span class=""chip c3"">线性表的顺序存储及实现</span></div><h1>表空</h1><div class=""q"">所含的元素个数为零</div>"	"<div class=""top""><span class=""chip c1"">章节：线性表</span><span class=""chip c2"">领会</span><span class=""chip c3"">线性表的顺序存储及实现</span></div><h1>表空</h1><div class=""a"">所含的元素个数为零</div><div class=""pg"">教材页码：P56</div>"	线性表 领会 线性表的顺序存储及实现 13003数据结构与算法
"<div class=""top""><span class=""chip c1"">章节：线性表</span><span class=""chip c2"">领会</span><span class=""chip c3"">线性表的顺序存储及实现</span></div><h1>表满</h1><div class=""q"">表满是指<span class=""blank"">______</span>中<span class=""blank"">______</span>元素个数已达到最大容量maxSize，无法再插入新元素。用整型变量n记录当前元素个数，当n等于maxSize时表为满。链表中只要系统能<span class=""blank"">______</span>结点空间就不会满，分配失败即视为满。</div>"	"<div class=""top""><span class=""chip c1"">章节：线性表</span><span class=""chip c2"">领会</span><span class=""chip c3"">线性表的顺序存储及实现</span></div><h1>表满</h1><div class=""a"">表满是指<span class=""hit"">顺序表</span>中<span class=""hit"">数组</span>元素个数已达到最大容量maxSize，无法再插入新元素。用整型变量n记录当前元素个数，当n等于maxSize时表为满。链表中只要系统能<span class=""hit"">分配</span>结点空间就不会满，<span class=""hit"">分配</span>失败即视为满。</div><div class=""ansbox"">挖空答案：<b>顺序表、数组、分配</b></div><div class=""pg"">教材页码：P57</div>"	线性表 领会 线性表的顺序存储及实现 13003数据结构与算法
"<div class=""top""><span class=""chip c1"">章节：线性表</span><span class=""chip c2"">领会</span><span class=""chip c3"">线性表的顺序存储及实现</span></div><h1>长度</h1><div class=""q"">元素的个数代表表的<span class=""blank"">______</span></div>"	"<div class=""top""><span class=""chip c1"">章节：线性表</span><span class=""chip c2"">领会</span><span class=""chip c3"">线性表的顺序存储及实现</span></div><h1>长度</h1><div class=""a"">元素的个数代表表的<span class=""hit"">长度</span></div><div class=""ansbox"">挖空答案：<b>长度</b></div><div class=""pg"">教材页码：P56</div>"	线性表 领会 线性表的顺序存储及实现 13003数据结构与算法
"<div class=""top""><span class=""chip c1"">章节：线性表</span><span class=""chip c2"">简单应用</span><span class=""chip c3"">线性表的顺序存储及实现</span></div><h1>下标地址计算</h1><div class=""q"">下标从0开始一直到n-1 代表n个元素</div>"	"<div class=""top""><span class=""chip c1"">章节：线性表</span><span class=""chip c2"">简单应用</span><span class=""chip c3"">线性表的顺序存储及实现</span></div><h1>下标地址计算</h1><div class=""a"">下标从0开始一直到n-1 代表n个元素</div><div class=""pg"">教材页码：P54</div>"	线性表 简单应用 线性表的顺序存储及实现 13003数据结构与算法
"<div class=""top""><span class=""chip c1"">章节：线性表</span><span class=""chip c2"">简单应用</span><span class=""chip c3"">线性表的顺序存储及实现</span></div><h1>顺序表基本操作的实现</h1><div class=""q"">//顺序表的实现 #define TURE 1 #define FALSE 0 #define ERROR -1 #ifndef maxSize #define maxSize 100 #endif typedef int ElemType; typedef struct { ElemType element [maxSize]; int n; } SeqList typedef SeqList LinearList; typedef int Position; int initList (SeqList *L) { L-&gt;n = 0; return TRUE; } int clear (SeqList *L) { L-&gt;n = 0; return TRUE; } int isEmpty (SeqList *L) { if (L-&gt;n == 0) return TRUE; else return FALSE; } int isFull (SeqList *L) { if (L-&gt;n == maxSize) return TRUE; else return FALSE; } int length (SeqList *L) { return L-&gt;n; } int insertList (SeqList *L, Position pos, ElemType x) { //平均移动n/2次 int i = 0; if (isFull(L) == TRUE) return FALSE; //表满 if (pos &lt; 0 || pos &gt; L-&gt;n) return FALSE; //位置错误 for (i = L-&gt;n;i &gt;pos; i--) { L-&gt;element[i] = L-&gt;element[i-1]; //移动元素 } L-&gt;element[i] = x; l-&gt;n++ return TRUE; } int removeList (SeqList *L, Position pos, ElemType x) { //平均移动(n-1)/2次 int i = 0; int i = 0; if (isFull(L) == TRUE) return FALSE; //表满 if (pos &lt; 0 || pos &gt; L-&gt;n) return FALSE; //位置错误 for (i = pos;i &gt;L-&gt;n-1; i++) { L-&gt;element[i] = L-&gt;element[i+1]; //移动元素 } l-&gt;n-- return TRUE; } int setValue (SeqList *L ,Position pos, ElemType x) { if (pos &lt; 0 || pos &gt; L-&gt;n) return FALSE; //位置错误 L-&gt;element[pos]=x; return TRUE; } int getVllue (SeqList *L, Position pos, ElemType *x) { if (pos &lt; 0 || pos &gt; L-&gt;n) return FALSE; //位置错误 *x = L-&gt;element[pos]; return x; } Position find (SeqList *L, ElemType x) { int i = 0 ; for (i=0; i&lt;L-&gt;n;I++) { if (L-&gt;element[i] == x) return i; } return ERROR; } void displayList (SeqList *L) { int i; if (L-&gt;0 == 0) printf(&quot;<span class=""blank"">______</span>&quot;); else { printf (&quot;<span class=""blank"">______</span>&quot;, L-&gt;n); for (i = 0;i &lt; L-&gt;n;i++){ printf( &quot;<span class=""blank"">______</span>&quot;, L-&gt;element[i]); } printf( &quot;\n&quot;); } } void swap (ElemType *x, ElemType *y) { ElemType tmp; tmp = *x; *x = *y; *y = tmp; } int reverse (SeqList *L) //将顺序表L逆置 { int i, len = L-&gt;n; if (len == 0 ) return TRUE; for (i = 0; i &lt;len/2;i++) swap(&amp;(L-&gt;element[i]),&amp;(L-&gt;element[len-i-1])); return TRUE; }</div>"	"<div class=""top""><span class=""chip c1"">章节：线性表</span><span class=""chip c2"">简单应用</span><span class=""chip c3"">线性表的顺序存储及实现</span></div><h1>顺序表基本操作的实现</h1><div class=""a"">//顺序表的实现 #define TURE 1 #define FALSE 0 #define ERROR -1 #ifndef maxSize #define maxSize 100 #endif typedef int ElemType; typedef struct { ElemType element [maxSize]; int n; } SeqList typedef SeqList LinearList; typedef int Position; int initList (SeqList *L) { L-&gt;n = 0; return TRUE; } int clear (SeqList *L) { L-&gt;n = 0; return TRUE; } int isEmpty (SeqList *L) { if (L-&gt;n == 0) return TRUE; else return FALSE; } int isFull (SeqList *L) { if (L-&gt;n == maxSize) return TRUE; else return FALSE; } int length (SeqList *L) { return L-&gt;n; } int insertList (SeqList *L, Position pos, ElemType x) { //平均移动n/2次 int i = 0; if (isFull(L) == TRUE) return FALSE; //表满 if (pos &lt; 0 || pos &gt; L-&gt;n) return FALSE; //位置错误 for (i = L-&gt;n;i &gt;pos; i--) { L-&gt;element[i] = L-&gt;element[i-1]; //移动元素 } L-&gt;element[i] = x; l-&gt;n++ return TRUE; } int removeList (SeqList *L, Position pos, ElemType x) { //平均移动(n-1)/2次 int i = 0; int i = 0; if (isFull(L) == TRUE) return FALSE; //表满 if (pos &lt; 0 || pos &gt; L-&gt;n) return FALSE; //位置错误 for (i = pos;i &gt;L-&gt;n-1; i++) { L-&gt;element[i] = L-&gt;element[i+1]; //移动元素 } l-&gt;n-- return TRUE; } int setValue (SeqList *L ,Position pos, ElemType x) { if (pos &lt; 0 || pos &gt; L-&gt;n) return FALSE; //位置错误 L-&gt;element[pos]=x; return TRUE; } int getVllue (SeqList *L, Position pos, ElemType *x) { if (pos &lt; 0 || pos &gt; L-&gt;n) return FALSE; //位置错误 *x = L-&gt;element[pos]; return x; } Position find (SeqList *L, ElemType x) { int i = 0 ; for (i=0; i&lt;L-&gt;n;I++) { if (L-&gt;element[i] == x) return i; } return ERROR; } void displayList (SeqList *L) { int i; if (L-&gt;0 == 0) printf(&quot;<span class=""hit"">this is Empty LIST\n</span>&quot;); else { printf (&quot;<span class=""hit"">这是包含%d 个元素算个数的顺序表。\n</span>&quot;, L-&gt;n); for (i = 0;i &lt; L-&gt;n;i++){ printf( &quot;<span class=""hit"">%d ,</span>&quot;, L-&gt;element[i]); } printf( &quot;\n&quot;); } } void swap (ElemType *x, ElemType *y) { ElemType tmp; tmp = *x; *x = *y; *y = tmp; } int reverse (SeqList *L) //将顺序表L逆置 { int i, len = L-&gt;n; if (len == 0 ) return TRUE; for (i = 0; i &lt;len/2;i++) swap(&amp;(L-&gt;element[i]),&amp;(L-&gt;element[len-i-1])); return TRUE; }</div><div class=""ansbox"">挖空答案：<b>this is Empty LIST\n、这是包含%d 个元素算个数的顺序表。\n、%d ,</b></div><div class=""pg"">教材页码：P56</div>"	线性表 简单应用 线性表的顺序存储及实现 13003数据结构与算法
"<div class=""top""><span class=""chip c1"">章节：线性表</span><span class=""chip c2"">简单应用</span><span class=""chip c3"">线性表的顺序存储及实现</span></div><h1>顺序表基本操作的前提条件及时间复杂度分析</h1><div class=""q"">判断<span class=""blank"">______</span>和<span class=""blank"">______</span>已经<span class=""blank"">______</span>是否非法。</div>"	"<div class=""top""><span class=""chip c1"">章节：线性表</span><span class=""chip c2"">简单应用</span><span class=""chip c3"">线性表的顺序存储及实现</span></div><h1>顺序表基本操作的前提条件及时间复杂度分析</h1><div class=""a"">判断<span class=""hit"">表空</span>和<span class=""hit"">表满</span>已经<span class=""hit"">操作位置</span>是否非法。</div><div class=""ansbox"">挖空答案：<b>表空、表满、操作位置</b></div><div class=""pg"">教材页码：P57</div>"	线性表 简单应用 线性表的顺序存储及实现 13003数据结构与算法
"<div class=""top""><span class=""chip c1"">章节：线性表</span><span class=""chip c2"">综合应用</span><span class=""chip c3"">线性表的顺序存储及实现</span></div><h1>基于顺序表设计算法来解决具体的应用问题</h1><div class=""q"">利用<span class=""blank"">______</span>的随机访问特性，通过<span class=""blank"">______</span>直接定位元素设计算法。如将顺序表逆置：将a[0]与a[n-1]交换，a[1]与a[n-2]交换，依此类推，共交换⌊n/2⌋次，<span class=""blank"">______</span>O(n)。插入删除需移动元素，平均移动约一半元素。</div>"	"<div class=""top""><span class=""chip c1"">章节：线性表</span><span class=""chip c2"">综合应用</span><span class=""chip c3"">线性表的顺序存储及实现</span></div><h1>基于顺序表设计算法来解决具体的应用问题</h1><div class=""a"">利用<span class=""hit"">顺序表</span>的随机访问特性，通过<span class=""hit"">数组下标</span>直接定位元素设计算法。如将<span class=""hit"">顺序表</span>逆置：将a[0]与a[n-1]交换，a[1]与a[n-2]交换，依此类推，共交换⌊n/2⌋次，<span class=""hit"">时间复杂度</span>O(n)。插入删除需移动元素，平均移动约一半元素。</div><div class=""ansbox"">挖空答案：<b>顺序表、数组下标、时间复杂度</b></div><div class=""pg"">教材页码：P61</div>"	线性表 综合应用 线性表的顺序存储及实现 13003数据结构与算法
"<div class=""top""><span class=""chip c1"">章节：线性表</span><span class=""chip c2"">识记</span><span class=""chip c3"">线性表的链式存储及实现</span></div><h1>单链表</h1><div class=""q"">是由一组动态<span class=""blank"">______</span>的结点形成的链表，每个结点保存<span class=""blank"">______</span>中的一个元素及一个指针，指针指向保存其<span class=""blank"">______</span>元素的结点</div>"	"<div class=""top""><span class=""chip c1"">章节：线性表</span><span class=""chip c2"">识记</span><span class=""chip c3"">线性表的链式存储及实现</span></div><h1>单链表</h1><div class=""a"">是由一组动态<span class=""hit"">分配</span>的结点形成的链表，每个结点保存<span class=""hit"">线性表</span>中的一个元素及一个指针，指针指向保存其<span class=""hit"">直接后继</span>元素的结点</div><div class=""ansbox"">挖空答案：<b>分配、线性表、直接后继</b></div><div class=""pg"">教材页码：P62</div>"	线性表 识记 线性表的链式存储及实现 13003数据结构与算法
"<div class=""top""><span class=""chip c1"">章节：线性表</span><span class=""chip c2"">识记</span><span class=""chip c3"">线性表的链式存储及实现</span></div><h1>表头结点，首结点</h1><div class=""q""><span class=""blank"">______</span>所在的结点head称为表<span class=""blank"">______</span>，也称为首结点；表头节点没有<span class=""blank"">______</span></div>"	"<div class=""top""><span class=""chip c1"">章节：线性表</span><span class=""chip c2"">识记</span><span class=""chip c3"">线性表的链式存储及实现</span></div><h1>表头结点，首结点</h1><div class=""a""><span class=""hit"">表头元素</span>所在的结点head称为表<span class=""hit"">头结点</span>，也称为首结点；表头节点没有<span class=""hit"">前驱</span></div><div class=""ansbox"">挖空答案：<b>表头元素、头结点、前驱</b></div><div class=""pg"">教材页码：P62</div>"	线性表 识记 线性表的链式存储及实现 13003数据结构与算法
"<div class=""top""><span class=""chip c1"">章节：线性表</span><span class=""chip c2"">识记</span><span class=""chip c3"">线性表的链式存储及实现</span></div><h1>表尾结点，终端结点</h1><div class=""q""><span class=""blank"">______</span>所在的<span class=""blank"">______</span>称为表尾结点，也称为终端结点；表尾节点没有<span class=""blank"">______</span></div>"	"<div class=""top""><span class=""chip c1"">章节：线性表</span><span class=""chip c2"">识记</span><span class=""chip c3"">线性表的链式存储及实现</span></div><h1>表尾结点，终端结点</h1><div class=""a""><span class=""hit"">表尾元素</span>所在的<span class=""hit"">结点</span>称为表尾<span class=""hit"">结点</span>，也称为终端<span class=""hit"">结点</span>；表尾节点没有<span class=""hit"">后继</span></div><div class=""ansbox"">挖空答案：<b>表尾元素、结点、后继</b></div><div class=""pg"">教材页码：P62</div>"	线性表 识记 线性表的链式存储及实现 13003数据结构与算法
"<div class=""top""><span class=""chip c1"">章节：线性表</span><span class=""chip c2"">识记</span><span class=""chip c3"">线性表的链式存储及实现</span></div><h1>头结点</h1><div class=""q"">头结点是<span class=""blank"">______</span>中虚拟的第一个结点，不保存<span class=""blank"">______</span>中的任何元素。表头指针指向头结点。头结点的数据域可保存链<span class=""blank"">______</span>个数，指针域指向第一个数据结点。引入头结点使空表和非空表处理一致，统一了首位置的插入删除操作。</div>"	"<div class=""top""><span class=""chip c1"">章节：线性表</span><span class=""chip c2"">识记</span><span class=""chip c3"">线性表的链式存储及实现</span></div><h1>头结点</h1><div class=""a"">头结点是<span class=""hit"">单链表</span>中虚拟的第一个结点，不保存<span class=""hit"">线性表</span>中的任何元素。表头指针指向头结点。头结点的数据域可保存链<span class=""hit"">表结点</span>个数，指针域指向第一个数据结点。引入头结点使空表和非空表处理一致，统一了首位置的插入删除操作。</div><div class=""ansbox"">挖空答案：<b>单链表、线性表、表结点</b></div><div class=""pg"">教材页码：P64</div>"	线性表 识记 线性表的链式存储及实现 13003数据结构与算法
"<div class=""top""><span class=""chip c1"">章节：线性表</span><span class=""chip c2"">识记</span><span class=""chip c3"">线性表的链式存储及实现</span></div><h1>表头指针、头指针</h1><div class=""q"">指针head指向<span class=""blank"">______</span>中的<span class=""blank"">______</span>结点，head称为表<span class=""blank"">______</span>或头指针</div>"	"<div class=""top""><span class=""chip c1"">章节：线性表</span><span class=""chip c2"">识记</span><span class=""chip c3"">线性表的链式存储及实现</span></div><h1>表头指针、头指针</h1><div class=""a"">指针head指向<span class=""hit"">单链表</span>中的<span class=""hit"">表头</span>结点，head称为表<span class=""hit"">头指针</span>或<span class=""hit"">头指针</span></div><div class=""ansbox"">挖空答案：<b>单链表、表头、头指针</b></div><div class=""pg"">教材页码：P62</div>"	线性表 识记 线性表的链式存储及实现 13003数据结构与算法
"<div class=""top""><span class=""chip c1"">章节：线性表</span><span class=""chip c2"">识记</span><span class=""chip c3"">线性表的链式存储及实现</span></div><h1>单向循环链表</h1><div class=""q"">将<span class=""blank"">______</span>结点的指针指回<span class=""blank"">______</span>，从而形成一类新链表。在这样的链表中，从任何一个结点出发，沿着指针域的指示，可以再回到这个结点，好像转了一个圈, 可形象地称这样的链表为<span class=""blank"">______</span>，更准确地说，它是单向循环链表</div>"	"<div class=""top""><span class=""chip c1"">章节：线性表</span><span class=""chip c2"">识记</span><span class=""chip c3"">线性表的链式存储及实现</span></div><h1>单向循环链表</h1><div class=""a"">将<span class=""hit"">表尾</span>结点的指针指回<span class=""hit"">头结点</span>，从而形成一类新链表。在这样的链表中，从任何一个结点出发，沿着指针域的指示，可以再回到这个结点，好像转了一个圈, 可形象地称这样的链表为<span class=""hit"">循环链表</span>，更准确地说，它是单向<span class=""hit"">循环链表</span></div><div class=""ansbox"">挖空答案：<b>表尾、头结点、循环链表</b></div><div class=""pg"">教材页码：P72</div>"	线性表 识记 线性表的链式存储及实现 13003数据结构与算法
"<div class=""top""><span class=""chip c1"">章节：线性表</span><span class=""chip c2"">识记</span><span class=""chip c3"">线性表的链式存储及实现</span></div><h1>双向链表</h1><div class=""q"">在<span class=""blank"">______</span>中，除保留指向<span class=""blank"">______</span>结点的指针以外，再增加一个指向该结点的前驱结点的指针，即每个结点都含有两个指针，一个指向该结点的后继结点，另一个指向该结点的前驱结点。如果结点的前驱结点或后继结点不存在，则相应的指针为空。这样的链表称为双向链表，也称为<span class=""blank"">______</span></div>"	"<div class=""top""><span class=""chip c1"">章节：线性表</span><span class=""chip c2"">识记</span><span class=""chip c3"">线性表的链式存储及实现</span></div><h1>双向链表</h1><div class=""a"">在<span class=""hit"">表结点</span>中，除保留指向<span class=""hit"">后继</span>结点的指针以外，再增加一个指向该结点的前驱结点的指针，即每个结点都含有两个指针，一个指向该结点的<span class=""hit"">后继</span>结点，另一个指向该结点的前驱结点。如果结点的前驱结点或<span class=""hit"">后继</span>结点不存在，则相应的指针为空。这样的链表称为双向链表，也称为<span class=""hit"">双链表</span></div><div class=""ansbox"">挖空答案：<b>表结点、后继、双链表</b></div><div class=""pg"">教材页码：P73</div>"	线性表 识记 线性表的链式存储及实现 13003数据结构与算法
"<div class=""top""><span class=""chip c1"">章节：线性表</span><span class=""chip c2"">识记</span><span class=""chip c3"">线性表的链式存储及实现</span></div><h1>双向循环链表</h1><div class=""q"">在空<span class=""blank"">______</span>中，头结点的nex t和 prev指针都为空。在非空双向链表中，头结点的 prev指针为空，表尾结点的加&amp;指针为空。也可以像<span class=""blank"">______</span>那样，将这些空指针利用起来，由此得到双向循环链表。在双向循环链表中，通过头结点的prev指针，可以方便地找到表尾结点，所以可以不定义<span class=""blank"">______</span></div>"	"<div class=""top""><span class=""chip c1"">章节：线性表</span><span class=""chip c2"">识记</span><span class=""chip c3"">线性表的链式存储及实现</span></div><h1>双向循环链表</h1><div class=""a"">在空<span class=""hit"">双向链表</span>中，头结点的nex t和 prev指针都为空。在非空<span class=""hit"">双向链表</span>中，头结点的 prev指针为空，表尾结点的加&amp;指针为空。也可以像<span class=""hit"">单向循环链表</span>那样，将这些空指针利用起来，由此得到双向循环链表。在双向循环链表中，通过头结点的prev指针，可以方便地找到表尾结点，所以可以不定义<span class=""hit"">尾指针</span></div><div class=""ansbox"">挖空答案：<b>双向链表、单向循环链表、尾指针</b></div><div class=""pg"">教材页码：P75</div>"	线性表 识记 线性表的链式存储及实现 13003数据结构与算法
"<div class=""top""><span class=""chip c1"">章节：线性表</span><span class=""chip c2"">领会</span><span class=""chip c3"">线性表的链式存储及实现</span></div><h1>链式存储的基本思想</h1><div class=""q"">动态且灵活的存储方式，它不要求预先<span class=""blank"">______</span>一块连续的存储空间, 而是按需分配，随时需要，随时分配。同时不要求分配的空间必须是相邻的，而是由系统决定分配的具体<span class=""blank"">______</span>，既可以相邻，也可以不相邻</div>"	"<div class=""top""><span class=""chip c1"">章节：线性表</span><span class=""chip c2"">领会</span><span class=""chip c3"">线性表的链式存储及实现</span></div><h1>链式存储的基本思想</h1><div class=""a"">动态且灵活的存储方式，它不要求预先<span class=""hit"">分配</span>一块连续的存储空间, 而是按需<span class=""hit"">分配</span>，随时需要，随时<span class=""hit"">分配</span>。同时不要求<span class=""hit"">分配</span>的空间必须是相邻的，而是由系统决定<span class=""hit"">分配</span>的具体<span class=""hit"">位置</span>，既可以相邻，也可以不相邻</div><div class=""ansbox"">挖空答案：<b>分配、位置</b></div><div class=""pg"">教材页码：P62</div>"	线性表 领会 线性表的链式存储及实现 13003数据结构与算法
"<div class=""top""><span class=""chip c1"">章节：线性表</span><span class=""chip c2"">领会</span><span class=""chip c3"">线性表的链式存储及实现</span></div><h1>头结点的作用</h1><div class=""q"">头结点的作用：(1)使在第一个<span class=""blank"">______</span>插入和删除操作与其他位置的处理统一，无需特殊判断；(2)使<span class=""blank"">______</span>和非空表的处理一致，因为空表时头结点也存在；(3)头结点的数据域可用来保存链<span class=""blank"">______</span>度，方便求表长操作。</div>"	"<div class=""top""><span class=""chip c1"">章节：线性表</span><span class=""chip c2"">领会</span><span class=""chip c3"">线性表的链式存储及实现</span></div><h1>头结点的作用</h1><div class=""a"">头结点的作用：(1)使在第一个<span class=""hit"">位置</span>插入和删除操作与其他<span class=""hit"">位置</span>的处理统一，无需特殊判断；(2)使<span class=""hit"">空表</span>和非<span class=""hit"">空表</span>的处理一致，因为<span class=""hit"">空表</span>时头结点也存在；(3)头结点的数据域可用来保存链<span class=""hit"">表长</span>度，方便求<span class=""hit"">表长</span>操作。</div><div class=""ansbox"">挖空答案：<b>位置、空表、表长</b></div><div class=""pg"">教材页码：P64</div>"	线性表 领会 线性表的链式存储及实现 13003数据结构与算法
"<div class=""top""><span class=""chip c1"">章节：线性表</span><span class=""chip c2"">领会</span><span class=""chip c3"">线性表的链式存储及实现</span></div><h1>操作位置</h1><div class=""q"">在链表中进行插入或删除操作时，需要通过setCurr函数从<span class=""blank"">______</span>开始遍历找到操作位置对应的<span class=""blank"">______</span>。位置值从0开始计数。插入时新结点作为当前指针curr所指结点的<span class=""blank"">______</span>；删除时删除curr所指结点的后继。由于链表不能随机访问，定位操作需要O(n)时间。</div>"	"<div class=""top""><span class=""chip c1"">章节：线性表</span><span class=""chip c2"">领会</span><span class=""chip c3"">线性表的链式存储及实现</span></div><h1>操作位置</h1><div class=""a"">在链表中进行插入或删除操作时，需要通过setCurr函数从<span class=""hit"">表头</span>开始遍历找到操作位置对应的<span class=""hit"">结点</span>。位置值从0开始计数。插入时新<span class=""hit"">结点</span>作为当前指针curr所指<span class=""hit"">结点</span>的<span class=""hit"">后继</span>；删除时删除curr所指<span class=""hit"">结点</span>的<span class=""hit"">后继</span>。由于链表不能随机访问，定位操作需要O(n)时间。</div><div class=""ansbox"">挖空答案：<b>表头、结点、后继</b></div><div class=""pg"">教材页码：P63</div>"	线性表 领会 线性表的链式存储及实现 13003数据结构与算法
"<div class=""top""><span class=""chip c1"">章节：线性表</span><span class=""chip c2"">领会</span><span class=""chip c3"">线性表的链式存储及实现</span></div><h1>顺序访问的含义</h1><div class=""q"">在访问带<span class=""blank"">______</span>的<span class=""blank"">______</span>中的结点时，必须从头结点开始逐结点后移来寻找，这种访问方式是顺序访问方式</div>"	"<div class=""top""><span class=""chip c1"">章节：线性表</span><span class=""chip c2"">领会</span><span class=""chip c3"">线性表的链式存储及实现</span></div><h1>顺序访问的含义</h1><div class=""a"">在访问带<span class=""hit"">头结点</span>的<span class=""hit"">单链表</span>中的结点时，必须从<span class=""hit"">头结点</span>开始逐结点后移来寻找，这种访问方式是顺序访问方式</div><div class=""ansbox"">挖空答案：<b>头结点、单链表</b></div><div class=""pg"">教材页码：P71</div>"	线性表 领会 线性表的链式存储及实现 13003数据结构与算法
"<div class=""top""><span class=""chip c1"">章节：线性表</span><span class=""chip c2"">简单应用</span><span class=""chip c3"">线性表的链式存储及实现</span></div><h1>链表基本操作的实现及时间复杂度分析</h1><div class=""q"">若插入、删除的位置都在表的最前面，则<span class=""blank"">______</span>均为O(1) , 这是最方便的位置。如果<span class=""blank"">______</span>都在表尾，则时间复杂度均为O(n) , n是链表的长度。插入、删除操作的<span class=""blank"">______</span>也均为O(n)</div>"	"<div class=""top""><span class=""chip c1"">章节：线性表</span><span class=""chip c2"">简单应用</span><span class=""chip c3"">线性表的链式存储及实现</span></div><h1>链表基本操作的实现及时间复杂度分析</h1><div class=""a"">若插入、删除的位置都在表的最前面，则<span class=""hit"">时间复杂度</span>均为O(1) , 这是最方便的位置。如果<span class=""hit"">操作位置</span>都在表尾，则<span class=""hit"">时间复杂度</span>均为O(n) , n是链表的长度。插入、删除操作的<span class=""hit"">平均时间复杂度</span>也均为O(n)</div><div class=""ansbox"">挖空答案：<b>时间复杂度、操作位置、平均时间复杂度</b></div><div class=""pg"">教材页码：P71</div>"	线性表 简单应用 线性表的链式存储及实现 13003数据结构与算法
"<div class=""top""><span class=""chip c1"">章节：线性表</span><span class=""chip c2"">简单应用</span><span class=""chip c3"">线性表的链式存储及实现</span></div><h1>根据问题选择链表类型并实现相关操作</h1><div class=""q"">根据问题需求选择合适的链表类型：单链表适用于只需向后遍历的场景；<span class=""blank"">______</span>适用于需要从任意结点出发遍历全表的场景；<span class=""blank"">______</span>适用于需要频繁查找前驱的场景，插入删除需修改4个指针。选择后调用相应的插入、删除、查找等<span class=""blank"">______</span>。</div>"	"<div class=""top""><span class=""chip c1"">章节：线性表</span><span class=""chip c2"">简单应用</span><span class=""chip c3"">线性表的链式存储及实现</span></div><h1>根据问题选择链表类型并实现相关操作</h1><div class=""a"">根据问题需求选择合适的链表类型：单链表适用于只需向后遍历的场景；<span class=""hit"">单向循环链表</span>适用于需要从任意结点出发遍历全表的场景；<span class=""hit"">双向链表</span>适用于需要频繁查找前驱的场景，插入删除需修改4个指针。选择后调用相应的插入、删除、查找等<span class=""hit"">基本操作</span>。</div><div class=""ansbox"">挖空答案：<b>单向循环链表、双向链表、基本操作</b></div><div class=""pg"">教材页码：P72</div>"	线性表 简单应用 线性表的链式存储及实现 13003数据结构与算法
"<div class=""top""><span class=""chip c1"">章节：线性表</span><span class=""chip c2"">简单应用</span><span class=""chip c3"">线性表的链式存储及实现</span></div><h1>能够计算结构性开销</h1><div class=""q"">对于有N个元素的<span class=""blank"">______</span>，采用<span class=""blank"">______</span>存储时，占用的空间为 N*（E + P ）, 其中E总是结点中<span class=""blank"">______</span>域占用的空间量，P是结点中指针域占用的空间量，用于数据的部分是N*E，属于有效部分，用于额外开销的部分是N*P，属于结构性开销部分</div>"	"<div class=""top""><span class=""chip c1"">章节：线性表</span><span class=""chip c2"">简单应用</span><span class=""chip c3"">线性表的链式存储及实现</span></div><h1>能够计算结构性开销</h1><div class=""a"">对于有N个元素的<span class=""hit"">线性表</span>，采用<span class=""hit"">单链表</span>存储时，占用的空间为 N*（E + P ）, 其中E总是结点中<span class=""hit"">数据</span>域占用的空间量，P是结点中指针域占用的空间量，用于<span class=""hit"">数据</span>的部分是N*E，属于有效部分，用于额外开销的部分是N*P，属于结构性开销部分</div><div class=""ansbox"">挖空答案：<b>线性表、单链表、数据</b></div><div class=""pg"">教材页码：P72</div>"	线性表 简单应用 线性表的链式存储及实现 13003数据结构与算法
"<div class=""top""><span class=""chip c1"">章节：线性表</span><span class=""chip c2"">综合应用</span><span class=""chip c3"">线性表的链式存储及实现</span></div><h1>基于链表设计算法来解决具体的应用问题</h1><div class=""q"">利用链表的动态分配和指针操作特性设计<span class=""blank"">______</span>。如：使用双指针法<span class=""blank"">______</span>倒数第k个结点（先让front走k步再同步走）；使用快慢指针查找中间结点；使用三指针法逆置<span class=""blank"">______</span>；将链表拆分为奇偶两个链表；合并两个有序链表等。链表插入删除不需移动元素但需遍历定位。</div>"	"<div class=""top""><span class=""chip c1"">章节：线性表</span><span class=""chip c2"">综合应用</span><span class=""chip c3"">线性表的链式存储及实现</span></div><h1>基于链表设计算法来解决具体的应用问题</h1><div class=""a"">利用链表的动态分配和指针操作特性设计<span class=""hit"">算法</span>。如：使用双指针法<span class=""hit"">查找</span>倒数第k个结点（先让front走k步再同步走）；使用快慢指针<span class=""hit"">查找</span>中间结点；使用三指针法逆置<span class=""hit"">单链表</span>；将链表拆分为奇偶两个链表；合并两个有序链表等。链表插入删除不需移动元素但需遍历定位。</div><div class=""ansbox"">挖空答案：<b>算法、查找、单链表</b></div><div class=""pg"">教材页码：P87</div>"	线性表 综合应用 线性表的链式存储及实现 13003数据结构与算法
"<div class=""top""><span class=""chip c1"">章节：线性表</span><span class=""chip c2"">识记</span><span class=""chip c3"">进一步讨论两种基本实现方式</span></div><h1>空闲单元链表</h1><div class=""q"">可以针对实际应用的每类链表，定义一个“<span class=""blank"">______</span>”，<span class=""blank"">______</span>的结构与所使用链表的结构一致。伙伴链表用来管理&quot;<span class=""blank"">______</span>&quot;的结点，也可以将伙伴链表称为空闲单元链表; 将实际应用的的链表节点删除后只是将被删除的节点插入的空闲单元链表中。申请节点时优先取空闲单元链表的节点，减少频繁的malloc和free动作。</div>"	"<div class=""top""><span class=""chip c1"">章节：线性表</span><span class=""chip c2"">识记</span><span class=""chip c3"">进一步讨论两种基本实现方式</span></div><h1>空闲单元链表</h1><div class=""a"">可以针对实际应用的每类链表，定义一个“<span class=""hit"">伙伴链表</span>”，<span class=""hit"">表结点</span>的结构与所使用链表的结构一致。<span class=""hit"">伙伴链表</span>用来管理&quot;<span class=""hit"">暂时不用</span>&quot;的结点，也可以将<span class=""hit"">伙伴链表</span>称为空闲单元链表; 将实际应用的的链表节点删除后只是将被删除的节点插入的空闲单元链表中。申请节点时优先取空闲单元链表的节点，减少频繁的malloc和free动作。</div><div class=""ansbox"">挖空答案：<b>伙伴链表、表结点、暂时不用</b></div><div class=""pg"">教材页码：P78</div>"	线性表 识记 进一步讨论两种基本实现方式 13003数据结构与算法
"<div class=""top""><span class=""chip c1"">章节：线性表</span><span class=""chip c2"">识记</span><span class=""chip c3"">进一步讨论两种基本实现方式</span></div><h1>线性表有两种基本实现方式</h1><div class=""q"">分别是顺序实现和链式实现</div>"	"<div class=""top""><span class=""chip c1"">章节：线性表</span><span class=""chip c2"">识记</span><span class=""chip c3"">进一步讨论两种基本实现方式</span></div><h1>线性表有两种基本实现方式</h1><div class=""a"">分别是顺序实现和链式实现</div><div class=""pg"">教材页码：P76</div>"	线性表 识记 进一步讨论两种基本实现方式 13003数据结构与算法
"<div class=""top""><span class=""chip c1"">章节：线性表</span><span class=""chip c2"">识记</span><span class=""chip c3"">进一步讨论两种基本实现方式</span></div><h1>静态链表</h1><div class=""q""><span class=""blank"">______</span>中的静态链表，即使用<span class=""blank"">______</span>实现的链表，还可以实现静态双向链表及静态<span class=""blank"">______</span></div>"	"<div class=""top""><span class=""chip c1"">章节：线性表</span><span class=""chip c2"">识记</span><span class=""chip c3"">进一步讨论两种基本实现方式</span></div><h1>静态链表</h1><div class=""a""><span class=""hit"">数据结构</span>中的静态链表，即使用<span class=""hit"">一维数组</span>实现的链表，还可以实现静态双向链表及静态<span class=""hit"">循环链表</span></div><div class=""ansbox"">挖空答案：<b>数据结构、一维数组、循环链表</b></div><div class=""pg"">教材页码：P80</div>"	线性表 识记 进一步讨论两种基本实现方式 13003数据结构与算法
"<div class=""top""><span class=""chip c1"">章节：线性表</span><span class=""chip c2"">领会</span><span class=""chip c3"">进一步讨论两种基本实现方式</span></div><h1>顺序访问与随机访问方式的对比</h1><div class=""q"">随机访问（顺序表）：给定下标可直接计算存储地址并访问元素，<span class=""blank"">______</span>O(1)，支持按序号直接存取。顺序访问（链表）：必须从<span class=""blank"">______</span>开始逐个后移查找目标，<span class=""blank"">______</span>O(n)。顺序表既支持随机存取也支持顺序存取，链表只支持顺序存取。</div>"	"<div class=""top""><span class=""chip c1"">章节：线性表</span><span class=""chip c2"">领会</span><span class=""chip c3"">进一步讨论两种基本实现方式</span></div><h1>顺序访问与随机访问方式的对比</h1><div class=""a"">随机访问（顺序表）：给定下标可直接计算存储地址并访问元素，<span class=""hit"">时间复杂度</span>O(1)，支持按序号直接存取。顺序访问（链表）：必须从<span class=""hit"">头结点</span>开始逐个后移查找目标，<span class=""hit"">平均时间复杂度</span>O(n)。顺序表既支持随机存取也支持顺序存取，链表只支持顺序存取。</div><div class=""ansbox"">挖空答案：<b>时间复杂度、头结点、平均时间复杂度</b></div><div class=""pg"">教材页码：P77</div>"	线性表 领会 进一步讨论两种基本实现方式 13003数据结构与算法
"<div class=""top""><span class=""chip c1"">章节：线性表</span><span class=""chip c2"">领会</span><span class=""chip c3"">进一步讨论两种基本实现方式</span></div><h1>顺序表</h1><div class=""q"">顺序表是使用顺序<span class=""blank"">______</span>保存的<span class=""blank"">______</span>，用一组连续存储单元（<span class=""blank"">______</span>）依次存储各元素。逻辑上相邻的元素存储在物理相邻的单元中，支持随机访问。存储每个元素时空间紧凑无额外开销，但插入删除需移动元素，且需预分配足够大的数组空间。</div>"	"<div class=""top""><span class=""chip c1"">章节：线性表</span><span class=""chip c2"">领会</span><span class=""chip c3"">进一步讨论两种基本实现方式</span></div><h1>顺序表</h1><div class=""a"">顺序表是使用顺序<span class=""hit"">存储结构</span>保存的<span class=""hit"">线性表</span>，用一组连续存储单元（<span class=""hit"">一维数组</span>）依次存储各元素。逻辑上相邻的元素存储在物理相邻的单元中，支持随机访问。存储每个元素时空间紧凑无额外开销，但插入删除需移动元素，且需预分配足够大的数组空间。</div><div class=""ansbox"">挖空答案：<b>存储结构、线性表、一维数组</b></div><div class=""pg"">教材页码：P53</div>"	线性表 领会 进一步讨论两种基本实现方式 13003数据结构与算法
"<div class=""top""><span class=""chip c1"">章节：线性表</span><span class=""chip c2"">领会</span><span class=""chip c3"">进一步讨论两种基本实现方式</span></div><h1>链表和静态链表的使用条件</h1><div class=""q"">当<span class=""blank"">______</span>元素个数变化较大或未知时使用链表；事先知道大致长度时使用<span class=""blank"">______</span>，空间效率更高。链表在频繁插入删除时更优；顺序表在频繁随机访问时更优。<span class=""blank"">______</span>适用于不支持指针的语言环境，兼具顺序表空间整体性和链表灵活性。</div>"	"<div class=""top""><span class=""chip c1"">章节：线性表</span><span class=""chip c2"">领会</span><span class=""chip c3"">进一步讨论两种基本实现方式</span></div><h1>链表和静态链表的使用条件</h1><div class=""a"">当<span class=""hit"">线性表</span>元素个数变化较大或未知时使用链表；事先知道大致长度时使用<span class=""hit"">顺序表</span>，空间效率更高。链表在频繁插入删除时更优；<span class=""hit"">顺序表</span>在频繁随机访问时更优。<span class=""hit"">静态链表</span>适用于不支持指针的语言环境，兼具<span class=""hit"">顺序表</span>空间整体性和链表灵活性。</div><div class=""ansbox"">挖空答案：<b>线性表、顺序表、静态链表</b></div><div class=""pg"">教材页码：P77</div>"	线性表 领会 进一步讨论两种基本实现方式 13003数据结构与算法
"<div class=""top""><span class=""chip c1"">章节：线性表</span><span class=""chip c2"">领会</span><span class=""chip c3"">进一步讨论两种基本实现方式</span></div><h1>空闲单元链表的作用</h1><div class=""q"">将实际应用的的链表节点删除后只是将被删除的节点插入的<span class=""blank"">______</span>中。申请节点时优先取空闲单元链表的节点，减少频繁的malloc和free动作。</div>"	"<div class=""top""><span class=""chip c1"">章节：线性表</span><span class=""chip c2"">领会</span><span class=""chip c3"">进一步讨论两种基本实现方式</span></div><h1>空闲单元链表的作用</h1><div class=""a"">将实际应用的的链表节点删除后只是将被删除的节点插入的<span class=""hit"">空闲单元链表</span>中。申请节点时优先取<span class=""hit"">空闲单元链表</span>的节点，减少频繁的malloc和free动作。</div><div class=""ansbox"">挖空答案：<b>空闲单元链表</b></div><div class=""pg"">教材页码：P78</div>"	线性表 领会 进一步讨论两种基本实现方式 13003数据结构与算法
"<div class=""top""><span class=""chip c1"">章节：线性表</span><span class=""chip c2"">领会</span><span class=""chip c3"">进一步讨论两种基本实现方式</span></div><h1>静态链表的实现机制</h1><div class=""q""><span class=""blank"">______</span>用<span class=""blank"">______</span>实现链表，每个数组元素含数据域data和指针域next（存储下一个元素的数组下标，-1表示表尾）。数组首元素作为头结点，data域保存链表长度，next域保存第一个元素的下标。空闲单元分为从未使用的（用unused记录首位置）和曾用后释放的（用available链成<span class=""blank"">______</span>）。</div>"	"<div class=""top""><span class=""chip c1"">章节：线性表</span><span class=""chip c2"">领会</span><span class=""chip c3"">进一步讨论两种基本实现方式</span></div><h1>静态链表的实现机制</h1><div class=""a""><span class=""hit"">静态链表</span>用<span class=""hit"">一维数组</span>实现链表，每个数组元素含数据域data和指针域next（存储下一个元素的数组下标，-1表示表尾）。数组首元素作为头结点，data域保存链表长度，next域保存第一个元素的下标。空闲单元分为从未使用的（用unused记录首位置）和曾用后释放的（用available链成<span class=""hit"">空闲单元链表</span>）。</div><div class=""ansbox"">挖空答案：<b>静态链表、一维数组、空闲单元链表</b></div><div class=""pg"">教材页码：P80</div>"	线性表 领会 进一步讨论两种基本实现方式 13003数据结构与算法
"<div class=""top""><span class=""chip c1"">章节：线性表</span><span class=""chip c2"">简单应用</span><span class=""chip c3"">进一步讨论两种基本实现方式</span></div><h1>静态链表基本操作的实现及时间复杂度分析</h1><div class=""q""><span class=""blank"">______</span>的本质是链表，初始化链表、清空链表、判空及判满操作的<span class=""blank"">______</span>都是O（1），因为插入及删除都需要寻找<span class=""blank"">______</span>，所以它们的时间复杂度都是O（n）</div>"	"<div class=""top""><span class=""chip c1"">章节：线性表</span><span class=""chip c2"">简单应用</span><span class=""chip c3"">进一步讨论两种基本实现方式</span></div><h1>静态链表基本操作的实现及时间复杂度分析</h1><div class=""a""><span class=""hit"">静态链表</span>的本质是链表，初始化链表、清空链表、判空及判满操作的<span class=""hit"">时间复杂度</span>都是O（1），因为插入及删除都需要寻找<span class=""hit"">操作位置</span>，所以它们的<span class=""hit"">时间复杂度</span>都是O（n）</div><div class=""ansbox"">挖空答案：<b>静态链表、时间复杂度、操作位置</b></div><div class=""pg"">教材页码：P85</div>"	线性表 简单应用 进一步讨论两种基本实现方式 13003数据结构与算法
"<div class=""top""><span class=""chip c1"">章节：线性表</span><span class=""chip c2"">简单应用</span><span class=""chip c3"">进一步讨论两种基本实现方式</span></div><h1>根据问题选择顺序表</h1><div class=""q"">当问题需要频繁按<span class=""blank"">______</span>随机访问元素、元素个数已知且变化不大、插入删除操作较少时选择<span class=""blank"">______</span>。顺序表支持O(1)随机访问，空间紧凑无结构性开销，存储效率高。</div>"	"<div class=""top""><span class=""chip c1"">章节：线性表</span><span class=""chip c2"">简单应用</span><span class=""chip c3"">进一步讨论两种基本实现方式</span></div><h1>根据问题选择顺序表</h1><div class=""a"">当问题需要频繁按<span class=""hit"">位置</span>随机访问元素、元素个数已知且变化不大、插入删除操作较少时选择<span class=""hit"">顺序表</span>。<span class=""hit"">顺序表</span>支持O(1)随机访问，空间紧凑无结构性开销，存储效率高。</div><div class=""ansbox"">挖空答案：<b>位置、顺序表</b></div><div class=""pg"">教材页码：P77</div>"	线性表 简单应用 进一步讨论两种基本实现方式 13003数据结构与算法
"<div class=""top""><span class=""chip c1"">章节：线性表</span><span class=""chip c2"">简单应用</span><span class=""chip c3"">进一步讨论两种基本实现方式</span></div><h1>链表或静态链表并实现相关操作</h1><div class=""q"">当问题需要频繁插入删除、元素个数变化较大或未知时，选择链表或<span class=""blank"">______</span>。链表动态分配空间不需预分配；静态链表用<span class=""blank"">______</span>模拟指针操作，适用于无指针环境。实现插入删除时需先遍历定位<span class=""blank"">______</span>。</div>"	"<div class=""top""><span class=""chip c1"">章节：线性表</span><span class=""chip c2"">简单应用</span><span class=""chip c3"">进一步讨论两种基本实现方式</span></div><h1>链表或静态链表并实现相关操作</h1><div class=""a"">当问题需要频繁插入删除、元素个数变化较大或未知时，选择链表或<span class=""hit"">静态链表</span>。链表动态分配空间不需预分配；<span class=""hit"">静态链表</span>用<span class=""hit"">数组</span>模拟指针操作，适用于无指针环境。实现插入删除时需先遍历定位<span class=""hit"">操作位置</span>。</div><div class=""ansbox"">挖空答案：<b>静态链表、数组、操作位置</b></div><div class=""pg"">教材页码：P77</div>"	线性表 简单应用 进一步讨论两种基本实现方式 13003数据结构与算法
"<div class=""top""><span class=""chip c1"">章节：线性表</span><span class=""chip c2"">综合应用</span><span class=""chip c3"">进一步讨论两种基本实现方式</span></div><h1>根据问题选择顺序表</h1><div class=""q"">综合考虑操作类型、空间效率和已知条件选择<span class=""blank"">______</span>。以随机访问为主且长度已知选<span class=""blank"">______</span>；频繁增删且长度不确定选链表；需在无指针环境实现选<span class=""blank"">______</span>。临界值n=c×E/(P+E)，超过临界值顺序表更省空间。</div>"	"<div class=""top""><span class=""chip c1"">章节：线性表</span><span class=""chip c2"">综合应用</span><span class=""chip c3"">进一步讨论两种基本实现方式</span></div><h1>根据问题选择顺序表</h1><div class=""a"">综合考虑操作类型、空间效率和已知条件选择<span class=""hit"">存储结构</span>。以随机访问为主且长度已知选<span class=""hit"">顺序表</span>；频繁增删且长度不确定选链表；需在无指针环境实现选<span class=""hit"">静态链表</span>。临界值n=c×E/(P+E)，超过临界值<span class=""hit"">顺序表</span>更省空间。</div><div class=""ansbox"">挖空答案：<b>存储结构、顺序表、静态链表</b></div><div class=""pg"">教材页码：P77</div>"	线性表 综合应用 进一步讨论两种基本实现方式 13003数据结构与算法
"<div class=""top""><span class=""chip c1"">章节：线性表</span><span class=""chip c2"">综合应用</span><span class=""chip c3"">进一步讨论两种基本实现方式</span></div><h1>链表或静态链表，设计算法来解决具体的应用问题</h1><div class=""q"">根据具体应用问题，利用链表或<span class=""blank"">______</span>的操作特性设计<span class=""blank"">______</span>。如：将链表拆分为奇偶两个子链表、合并两个有序链表、删除重复元素、判断是否递增有序、<span class=""blank"">______</span>倒数第k个结点（双指针法）、链表逆置等。需灵活运用指针操作和遍历技巧。</div>"	"<div class=""top""><span class=""chip c1"">章节：线性表</span><span class=""chip c2"">综合应用</span><span class=""chip c3"">进一步讨论两种基本实现方式</span></div><h1>链表或静态链表，设计算法来解决具体的应用问题</h1><div class=""a"">根据具体应用问题，利用链表或<span class=""hit"">静态链表</span>的操作特性设计<span class=""hit"">算法</span>。如：将链表拆分为奇偶两个子链表、合并两个有序链表、删除重复元素、判断是否递增有序、<span class=""hit"">查找</span>倒数第k个结点（双指针法）、链表逆置等。需灵活运用指针操作和遍历技巧。</div><div class=""ansbox"">挖空答案：<b>静态链表、算法、查找</b></div><div class=""pg"">教材页码：P87</div>"	线性表 综合应用 进一步讨论两种基本实现方式 13003数据结构与算法
"<div class=""top""><span class=""chip c1"">章节：线性表</span><span class=""chip c2"">本章重点</span></div><h1>顺序表及链表的定义</h1><div class=""q""><span class=""blank"">______</span>是用数组连续存储线性表元素的结构，支持随机访问，插入删除需移动元素；链表是用动态分配结点和指针连接的<span class=""blank"">______</span>，每个结点含数据域和指针域。<span class=""blank"">______</span>：顺序实现和链式实现。</div>"	"<div class=""top""><span class=""chip c1"">章节：线性表</span><span class=""chip c2"">本章重点</span></div><h1>顺序表及链表的定义</h1><div class=""a""><span class=""hit"">顺序表</span>是用数组连续存储线性表元素的结构，支持随机访问，插入删除需移动元素；链表是用动态分配结点和指针连接的<span class=""hit"">存储结构</span>，每个结点含数据域和指针域。<span class=""hit"">线性表有两种基本实现方式</span>：顺序实现和链式实现。</div><div class=""ansbox"">挖空答案：<b>顺序表、存储结构、线性表有两种基本实现方式</b></div><div class=""pg"">教材页码：P53</div>"	线性表 本章重点 13003数据结构与算法
"<div class=""top""><span class=""chip c1"">章节：线性表</span><span class=""chip c2"">本章重点</span></div><h1>存储特点</h1><div class=""q""><span class=""blank"">______</span>：空间连续紧凑、无结构性开销、支持随机访问O(1)、插入删除需移动元素O(n)、需预分配<span class=""blank"">______</span>空间。链表：空间动态分配不要求连续、有指针域结构性开销、插入删除不需移动元素但需遍历定位O(n)、不支持随机访问。</div>"	"<div class=""top""><span class=""chip c1"">章节：线性表</span><span class=""chip c2"">本章重点</span></div><h1>存储特点</h1><div class=""a""><span class=""hit"">顺序表</span>：空间连续紧凑、无结构性开销、支持随机访问O(1)、插入删除需移动元素O(n)、需预分配<span class=""hit"">数组</span>空间。链表：空间动态分配不要求连续、有指针域结构性开销、插入删除不需移动元素但需遍历定位O(n)、不支持随机访问。</div><div class=""ansbox"">挖空答案：<b>顺序表、数组</b></div><div class=""pg"">教材页码：P76</div>"	线性表 本章重点 13003数据结构与算法
"<div class=""top""><span class=""chip c1"">章节：线性表</span><span class=""chip c2"">本章重点</span></div><h1>顺序表中地址计算</h1><div class=""q""><span class=""blank"">______</span>中元素ai的存储地址LOC(<span class=""blank"">______</span>)=LOC(a0)+i×d，其中d为每个元素占用的存储单元数，LOC(a0)为<span class=""blank"">______</span>。通过下标可直接计算元素地址，实现随机访问。</div>"	"<div class=""top""><span class=""chip c1"">章节：线性表</span><span class=""chip c2"">本章重点</span></div><h1>顺序表中地址计算</h1><div class=""a""><span class=""hit"">顺序表</span>中元素<span class=""hit"">ai</span>的存储地址LOC(<span class=""hit"">ai</span>)=LOC(a0)+i×d，其中d为每个元素占用的存储单元数，LOC(a0)为<span class=""hit"">数组首地址</span>。通过下标可直接计算元素地址，实现随机访问。</div><div class=""ansbox"">挖空答案：<b>顺序表、ai、数组首地址</b></div><div class=""pg"">教材页码：P54</div>"	线性表 本章重点 13003数据结构与算法
"<div class=""top""><span class=""chip c1"">章节：线性表</span><span class=""chip c2"">本章重点</span></div><h1>顺序表及链表基本操作的实现</h1><div class=""q""><span class=""blank"">______</span>：插入时从pos位置开始到<span class=""blank"">______</span>依次后移一位，删除时从pos<span class=""blank"">______</span>开始到表尾元素依次前移一位。链表：插入时修改指针（新结点next指向当前后继，当前结点next指向新结点）；删除时将前驱结点next指向被删结点的后继，再释放结点空间。</div>"	"<div class=""top""><span class=""chip c1"">章节：线性表</span><span class=""chip c2"">本章重点</span></div><h1>顺序表及链表基本操作的实现</h1><div class=""a""><span class=""hit"">顺序表</span>：插入时从pos位置开始到<span class=""hit"">表尾元素</span>依次后移一位，删除时从pos<span class=""hit"">后继</span>开始到<span class=""hit"">表尾元素</span>依次前移一位。链表：插入时修改指针（新结点next指向当前<span class=""hit"">后继</span>，当前结点next指向新结点）；删除时将前驱结点next指向被删结点的<span class=""hit"">后继</span>，再释放结点空间。</div><div class=""ansbox"">挖空答案：<b>顺序表、表尾元素、后继</b></div><div class=""pg"">教材页码：P56</div>"	线性表 本章重点 13003数据结构与算法
"<div class=""top""><span class=""chip c1"">章节：线性表</span><span class=""chip c2"">本章重点</span></div><h1>空闲单元链表的实现</h1><div class=""q""><span class=""blank"">______</span>（伙伴链表）管理暂时不用的结点。删除结点时将其插入空闲单元链表<span class=""blank"">______</span>（操作在表头进行效率高）；申请结点时先从空闲单元链表取结点（表头取出），仅当空闲单元链表为空时才调用malloc<span class=""blank"">______</span>新结点。</div>"	"<div class=""top""><span class=""chip c1"">章节：线性表</span><span class=""chip c2"">本章重点</span></div><h1>空闲单元链表的实现</h1><div class=""a""><span class=""hit"">空闲单元链表</span>（伙伴链表）管理暂时不用的结点。删除结点时将其插入<span class=""hit"">空闲单元链表</span><span class=""hit"">表头</span>（操作在<span class=""hit"">表头</span>进行效率高）；申请结点时先从<span class=""hit"">空闲单元链表</span>取结点（<span class=""hit"">表头</span>取出），仅当<span class=""hit"">空闲单元链表</span>为空时才调用malloc<span class=""hit"">分配</span>新结点。</div><div class=""ansbox"">挖空答案：<b>空闲单元链表、表头、分配</b></div><div class=""pg"">教材页码：P78</div>"	线性表 本章重点 13003数据结构与算法
"<div class=""top""><span class=""chip c1"">章节：线性表</span><span class=""chip c2"">本章重点</span></div><h1>静态链表基本操作的实现</h1><div class=""q""><span class=""blank"">______</span>用<span class=""blank"">______</span>实现，数组元素含data和next域。初始化时<span class=""blank"">______</span>data=0、next=-1，available=-1，unused=1。插入时从unused或available取空闲位置，沿next遍历定位后修改next指针。删除时沿next定位前驱，将被删结点链入空闲单元链表表头。</div>"	"<div class=""top""><span class=""chip c1"">章节：线性表</span><span class=""chip c2"">本章重点</span></div><h1>静态链表基本操作的实现</h1><div class=""a""><span class=""hit"">静态链表</span>用<span class=""hit"">一维数组</span>实现，数组元素含data和next域。初始化时<span class=""hit"">头结点</span>data=0、next=-1，available=-1，unused=1。插入时从unused或available取空闲位置，沿next遍历定位后修改next指针。删除时沿next定位前驱，将被删结点链入空闲单元链表表头。</div><div class=""ansbox"">挖空答案：<b>静态链表、一维数组、头结点</b></div><div class=""pg"">教材页码：P80</div>"	线性表 本章重点 13003数据结构与算法
"<div class=""top""><span class=""chip c1"">章节：线性表</span><span class=""chip c2"">本章难点</span></div><h1>运用顺序表</h1><div class=""q"">运用顺序表时需理解<span class=""blank"">______</span>与逻辑位置的对应关系，掌握插入删除时元素移动的方向和次序（从<span class=""blank"">______</span>开始移动），理解随机访问原理。能基于顺序表设计算法解决逆置、查找、合并等问题，分析<span class=""blank"">______</span>。</div>"	"<div class=""top""><span class=""chip c1"">章节：线性表</span><span class=""chip c2"">本章难点</span></div><h1>运用顺序表</h1><div class=""a"">运用顺序表时需理解<span class=""hit"">数组下标</span>与逻辑位置的对应关系，掌握插入删除时元素移动的方向和次序（从<span class=""hit"">表尾</span>开始移动），理解随机访问原理。能基于顺序表设计算法解决逆置、查找、合并等问题，分析<span class=""hit"">时间复杂度</span>。</div><div class=""ansbox"">挖空答案：<b>数组下标、表尾、时间复杂度</b></div><div class=""pg"">教材页码：P53</div>"	线性表 本章难点 13003数据结构与算法
"<div class=""top""><span class=""chip c1"">章节：线性表</span><span class=""chip c2"">本章难点</span></div><h1>链表和静态链表的基本操作</h1><div class=""q"">链表<span class=""blank"">______</span>需掌握指针修改次序（先连接新结点后继再修改前驱指针），理解<span class=""blank"">______</span>，区分表头结点/首结点/头指针/头结点。<span class=""blank"">______</span>需理解用数组下标模拟指针的机制，掌握空闲单元管理（unused和available）。</div>"	"<div class=""top""><span class=""chip c1"">章节：线性表</span><span class=""chip c2"">本章难点</span></div><h1>链表和静态链表的基本操作</h1><div class=""a"">链表<span class=""hit"">基本操作</span>需掌握指针修改次序（先连接新结点后继再修改前驱指针），理解<span class=""hit"">头结点的作用</span>，区分表头结点/首结点/头指针/头结点。<span class=""hit"">静态链表</span>需理解用数组下标模拟指针的机制，掌握空闲单元管理（unused和available）。</div><div class=""ansbox"">挖空答案：<b>基本操作、头结点的作用、静态链表</b></div><div class=""pg"">教材页码：P62</div>"	线性表 本章难点 13003数据结构与算法
"<div class=""top""><span class=""chip c1"">章节：线性表</span><span class=""chip c2"">本章难点</span></div><h1>设计算法解决应用问题</h1><div class=""q"">综合<span class=""blank"">______</span>和链表的操作设计<span class=""blank"">______</span>解决实际问题，如<span class=""blank"">______</span>倒数第k个结点（双指针法）、查找中间结点（快慢指针）、链表逆置（三指针法）、两个有序链表合并、删除重复元素等。需灵活运用指针操作和遍历技巧分析复杂度。</div>"	"<div class=""top""><span class=""chip c1"">章节：线性表</span><span class=""chip c2"">本章难点</span></div><h1>设计算法解决应用问题</h1><div class=""a"">综合<span class=""hit"">运用顺序表</span>和链表的操作设计<span class=""hit"">算法</span>解决实际问题，如<span class=""hit"">查找</span>倒数第k个结点（双指针法）、<span class=""hit"">查找</span>中间结点（快慢指针）、链表逆置（三指针法）、两个有序链表合并、删除重复元素等。需灵活运用指针操作和遍历技巧分析复杂度。</div><div class=""ansbox"">挖空答案：<b>运用顺序表、算法、查找</b></div><div class=""pg"">教材页码：P87</div>"	线性表 本章难点 13003数据结构与算法
"<div class=""top""><span class=""chip c1"">章节：线性表</span><span class=""chip c2"">课后习题</span><span class=""chip c3"">选择题</span></div><div class=""q"">1.下列选项中，不属于链表特点的是().A.插入、删除时不需要移动元素B.可随机访问任一元素C.不必事先估计存储空间D.所需空间与元素个数成正比</div>"	"<div class=""top""><span class=""chip c1"">章节：线性表</span><span class=""chip c2"">课后习题</span><span class=""chip c3"">选择题</span></div><div class=""note"">（大纲未提供该题答案，请对照教材核对）</div>"	线性表 课后习题 选择题 13003数据结构与算法
"<div class=""top""><span class=""chip c1"">章节：线性表</span><span class=""chip c2"">课后习题</span><span class=""chip c3"">选择题</span></div><div class=""q"">2.下列关于线性表的叙述中，错误的是()A.线性表采用链式存储方式，便于进行插入和删除操作B.线性表采用顺序存储方式，便于进行插入和删除操作C.线性表采用链式存储方式，不必占用一片连续的存储单元D.线性表采用顺序存储方式，必须占用一片连续的存储单元</div>"	"<div class=""top""><span class=""chip c1"">章节：线性表</span><span class=""chip c2"">课后习题</span><span class=""chip c3"">选择题</span></div><div class=""note"">（大纲未提供该题答案，请对照教材核对）</div>"	线性表 课后习题 选择题 13003数据结构与算法
"<div class=""top""><span class=""chip c1"">章节：线性表</span><span class=""chip c2"">课后习题</span><span class=""chip c3"">选择题</span></div><div class=""q"">3.若一个线性表分别采用下列存储结构进行存储，则读取一个指定位置（序号）的元素所花费时间最少的是()A.顺序表B.单向链表C.双向链表D.循环链表</div>"	"<div class=""top""><span class=""chip c1"">章节：线性表</span><span class=""chip c2"">课后习题</span><span class=""chip c3"">选择题</span></div><div class=""note"">（大纲未提供该题答案，请对照教材核对）</div>"	线性表 课后习题 选择题 13003数据结构与算法
"<div class=""top""><span class=""chip c1"">章节：线性表</span><span class=""chip c2"">课后习题</span><span class=""chip c3"">选择题</span></div><div class=""q"">4.下列关于线性表的叙述中，错误的是()A.除第一个元素以外，均有唯一的前驱B.除最后一个元素以外，均有唯一的后继C.元素的个数可以是0,此时表为空表D.若元素的个数为无穷，则表为无穷表</div>"	"<div class=""top""><span class=""chip c1"">章节：线性表</span><span class=""chip c2"">课后习题</span><span class=""chip c3"">选择题</span></div><div class=""note"">（大纲未提供该题答案，请对照教材核对）</div>"	线性表 课后习题 选择题 13003数据结构与算法
"<div class=""top""><span class=""chip c1"">章节：线性表</span><span class=""chip c2"">课后习题</span><span class=""chip c3"">选择题</span></div><div class=""q"">5.下列关于线性表L的叙述中，正确的是()A.L是由N个相同元素组成的离散数据序列B.L中任意一个元素有且仅有唯一直接前驱C.可以在L中进行取元素、查找或排序等操作D.不能在L的任意位置插入或删除一个元素</div>"	"<div class=""top""><span class=""chip c1"">章节：线性表</span><span class=""chip c2"">课后习题</span><span class=""chip c3"">选择题</span></div><div class=""note"">（大纲未提供该题答案，请对照教材核对）</div>"	线性表 课后习题 选择题 13003数据结构与算法
"<div class=""top""><span class=""chip c1"">章节：线性表</span><span class=""chip c2"">课后习题</span><span class=""chip c3"">选择题</span></div><div class=""q"">6.若线性表L的常用操作有访问任一位置的元素和在最后进行插入和删除操作，为使操作的时间复杂度好，则下列选项中，为1选择的存储结构为()。A.顺序表B.双向链表C.带头结点的双向循环链表D.单向循环链表</div>"	"<div class=""top""><span class=""chip c1"">章节：线性表</span><span class=""chip c2"">课后习题</span><span class=""chip c3"">选择题</span></div><div class=""note"">（大纲未提供该题答案，请对照教材核对）</div>"	线性表 课后习题 选择题 13003数据结构与算法
"<div class=""top""><span class=""chip c1"">章节：线性表</span><span class=""chip c2"">课后习题</span><span class=""chip c3"">选择题</span></div><div class=""q"">7.线性表L中常用的操作有在最后一个元素之后插入一个元素和删除第一个元素，为使操作的时间复杂度好，则下列选项中，为L选择的存储结构为()oA.单链表B.仅有头指针的单向循环链表C.双向链表D.仅有尾指针的单向循环链表</div>"	"<div class=""top""><span class=""chip c1"">章节：线性表</span><span class=""chip c2"">课后习题</span><span class=""chip c3"">选择题</span></div><div class=""note"">（大纲未提供该题答案，请对照教材核对）</div>"	线性表 课后习题 选择题 13003数据结构与算法
"<div class=""top""><span class=""chip c1"">章节：线性表</span><span class=""chip c2"">课后习题</span><span class=""chip c3"">选择题</span></div><div class=""q"">8.为了提供全程对号入座的高速铁路售票系统，保证每一位旅客从上车到下车期间都有独立座位，并且在短途乘客下车后，该座位可以销售给其他乘客，铁路公司设计了基于内存的系统，系统中需要描述座位信息和每个座位的售票情况。保存座位信息和每个座位售票情况的数据结构分别是().A.数组，数组B.数组，链表C.链表，数组D.链表，链表</div>"	"<div class=""top""><span class=""chip c1"">章节：线性表</span><span class=""chip c2"">课后习题</span><span class=""chip c3"">选择题</span></div><div class=""note"">（大纲未提供该题答案，请对照教材核对）</div>"	线性表 课后习题 选择题 13003数据结构与算法
"<div class=""top""><span class=""chip c1"">章节：线性表</span><span class=""chip c2"">课后习题</span><span class=""chip c3"">选择题</span></div><div class=""q"">9.若长度为N的线性表采用顺序存储结构，则在其第i(0<=i<=N)个位置插入一个新元素的算法的时间复杂度为().A.O(1)B.O(i)C.O(n)D.O(n2</div>"	"<div class=""top""><span class=""chip c1"">章节：线性表</span><span class=""chip c2"">课后习题</span><span class=""chip c3"">选择题</span></div><div class=""note"">（大纲未提供该题答案，请对照教材核对）</div>"	线性表 课后习题 选择题 13003数据结构与算法
"<div class=""top""><span class=""chip c1"">章节：线性表</span><span class=""chip c2"">课后习题</span><span class=""chip c3"">选择题</span></div><div class=""q"">10.对于含N个元素且采用顺序存储的线性表，访问位置i(0<=i<=N)处的元素和在位置i(0<=i<=N)插入元素的时间复杂度分别为().A.O(n)和O(n)B.O(n)和O(1)C.O(1)和O(n)D.O(1)和O(1</div>"	"<div class=""top""><span class=""chip c1"">章节：线性表</span><span class=""chip c2"">课后习题</span><span class=""chip c3"">选择题</span></div><div class=""note"">（大纲未提供该题答案，请对照教材核对）</div>"	线性表 课后习题 选择题 13003数据结构与算法
"<div class=""top""><span class=""chip c1"">章节：线性表</span><span class=""chip c2"">课后习题</span><span class=""chip c3"">选择题</span></div><div class=""q"">11.线性表(a0,a1,...,an-1)以链接方式存储时，访问位置i的元素的时间复杂度为()A.O(1)B.O(i-l)C.O(n)D.O(n2</div>"	"<div class=""top""><span class=""chip c1"">章节：线性表</span><span class=""chip c2"">课后习题</span><span class=""chip c3"">选择题</span></div><div class=""note"">（大纲未提供该题答案，请对照教材核对）</div>"	线性表 课后习题 选择题 13003数据结构与算法
"<div class=""top""><span class=""chip c1"">章节：线性表</span><span class=""chip c2"">课后习题</span><span class=""chip c3"">选择题</span></div><div class=""q"">12,在带头结点的非空单向循环链表head中，指向表尾结点的指针p满足的条件是().A.p==NULLB.p==headC.p->next==headD.p->next==NULL</div>"	"<div class=""top""><span class=""chip c1"">章节：线性表</span><span class=""chip c2"">课后习题</span><span class=""chip c3"">选择题</span></div><div class=""note"">（大纲未提供该题答案，请对照教材核对）</div>"	线性表 课后习题 选择题 13003数据结构与算法
"<div class=""top""><span class=""chip c1"">章节：线性表</span><span class=""chip c2"">课后习题</span><span class=""chip c3"">选择题</span></div><div class=""q"">13.带头结点的单链表head为空的判定条件是()。A.head==NULLB.head!=NULLC.head->next==headD.head->next==NULL</div>"	"<div class=""top""><span class=""chip c1"">章节：线性表</span><span class=""chip c2"">课后习题</span><span class=""chip c3"">选择题</span></div><div class=""note"">（大纲未提供该题答案，请对照教材核对）</div>"	线性表 课后习题 选择题 13003数据结构与算法
"<div class=""top""><span class=""chip c1"">章节：线性表</span><span class=""chip c2"">课后习题</span><span class=""chip c3"">选择题</span></div><div class=""q"">14.在双向循环链表中，在指针p所指结点之后插入指针s所指结点的操作是().A.p->next=s;s->prev=p；p->next->prev=s;s->next=p->next；B.p->next=s；p->next->prev=s；s->prev=p；s->next=p->next；C.s->prev=p;s->next=p->next；p->next=s;p->next->prev=s;D.s->prev=p;s->next=p->next;p->next->prev=s；p->next=s</div>"	"<div class=""top""><span class=""chip c1"">章节：线性表</span><span class=""chip c2"">课后习题</span><span class=""chip c3"">选择题</span></div><div class=""note"">（大纲未提供该题答案，请对照教材核对）</div>"	线性表 课后习题 选择题 13003数据结构与算法
"<div class=""top""><span class=""chip c1"">章节：线性表</span><span class=""chip c2"">课后习题</span><span class=""chip c3"">选择题</span></div><div class=""q"">15.在一个单链表中，已知q所指结点是p所指结点的前驱结点，若在q和p之间插入S所指结点，则执行的操作是().A.s->next=p->next;p->next=s；B.p->next=s->next；s->next=p;C.q->next=s；s->next=p；D.p->next=s;s->next=q</div>"	"<div class=""top""><span class=""chip c1"">章节：线性表</span><span class=""chip c2"">课后习题</span><span class=""chip c3"">选择题</span></div><div class=""note"">（大纲未提供该题答案，请对照教材核对）</div>"	线性表 课后习题 选择题 13003数据结构与算法
"<div class=""top""><span class=""chip c1"">章节：线性表</span><span class=""chip c2"">课后习题</span><span class=""chip c3"">选择题</span></div><div class=""q"">16.在一个单链表中，若P所指结点不是终端结点，在P所指结点之后插入s所指结点，则执行的操作是().A.s->next=p；p->next=s；B.s->next=p->next；p->next=s;C.s->next=p->next；p=s；D.p->next=s；s->next=p</div>"	"<div class=""top""><span class=""chip c1"">章节：线性表</span><span class=""chip c2"">课后习题</span><span class=""chip c3"">选择题</span></div><div class=""note"">（大纲未提供该题答案，请对照教材核对）</div>"	线性表 课后习题 选择题 13003数据结构与算法
"<div class=""top""><span class=""chip c1"">章节：线性表</span><span class=""chip c2"">课后习题</span><span class=""chip c3"">选择题</span></div><div class=""q"">17.下列关于带头结点的单向循环链表L的叙述中，正确的是().A.L中最后一个结点的指针域要指向头结点B.循环链表的长度为L中数据元素个数加1C.因为L是环形的，所以无法计算链表长度D.L中最后一个结点的指针域指向首个数据结点</div>"	"<div class=""top""><span class=""chip c1"">章节：线性表</span><span class=""chip c2"">课后习题</span><span class=""chip c3"">选择题</span></div><div class=""note"">（大纲未提供该题答案，请对照教材核对）</div>"	线性表 课后习题 选择题 13003数据结构与算法
"<div class=""top""><span class=""chip c1"">章节：栈和队列</span><span class=""chip c2"">识记</span><span class=""chip c3"">栈</span></div><h1>栈</h1><div class=""q"">栈（<span class=""blank"">______</span>）是限定仅在一端进行插入和删除操作的<span class=""blank"">______</span>。能进行插入和删除的一端称为栈顶，另一端称为栈底。栈是操作受限的线性表，入栈和出栈操作只能在栈顶进行，只能看到<span class=""blank"">______</span>，不允许访问非栈顶元素。</div>"	"<div class=""top""><span class=""chip c1"">章节：栈和队列</span><span class=""chip c2"">识记</span><span class=""chip c3"">栈</span></div><h1>栈</h1><div class=""a"">栈（<span class=""hit"">stack</span>）是限定仅在一端进行插入和删除操作的<span class=""hit"">线性表</span>。能进行插入和删除的一端称为栈顶，另一端称为栈底。栈是操作受限的<span class=""hit"">线性表</span>，入栈和出栈操作只能在栈顶进行，只能看到<span class=""hit"">栈顶元素</span>，不允许访问非<span class=""hit"">栈顶元素</span>。</div><div class=""ansbox"">挖空答案：<b>stack、线性表、栈顶元素</b></div><div class=""pg"">教材页码：P99</div>"	栈和队列 识记 栈 13003数据结构与算法
"<div class=""top""><span class=""chip c1"">章节：栈和队列</span><span class=""chip c2"">识记</span><span class=""chip c3"">栈</span></div><h1>栈的容量</h1><div class=""q"">栈中最多能保存的元素个数称为栈的容量。在<span class=""blank"">______</span>中，容量由<span class=""blank"">______</span>大小maxSize决定；栈的容量必须大于等于入栈序列的元素个数n才能完成相应的入栈<span class=""blank"">______</span>操作。</div>"	"<div class=""top""><span class=""chip c1"">章节：栈和队列</span><span class=""chip c2"">识记</span><span class=""chip c3"">栈</span></div><h1>栈的容量</h1><div class=""a"">栈中最多能保存的元素个数称为栈的容量。在<span class=""hit"">顺序栈</span>中，容量由<span class=""hit"">数组</span>大小maxSize决定；栈的容量必须大于等于入栈序列的元素个数n才能完成相应的入栈<span class=""hit"">出栈</span>操作。</div><div class=""ansbox"">挖空答案：<b>顺序栈、数组、出栈</b></div><div class=""pg"">教材页码：P99</div>"	栈和队列 识记 栈 13003数据结构与算法
"<div class=""top""><span class=""chip c1"">章节：栈和队列</span><span class=""chip c2"">识记</span><span class=""chip c3"">栈</span></div><h1>顺序栈</h1><div class=""q"">顺序栈是栈的顺序存储实现方式，使用<span class=""blank"">______</span>保存栈中元素。将栈底定义在<span class=""blank"">______</span>为0的位置，同时用一个变量top标记栈顶位置（<span class=""blank"">______</span>，实为数组下标）。空栈时top=0，入栈时元素放在element[top]处再top加1。</div>"	"<div class=""top""><span class=""chip c1"">章节：栈和队列</span><span class=""chip c2"">识记</span><span class=""chip c3"">栈</span></div><h1>顺序栈</h1><div class=""a"">顺序栈是栈的顺序存储实现方式，使用<span class=""hit"">一维数组</span>保存栈中元素。将栈底定义在<span class=""hit"">数组下标</span>为0的位置，同时用一个变量top标记栈顶位置（<span class=""hit"">栈顶指针</span>，实为<span class=""hit"">数组下标</span>）。空栈时top=0，入栈时元素放在element[top]处再top加1。</div><div class=""ansbox"">挖空答案：<b>一维数组、数组下标、栈顶指针</b></div><div class=""pg"">教材页码：P102</div>"	栈和队列 识记 栈 13003数据结构与算法
"<div class=""top""><span class=""chip c1"">章节：栈和队列</span><span class=""chip c2"">识记</span><span class=""chip c3"">栈</span></div><h1>链式栈</h1><div class=""q"">链式栈是栈的链式存储实现方式，可以看作一个仅在表头位置进行操作的单链表。将<span class=""blank"">______</span>所指的一端作为栈顶，表尾一端作为栈底。入栈和出栈操作都通过头指针完成，可只定义头指针，不需要<span class=""blank"">______</span>和<span class=""blank"">______</span>。</div>"	"<div class=""top""><span class=""chip c1"">章节：栈和队列</span><span class=""chip c2"">识记</span><span class=""chip c3"">栈</span></div><h1>链式栈</h1><div class=""a"">链式栈是栈的链式存储实现方式，可以看作一个仅在表头位置进行操作的单链表。将<span class=""hit"">头指针</span>所指的一端作为栈顶，表尾一端作为栈底。入栈和出栈操作都通过<span class=""hit"">头指针</span>完成，可只定义<span class=""hit"">头指针</span>，不需要<span class=""hit"">尾指针</span>和<span class=""hit"">头结点</span>。</div><div class=""ansbox"">挖空答案：<b>头指针、尾指针、头结点</b></div><div class=""pg"">教材页码：P106</div>"	栈和队列 识记 栈 13003数据结构与算法
"<div class=""top""><span class=""chip c1"">章节：栈和队列</span><span class=""chip c2"">识记</span><span class=""chip c3"">栈</span></div><h1>栈顶</h1><div class=""q"">栈顶（<span class=""blank"">______</span>）是栈中能进行插入和删除操作的一端。入栈和出栈操作均在栈顶进行，<span class=""blank"">______</span>是当前唯一可见的元素。在<span class=""blank"">______</span>中用top变量标记栈顶位置，在链式栈中头指针指向栈顶。</div>"	"<div class=""top""><span class=""chip c1"">章节：栈和队列</span><span class=""chip c2"">识记</span><span class=""chip c3"">栈</span></div><h1>栈顶</h1><div class=""a"">栈顶（<span class=""hit"">top</span>）是栈中能进行插入和删除操作的一端。入栈和出栈操作均在栈顶进行，<span class=""hit"">栈顶元素</span>是当前唯一可见的元素。在<span class=""hit"">顺序栈</span>中用<span class=""hit"">top</span>变量标记栈顶位置，在链式栈中头指针指向栈顶。</div><div class=""ansbox"">挖空答案：<b>top、栈顶元素、顺序栈</b></div><div class=""pg"">教材页码：P99</div>"	栈和队列 识记 栈 13003数据结构与算法
"<div class=""top""><span class=""chip c1"">章节：栈和队列</span><span class=""chip c2"">识记</span><span class=""chip c3"">栈</span></div><h1>栈底</h1><div class=""q"">栈底（<span class=""blank"">______</span>）是栈中不能进行插入和删除操作的另一端，即与栈顶相对的一端。在<span class=""blank"">______</span>中，栈底通常定义在<span class=""blank"">______</span>为0的位置。</div>"	"<div class=""top""><span class=""chip c1"">章节：栈和队列</span><span class=""chip c2"">识记</span><span class=""chip c3"">栈</span></div><h1>栈底</h1><div class=""a"">栈底（<span class=""hit"">bottom</span>）是栈中不能进行插入和删除操作的另一端，即与栈顶相对的一端。在<span class=""hit"">顺序栈</span>中，栈底通常定义在<span class=""hit"">数组下标</span>为0的位置。</div><div class=""ansbox"">挖空答案：<b>bottom、顺序栈、数组下标</b></div><div class=""pg"">教材页码：P99</div>"	栈和队列 识记 栈 13003数据结构与算法
"<div class=""top""><span class=""chip c1"">章节：栈和队列</span><span class=""chip c2"">识记</span><span class=""chip c3"">栈</span></div><h1>栈顶元素</h1><div class=""q"">栈顶元素是当前位于栈顶<span class=""blank"">______</span>的元素，是栈中唯一可以直接访问和操作的元素。获取栈顶元素的操作类似于<span class=""blank"">______</span>，但操作后不修改<span class=""blank"">______</span>，不会将元素从栈中移除。</div>"	"<div class=""top""><span class=""chip c1"">章节：栈和队列</span><span class=""chip c2"">识记</span><span class=""chip c3"">栈</span></div><h1>栈顶元素</h1><div class=""a"">栈顶元素是当前位于栈顶<span class=""hit"">位置</span>的元素，是栈中唯一可以直接访问和操作的元素。获取栈顶元素的操作类似于<span class=""hit"">出栈</span>，但操作后不修改<span class=""hit"">栈顶指针</span>，不会将元素从栈中移除。</div><div class=""ansbox"">挖空答案：<b>位置、出栈、栈顶指针</b></div><div class=""pg"">教材页码：P99</div>"	栈和队列 识记 栈 13003数据结构与算法
"<div class=""top""><span class=""chip c1"">章节：栈和队列</span><span class=""chip c2"">识记</span><span class=""chip c3"">栈</span></div><h1>入栈</h1><div class=""q"">入栈（push，也称进栈或压栈）是指在栈顶插入一个元素的操作。在<span class=""blank"">______</span>中，新元素放在element[top]处，然后top值加1；在<span class=""blank"">______</span>中，创建新结点并插入在栈顶<span class=""blank"">______</span>。入栈前需判定栈是否已满。</div>"	"<div class=""top""><span class=""chip c1"">章节：栈和队列</span><span class=""chip c2"">识记</span><span class=""chip c3"">栈</span></div><h1>入栈</h1><div class=""a"">入栈（push，也称进栈或压栈）是指在栈顶插入一个元素的操作。在<span class=""hit"">顺序栈</span>中，新元素放在element[top]处，然后top值加1；在<span class=""hit"">链式栈</span>中，创建新结点并插入在栈顶<span class=""hit"">位置</span>。入栈前需判定栈是否已满。</div><div class=""ansbox"">挖空答案：<b>顺序栈、链式栈、位置</b></div><div class=""pg"">教材页码：P99</div>"	栈和队列 识记 栈 13003数据结构与算法
"<div class=""top""><span class=""chip c1"">章节：栈和队列</span><span class=""chip c2"">识记</span><span class=""chip c3"">栈</span></div><h1>出栈</h1><div class=""q"">出栈（pop，也称退栈）是指从栈顶删除一个元素的操作。在<span class=""blank"">______</span>中，先将top值减1，然后取出element[top]处的值；在<span class=""blank"">______</span>中，删除<span class=""blank"">______</span>并释放空间。出栈前需判定栈是否为空。</div>"	"<div class=""top""><span class=""chip c1"">章节：栈和队列</span><span class=""chip c2"">识记</span><span class=""chip c3"">栈</span></div><h1>出栈</h1><div class=""a"">出栈（pop，也称退栈）是指从栈顶删除一个元素的操作。在<span class=""hit"">顺序栈</span>中，先将top值减1，然后取出element[top]处的值；在<span class=""hit"">链式栈</span>中，删除<span class=""hit"">头结点</span>并释放空间。出栈前需判定栈是否为空。</div><div class=""ansbox"">挖空答案：<b>顺序栈、链式栈、头结点</b></div><div class=""pg"">教材页码：P99</div>"	栈和队列 识记 栈 13003数据结构与算法
"<div class=""top""><span class=""chip c1"">章节：栈和队列</span><span class=""chip c2"">识记</span><span class=""chip c3"">栈</span></div><h1>出栈序列</h1><div class=""q"">出栈序列是指元素从栈中依次出栈所形成的排列次序。由于栈具有后进先出的特性，出栈序列一般与<span class=""blank"">______</span>序列相反。给定入栈序列，合理的出栈序列不止一种，其个数为卡特兰数C(2n,n)/(n+1)。</div>"	"<div class=""top""><span class=""chip c1"">章节：栈和队列</span><span class=""chip c2"">识记</span><span class=""chip c3"">栈</span></div><h1>出栈序列</h1><div class=""a"">出栈序列是指元素从栈中依次出栈所形成的排列次序。由于栈具有后进先出的特性，出栈序列一般与<span class=""hit"">入栈</span>序列相反。给定<span class=""hit"">入栈</span>序列，合理的出栈序列不止一种，其个数为卡特兰数C(2n,n)/(n+1)。</div><div class=""ansbox"">挖空答案：<b>入栈</b></div><div class=""pg"">教材页码：P99</div>"	栈和队列 识记 栈 13003数据结构与算法
"<div class=""top""><span class=""chip c1"">章节：栈和队列</span><span class=""chip c2"">识记</span><span class=""chip c3"">栈</span></div><h1>栈空</h1><div class=""q"">栈空是指栈中没有元素的状态。在<span class=""blank"">______</span>中，当top值等于0时表示栈空；在<span class=""blank"">______</span>中，当<span class=""blank"">______</span>为NULL时表示栈空。空栈时不能执行出栈操作。</div>"	"<div class=""top""><span class=""chip c1"">章节：栈和队列</span><span class=""chip c2"">识记</span><span class=""chip c3"">栈</span></div><h1>栈空</h1><div class=""a"">栈空是指栈中没有元素的状态。在<span class=""hit"">顺序栈</span>中，当top值等于0时表示栈空；在<span class=""hit"">链式栈</span>中，当<span class=""hit"">栈顶指针</span>为NULL时表示栈空。空栈时不能执行出栈操作。</div><div class=""ansbox"">挖空答案：<b>顺序栈、链式栈、栈顶指针</b></div><div class=""pg"">教材页码：P99</div>"	栈和队列 识记 栈 13003数据结构与算法
"<div class=""top""><span class=""chip c1"">章节：栈和队列</span><span class=""chip c2"">识记</span><span class=""chip c3"">栈</span></div><h1>栈满</h1><div class=""q"">栈满是指栈中元素个数已达到最大容量的状态。在<span class=""blank"">______</span>中，当top值等于maxSize时表示栈满；在<span class=""blank"">______</span>中，通常不会出现栈满（内存足够时）。栈满时不能执行<span class=""blank"">______</span>操作。</div>"	"<div class=""top""><span class=""chip c1"">章节：栈和队列</span><span class=""chip c2"">识记</span><span class=""chip c3"">栈</span></div><h1>栈满</h1><div class=""a"">栈满是指栈中元素个数已达到最大容量的状态。在<span class=""hit"">顺序栈</span>中，当top值等于maxSize时表示栈满；在<span class=""hit"">链式栈</span>中，通常不会出现栈满（内存足够时）。栈满时不能执行<span class=""hit"">入栈</span>操作。</div><div class=""ansbox"">挖空答案：<b>顺序栈、链式栈、入栈</b></div><div class=""pg"">教材页码：P104</div>"	栈和队列 识记 栈 13003数据结构与算法
"<div class=""top""><span class=""chip c1"">章节：栈和队列</span><span class=""chip c2"">领会</span><span class=""chip c3"">栈</span></div><h1>栈的先进后出特性</h1><div class=""q"">栈的先进后出（LIFO，Last In First Out）特性是指最先<span class=""blank"">______</span>的元素最后<span class=""blank"">______</span>，最后入栈的元素最先出栈。入栈时元素依次压入<span class=""blank"">______</span>，出栈时从栈顶开始弹出，出栈次序与入栈次序相反。</div>"	"<div class=""top""><span class=""chip c1"">章节：栈和队列</span><span class=""chip c2"">领会</span><span class=""chip c3"">栈</span></div><h1>栈的先进后出特性</h1><div class=""a"">栈的先进后出（LIFO，Last In First Out）特性是指最先<span class=""hit"">入栈</span>的元素最后<span class=""hit"">出栈</span>，最后<span class=""hit"">入栈</span>的元素最先<span class=""hit"">出栈</span>。<span class=""hit"">入栈</span>时元素依次压<span class=""hit"">入栈</span>顶，<span class=""hit"">出栈</span>时从<span class=""hit"">栈顶</span>开始弹出，<span class=""hit"">出栈</span>次序与<span class=""hit"">入栈</span>次序相反。</div><div class=""ansbox"">挖空答案：<b>入栈、出栈、栈顶</b></div><div class=""pg"">教材页码：P99</div>"	栈和队列 领会 栈 13003数据结构与算法
"<div class=""top""><span class=""chip c1"">章节：栈和队列</span><span class=""chip c2"">领会</span><span class=""chip c3"">栈</span></div><h1>能够得到的合理出栈序列</h1><div class=""q"">对于给定的<span class=""blank"">______</span>序列，并非所有排列都是合理的<span class=""blank"">______</span>。合理出栈序列需满足：只要栈不空就允许出栈，只要栈不满就允许入栈。对于n个元素的入栈序列，合理出栈序列个数为卡特兰数C(2n,n)/(n+1)。判断方法是模拟入栈出栈过程，能写出完整操作序列的即为合理序列。</div>"	"<div class=""top""><span class=""chip c1"">章节：栈和队列</span><span class=""chip c2"">领会</span><span class=""chip c3"">栈</span></div><h1>能够得到的合理出栈序列</h1><div class=""a"">对于给定的<span class=""hit"">入栈</span>序列，并非所有排列都是合理的<span class=""hit"">出栈序列</span>。合理<span class=""hit"">出栈序列</span>需满足：只要栈不空就允许出栈，只要栈不满就允许<span class=""hit"">入栈</span>。对于n个元素的<span class=""hit"">入栈</span>序列，合理<span class=""hit"">出栈序列</span>个数为卡特兰数C(2n,n)/(n+1)。判断方法是模拟<span class=""hit"">入栈</span>出栈过程，能写出完整操作序列的即为合理序列。</div><div class=""ansbox"">挖空答案：<b>入栈、出栈序列</b></div><div class=""pg"">教材页码：P99</div>"	栈和队列 领会 栈 13003数据结构与算法
"<div class=""top""><span class=""chip c1"">章节：栈和队列</span><span class=""chip c2"">领会</span><span class=""chip c3"">栈</span></div><h1>顺序和链式实现方式下栈空</h1><div class=""q"">顺序栈栈空判定：当top值等于0时表示栈空（采用top指向紧邻<span class=""blank"">______</span>下一个空位置的定义方式）。链式栈栈空判定：当<span class=""blank"">______</span>（<span class=""blank"">______</span>）等于NULL时表示栈空。两种方式均通过检查指针/下标值来判定。</div>"	"<div class=""top""><span class=""chip c1"">章节：栈和队列</span><span class=""chip c2"">领会</span><span class=""chip c3"">栈</span></div><h1>顺序和链式实现方式下栈空</h1><div class=""a"">顺序栈栈空判定：当top值等于0时表示栈空（采用top指向紧邻<span class=""hit"">栈顶元素</span>下一个空位置的定义方式）。链式栈栈空判定：当<span class=""hit"">栈顶指针</span>（<span class=""hit"">头指针</span>）等于NULL时表示栈空。两种方式均通过检查指针/下标值来判定。</div><div class=""ansbox"">挖空答案：<b>栈顶元素、栈顶指针、头指针</b></div><div class=""pg"">教材页码：P104</div>"	栈和队列 领会 栈 13003数据结构与算法
"<div class=""top""><span class=""chip c1"">章节：栈和队列</span><span class=""chip c2"">领会</span><span class=""chip c3"">栈</span></div><h1>栈满的判定条件</h1><div class=""q"">顺序栈栈满判定条件：当top值等于maxSize（<span class=""blank"">______</span>最大容量）时表示栈满，即(top==maxSize)。<span class=""blank"">______</span>通常不判断栈满，因为链<span class=""blank"">______</span>度可变，只要内存足够就不会满。</div>"	"<div class=""top""><span class=""chip c1"">章节：栈和队列</span><span class=""chip c2"">领会</span><span class=""chip c3"">栈</span></div><h1>栈满的判定条件</h1><div class=""a"">顺序栈栈满判定条件：当top值等于maxSize（<span class=""hit"">数组</span>最大容量）时表示栈满，即(top==maxSize)。<span class=""hit"">链式栈</span>通常不判断栈满，因为链<span class=""hit"">表长</span>度可变，只要内存足够就不会满。</div><div class=""ansbox"">挖空答案：<b>数组、链式栈、表长</b></div><div class=""pg"">教材页码：P104</div>"	栈和队列 领会 栈 13003数据结构与算法
"<div class=""top""><span class=""chip c1"">章节：栈和队列</span><span class=""chip c2"">领会</span><span class=""chip c3"">栈</span></div><h1>顺序和链式实现方式下栈基本操作的定义</h1><div class=""q"">栈的<span class=""blank"">______</span>包括：initStack初始化栈、clear清空栈、push入栈、pop出栈、gettop获取<span class=""blank"">______</span>、isEmpty判空、isFull判满。顺序栈通过数组下标top的增减实现，链式栈通过链表头指针的修改实现，两种方式下操作的<span class=""blank"">______</span>均为O(1)。</div>"	"<div class=""top""><span class=""chip c1"">章节：栈和队列</span><span class=""chip c2"">领会</span><span class=""chip c3"">栈</span></div><h1>顺序和链式实现方式下栈基本操作的定义</h1><div class=""a"">栈的<span class=""hit"">基本操作</span>包括：initStack初始化栈、clear清空栈、push入栈、pop出栈、gettop获取<span class=""hit"">栈顶元素</span>、isEmpty判空、isFull判满。顺序栈通过数组下标top的增减实现，链式栈通过链表头指针的修改实现，两种方式下操作的<span class=""hit"">时间复杂度</span>均为O(1)。</div><div class=""ansbox"">挖空答案：<b>基本操作、栈顶元素、时间复杂度</b></div><div class=""pg"">教材页码：P99</div>"	栈和队列 领会 栈 13003数据结构与算法
"<div class=""top""><span class=""chip c1"">章节：栈和队列</span><span class=""chip c2"">简单应用</span><span class=""chip c3"">栈</span></div><h1>能够判定序列是否为栈的合理出栈序列</h1><div class=""q"">判定序列是否为合理<span class=""blank"">______</span>的方法：按入栈序列依次入栈，每当<span class=""blank"">______</span>与目标出栈序列当前元素匹配时就出栈并移动到下一个目标元素。若能扫描完整个入栈序列且栈最终为空，则该序列合理；否则不合理。关键规律：对于<span class=""blank"">______</span>入栈序列，任一元素之后小于它的所有元素必须构成降序序列。</div>"	"<div class=""top""><span class=""chip c1"">章节：栈和队列</span><span class=""chip c2"">简单应用</span><span class=""chip c3"">栈</span></div><h1>能够判定序列是否为栈的合理出栈序列</h1><div class=""a"">判定序列是否为合理<span class=""hit"">出栈序列</span>的方法：按入栈序列依次入栈，每当<span class=""hit"">栈顶元素</span>与目标<span class=""hit"">出栈序列</span>当前元素匹配时就出栈并移动到下一个目标元素。若能扫描完整个入栈序列且栈最终为空，则该序列合理；否则不合理。关键规律：对于<span class=""hit"">升序</span>入栈序列，任一元素之后小于它的所有元素必须构成降序序列。</div><div class=""ansbox"">挖空答案：<b>出栈序列、栈顶元素、升序</b></div><div class=""pg"">教材页码：P100</div>"	栈和队列 简单应用 栈 13003数据结构与算法
"<div class=""top""><span class=""chip c1"">章节：栈和队列</span><span class=""chip c2"">简单应用</span><span class=""chip c3"">栈</span></div><h1>顺序栈及链式栈基本操作的实现</h1><div class=""q""><span class=""blank"">______</span>实现：用数组element[]存储元素，top标记栈顶位置。入栈时先判满再element[top++]=x；出栈时先判空再x=element[--top]。链式栈实现：用单链表存储，<span class=""blank"">______</span>为栈顶。入栈时新建结点插在表头；出栈时删除头结点。两种方式的push、pop、gettop<span class=""blank"">______</span>均为O(1)。</div>"	"<div class=""top""><span class=""chip c1"">章节：栈和队列</span><span class=""chip c2"">简单应用</span><span class=""chip c3"">栈</span></div><h1>顺序栈及链式栈基本操作的实现</h1><div class=""a""><span class=""hit"">顺序栈</span>实现：用数组element[]存储元素，top标记栈顶位置。入栈时先判满再element[top++]=x；出栈时先判空再x=element[--top]。链式栈实现：用单链表存储，<span class=""hit"">头指针</span>为栈顶。入栈时新建结点插在表头；出栈时删除头结点。两种方式的push、pop、gettop<span class=""hit"">时间复杂度</span>均为O(1)。</div><div class=""ansbox"">挖空答案：<b>顺序栈、头指针、时间复杂度</b></div><div class=""pg"">教材页码：P102</div>"	栈和队列 简单应用 栈 13003数据结构与算法
"<div class=""top""><span class=""chip c1"">章节：栈和队列</span><span class=""chip c2"">综合应用</span><span class=""chip c3"">栈</span></div><h1>括号匹配算法的实现</h1><div class=""q"">括号匹配<span class=""blank"">______</span>：从左至右扫描符号串，遇开括号（如&#x27;(&#x27;、&#x27;[&#x27;、&#x27;{&#x27;）则入栈；遇闭括号时，若<span class=""blank"">______</span>则不匹配，否则弹<span class=""blank"">______</span>顶开括号检查是否配对，不配对则表达式不平衡。扫描结束后栈必须为空才平衡。不平衡情况有：闭括号与栈顶开括号不匹配、扫描完栈不空、遇闭括号时栈为空。</div>"	"<div class=""top""><span class=""chip c1"">章节：栈和队列</span><span class=""chip c2"">综合应用</span><span class=""chip c3"">栈</span></div><h1>括号匹配算法的实现</h1><div class=""a"">括号匹配<span class=""hit"">算法</span>：从左至右扫描符号串，遇开括号（如&#x27;(&#x27;、&#x27;[&#x27;、&#x27;{&#x27;）则入栈；遇闭括号时，若<span class=""hit"">栈空</span>则不匹配，否则弹<span class=""hit"">出栈</span>顶开括号检查是否配对，不配对则表达式不平衡。扫描结束后栈必须为空才平衡。不平衡情况有：闭括号与栈顶开括号不匹配、扫描完栈不空、遇闭括号时栈为空。</div><div class=""ansbox"">挖空答案：<b>算法、栈空、出栈</b></div><div class=""pg"">教材页码：P125</div>"	栈和队列 综合应用 栈 13003数据结构与算法
"<div class=""top""><span class=""chip c1"">章节：栈和队列</span><span class=""chip c2"">综合应用</span><span class=""chip c3"">栈</span></div><h1>中缀表达式转换为后缀表达式算法的实现</h1><div class=""q"">中缀转后缀<span class=""blank"">______</span>：自左至右扫描中缀表达式，遇操作数直接输出；遇运算符时与<span class=""blank"">______</span>运算符比较优先级。栈内优先级≥栈外则弹出输出，栈外优先级高则入栈；遇开括号&#x27;(&#x27;入栈（栈内优先级最低），遇闭括号则弹出运算符直到遇&#x27;(&#x27;。表达式读完后弹<span class=""blank"">______</span>中剩余运算符。需给每个运算符设定栈内和栈外两个优先级。</div>"	"<div class=""top""><span class=""chip c1"">章节：栈和队列</span><span class=""chip c2"">综合应用</span><span class=""chip c3"">栈</span></div><h1>中缀表达式转换为后缀表达式算法的实现</h1><div class=""a"">中缀转后缀<span class=""hit"">算法</span>：自左至右扫描中缀表达式，遇操作数直接输出；遇运算符时与<span class=""hit"">栈顶</span>运算符比较优先级。栈内优先级≥栈外则弹出输出，栈外优先级高则入栈；遇开括号&#x27;(&#x27;入栈（栈内优先级最低），遇闭括号则弹出运算符直到遇&#x27;(&#x27;。表达式读完后弹<span class=""hit"">出栈</span>中剩余运算符。需给每个运算符设定栈内和栈外两个优先级。</div><div class=""ansbox"">挖空答案：<b>算法、栈顶、出栈</b></div><div class=""pg"">教材页码：P129</div>"	栈和队列 综合应用 栈 13003数据结构与算法
"<div class=""top""><span class=""chip c1"">章节：栈和队列</span><span class=""chip c2"">综合应用</span><span class=""chip c3"">栈</span></div><h1>计算后缀表达式算法的实现</h1><div class=""q"">后缀表达式计算<span class=""blank"">______</span>：从左至右扫描后缀表达式，使用栈保存操作数。遇操作数则<span class=""blank"">______</span>；遇运算符则弹出两个操作数（先弹的为右操作数，后弹的为左操作数），执行运算后结果入栈。扫描结束后栈中剩余的元素即为计算结果。</div>"	"<div class=""top""><span class=""chip c1"">章节：栈和队列</span><span class=""chip c2"">综合应用</span><span class=""chip c3"">栈</span></div><h1>计算后缀表达式算法的实现</h1><div class=""a"">后缀表达式计算<span class=""hit"">算法</span>：从左至右扫描后缀表达式，使用栈保存操作数。遇操作数则<span class=""hit"">入栈</span>；遇运算符则弹出两个操作数（先弹的为右操作数，后弹的为左操作数），执行运算后结果<span class=""hit"">入栈</span>。扫描结束后栈中剩余的元素即为计算结果。</div><div class=""ansbox"">挖空答案：<b>算法、入栈</b></div><div class=""pg"">教材页码：P132</div>"	栈和队列 综合应用 栈 13003数据结构与算法
"<div class=""top""><span class=""chip c1"">章节：栈和队列</span><span class=""chip c2"">综合应用</span><span class=""chip c3"">栈</span></div><h1>设计算法解决栈的应用问题</h1><div class=""q"">栈的应用问题设计：利用栈的后进先出特性解决实际问题。常见应用包括：括号匹配检查、中缀表达式转后缀表达式、后缀表达式求值、函数调用栈（<span class=""blank"">______</span>调用的断点保存与恢复）、杨辉三角输出等。核心思路是利用栈保存临时性<span class=""blank"">______</span>，在需要时按后进先出的次序取出。</div>"	"<div class=""top""><span class=""chip c1"">章节：栈和队列</span><span class=""chip c2"">综合应用</span><span class=""chip c3"">栈</span></div><h1>设计算法解决栈的应用问题</h1><div class=""a"">栈的应用问题设计：利用栈的后进先出特性解决实际问题。常见应用包括：括号匹配检查、中缀表达式转后缀表达式、后缀表达式求值、函数调用栈（<span class=""hit"">递归</span>调用的断点保存与恢复）、杨辉三角输出等。核心思路是利用栈保存临时性<span class=""hit"">数据</span>，在需要时按后进先出的次序取出。</div><div class=""ansbox"">挖空答案：<b>递归、数据</b></div><div class=""pg"">教材页码：P124</div>"	栈和队列 综合应用 栈 13003数据结构与算法
"<div class=""top""><span class=""chip c1"">章节：栈和队列</span><span class=""chip c2"">识记</span><span class=""chip c3"">队列</span></div><h1>队列</h1><div class=""q"">队列（<span class=""blank"">______</span>）是只能在表的一端进行插入、在另一端进行删除的<span class=""blank"">______</span>。能进行插入的一端称为队尾，能进行删除的一端称为队头。队列具有先进先出（<span class=""blank"">______</span>）的特性，先来先服务。给定入队序列仅能得到一个出队序列，且与入队序列完全相同。</div>"	"<div class=""top""><span class=""chip c1"">章节：栈和队列</span><span class=""chip c2"">识记</span><span class=""chip c3"">队列</span></div><h1>队列</h1><div class=""a"">队列（<span class=""hit"">queue</span>）是只能在表的一端进行插入、在另一端进行删除的<span class=""hit"">线性表</span>。能进行插入的一端称为队尾，能进行删除的一端称为队头。队列具有先进先出（<span class=""hit"">FIFO</span>）的特性，先来先服务。给定入队序列仅能得到一个出队序列，且与入队序列完全相同。</div><div class=""ansbox"">挖空答案：<b>queue、线性表、FIFO</b></div><div class=""pg"">教材页码：P109</div>"	栈和队列 识记 队列 13003数据结构与算法
"<div class=""top""><span class=""chip c1"">章节：栈和队列</span><span class=""chip c2"">识记</span><span class=""chip c3"">队列</span></div><h1>队头</h1><div class=""q"">队头（<span class=""blank"">______</span>头）是队列中能进行删除操作（出队）的一端。<span class=""blank"">______</span>是队列中最先进来的元素。在<span class=""blank"">______</span>中用front变量指示队头位置，出队操作在队头进行。</div>"	"<div class=""top""><span class=""chip c1"">章节：栈和队列</span><span class=""chip c2"">识记</span><span class=""chip c3"">队列</span></div><h1>队头</h1><div class=""a"">队头（<span class=""hit"">队列</span>头）是<span class=""hit"">队列</span>中能进行删除操作（出队）的一端。<span class=""hit"">队头元素</span>是<span class=""hit"">队列</span>中最先进来的元素。在<span class=""hit"">循环队列</span>中用front变量指示队头位置，出队操作在队头进行。</div><div class=""ansbox"">挖空答案：<b>队列、队头元素、循环队列</b></div><div class=""pg"">教材页码：P109</div>"	栈和队列 识记 队列 13003数据结构与算法
"<div class=""top""><span class=""chip c1"">章节：栈和队列</span><span class=""chip c2"">识记</span><span class=""chip c3"">队列</span></div><h1>队尾</h1><div class=""q"">队尾（<span class=""blank"">______</span>尾）是队列中能进行插入操作（入队）的一端。<span class=""blank"">______</span>是队列中最新加入的元素。在<span class=""blank"">______</span>中用rear变量指示队尾位置（通常指向队尾元素后面的空位置），入队操作在队尾进行。</div>"	"<div class=""top""><span class=""chip c1"">章节：栈和队列</span><span class=""chip c2"">识记</span><span class=""chip c3"">队列</span></div><h1>队尾</h1><div class=""a"">队尾（<span class=""hit"">队列</span>尾）是<span class=""hit"">队列</span>中能进行插入操作（入队）的一端。<span class=""hit"">队尾元素</span>是<span class=""hit"">队列</span>中最新加入的元素。在<span class=""hit"">循环队列</span>中用rear变量指示队尾位置（通常指向<span class=""hit"">队尾元素</span>后面的空位置），入队操作在队尾进行。</div><div class=""ansbox"">挖空答案：<b>队列、队尾元素、循环队列</b></div><div class=""pg"">教材页码：P109</div>"	栈和队列 识记 队列 13003数据结构与算法
"<div class=""top""><span class=""chip c1"">章节：栈和队列</span><span class=""chip c2"">识记</span><span class=""chip c3"">队列</span></div><h1>队列长度</h1><div class=""q"">队列长度是指队列中当前所含元素的个数。在<span class=""blank"">______</span>中，队列长度可根据<span class=""blank"">______</span>front和<span class=""blank"">______</span>rear的相对位置计算：length=(rear-front+maxSize)%maxSize。</div>"	"<div class=""top""><span class=""chip c1"">章节：栈和队列</span><span class=""chip c2"">识记</span><span class=""chip c3"">队列</span></div><h1>队列长度</h1><div class=""a"">队列长度是指队列中当前所含元素的个数。在<span class=""hit"">循环队列</span>中，队列长度可根据<span class=""hit"">队头指针</span>front和<span class=""hit"">队尾指针</span>rear的相对位置计算：length=(rear-front+maxSize)%maxSize。</div><div class=""ansbox"">挖空答案：<b>循环队列、队头指针、队尾指针</b></div><div class=""pg"">教材页码：P109</div>"	栈和队列 识记 队列 13003数据结构与算法
"<div class=""top""><span class=""chip c1"">章节：栈和队列</span><span class=""chip c2"">识记</span><span class=""chip c3"">队列</span></div><h1>队头元素</h1><div class=""q"">队头元素是<span class=""blank"">______</span>中最先进来的元素，即位于队头一端的元素。在队列表示Q=(a0,a1,...,a_{n-1})中，a0称为队头元素。<span class=""blank"">______</span>操作删除的就是队头元素。</div>"	"<div class=""top""><span class=""chip c1"">章节：栈和队列</span><span class=""chip c2"">识记</span><span class=""chip c3"">队列</span></div><h1>队头元素</h1><div class=""a"">队头元素是<span class=""hit"">队列</span>中最先进来的元素，即位于队头一端的元素。在<span class=""hit"">队列</span>表示Q=(a0,a1,...,a_{n-1})中，a0称为队头元素。<span class=""hit"">出队</span>操作删除的就是队头元素。</div><div class=""ansbox"">挖空答案：<b>队列、出队</b></div><div class=""pg"">教材页码：P109</div>"	栈和队列 识记 队列 13003数据结构与算法
"<div class=""top""><span class=""chip c1"">章节：栈和队列</span><span class=""chip c2"">识记</span><span class=""chip c3"">队列</span></div><h1>队尾元素</h1><div class=""q"">队尾元素是<span class=""blank"">______</span>中最新加入的元素，即位于队尾一端的元素。在队列表示Q=(a0,a1,...,a_{n-1})中，a_{n-1}称为队尾元素。<span class=""blank"">______</span>操作在队尾添加新元素。</div>"	"<div class=""top""><span class=""chip c1"">章节：栈和队列</span><span class=""chip c2"">识记</span><span class=""chip c3"">队列</span></div><h1>队尾元素</h1><div class=""a"">队尾元素是<span class=""hit"">队列</span>中最新加入的元素，即位于队尾一端的元素。在<span class=""hit"">队列</span>表示Q=(a0,a1,...,a_{n-1})中，a_{n-1}称为队尾元素。<span class=""hit"">入队</span>操作在队尾添加新元素。</div><div class=""ansbox"">挖空答案：<b>队列、入队</b></div><div class=""pg"">教材页码：P109</div>"	栈和队列 识记 队列 13003数据结构与算法
"<div class=""top""><span class=""chip c1"">章节：栈和队列</span><span class=""chip c2"">识记</span><span class=""chip c3"">队列</span></div><h1>人队</h1><div class=""q"">入队（<span class=""blank"">______</span>）是指在队尾插入一个元素的操作。在<span class=""blank"">______</span>中，新元素保存在rear指向的位置，然后rear=(rear+1)%n。入队前需判定队列是否已满。在<span class=""blank"">______</span>中，入队操作在链表表尾插入新结点。</div>"	"<div class=""top""><span class=""chip c1"">章节：栈和队列</span><span class=""chip c2"">识记</span><span class=""chip c3"">队列</span></div><h1>人队</h1><div class=""a"">入队（<span class=""hit"">enqueue</span>）是指在队尾插入一个元素的操作。在<span class=""hit"">循环队列</span>中，新元素保存在rear指向的位置，然后rear=(rear+1)%n。入队前需判定队列是否已满。在<span class=""hit"">链式队列</span>中，入队操作在链表表尾插入新结点。</div><div class=""ansbox"">挖空答案：<b>enqueue、循环队列、链式队列</b></div><div class=""pg"">教材页码：P109</div>"	栈和队列 识记 队列 13003数据结构与算法
"<div class=""top""><span class=""chip c1"">章节：栈和队列</span><span class=""chip c2"">识记</span><span class=""chip c3"">队列</span></div><h1>出队</h1><div class=""q"">出队（<span class=""blank"">______</span>）是指从队头删除一个元素的操作。在<span class=""blank"">______</span>中，取出front指向位置的元素，然后front=(front+1)%n。出队前需判定队列是否为空。在<span class=""blank"">______</span>中，出队操作在链表表头删除结点。</div>"	"<div class=""top""><span class=""chip c1"">章节：栈和队列</span><span class=""chip c2"">识记</span><span class=""chip c3"">队列</span></div><h1>出队</h1><div class=""a"">出队（<span class=""hit"">dequeue</span>）是指从队头删除一个元素的操作。在<span class=""hit"">循环队列</span>中，取出front指向位置的元素，然后front=(front+1)%n。出队前需判定队列是否为空。在<span class=""hit"">链式队列</span>中，出队操作在链表表头删除结点。</div><div class=""ansbox"">挖空答案：<b>dequeue、循环队列、链式队列</b></div><div class=""pg"">教材页码：P109</div>"	栈和队列 识记 队列 13003数据结构与算法
"<div class=""top""><span class=""chip c1"">章节：栈和队列</span><span class=""chip c2"">识记</span><span class=""chip c3"">队列</span></div><h1>循环队列</h1><div class=""q"">循环队列是使用循环存储思想实现的<span class=""blank"">______</span>。将<span class=""blank"">______</span>想象成首尾相接的圆环，A[n-1]的后面是A[0]，通过取模运算实现下标循环：入队rear=(rear+1)%n，出队front=(front+1)%n。一般顺序队列均采用循环方式实现，以避免<span class=""blank"">______</span>。</div>"	"<div class=""top""><span class=""chip c1"">章节：栈和队列</span><span class=""chip c2"">识记</span><span class=""chip c3"">队列</span></div><h1>循环队列</h1><div class=""a"">循环队列是使用循环存储思想实现的<span class=""hit"">顺序队列</span>。将<span class=""hit"">数组</span>想象成首尾相接的圆环，A[n-1]的后面是A[0]，通过取模运算实现下标循环：入队rear=(rear+1)%n，出队front=(front+1)%n。一般<span class=""hit"">顺序队列</span>均采用循环方式实现，以避免<span class=""hit"">假溢出</span>。</div><div class=""ansbox"">挖空答案：<b>顺序队列、数组、假溢出</b></div><div class=""pg"">教材页码：P111</div>"	栈和队列 识记 队列 13003数据结构与算法
"<div class=""top""><span class=""chip c1"">章节：栈和队列</span><span class=""chip c2"">识记</span><span class=""chip c3"">队列</span></div><h1>链式队列</h1><div class=""q"">链式队列是队列的链式存储实现，使用带<span class=""blank"">______</span>front和<span class=""blank"">______</span>rear的单链表作为<span class=""blank"">______</span>。入队相当于在链表表尾插入，出队相当于在链表表头删除。通常不需要头结点，第一个元素入队时需同时修改front和rear指针。</div>"	"<div class=""top""><span class=""chip c1"">章节：栈和队列</span><span class=""chip c2"">识记</span><span class=""chip c3"">队列</span></div><h1>链式队列</h1><div class=""a"">链式队列是队列的链式存储实现，使用带<span class=""hit"">队头指针</span>front和<span class=""hit"">队尾指针</span>rear的单链表作为<span class=""hit"">存储结构</span>。入队相当于在链表表尾插入，出队相当于在链表表头删除。通常不需要头结点，第一个元素入队时需同时修改front和rear指针。</div><div class=""ansbox"">挖空答案：<b>队头指针、队尾指针、存储结构</b></div><div class=""pg"">教材页码：P114</div>"	栈和队列 识记 队列 13003数据结构与算法
"<div class=""top""><span class=""chip c1"">章节：栈和队列</span><span class=""chip c2"">识记</span><span class=""chip c3"">队列</span></div><h1>队列空</h1><div class=""q"">队列空是指队列中没有元素的状态。在<span class=""blank"">______</span>中，当front==rear时表示队列为空。在<span class=""blank"">______</span>中，当front和rear均为NULL时表示队列为空。<span class=""blank"">______</span>时不能执行出队操作。</div>"	"<div class=""top""><span class=""chip c1"">章节：栈和队列</span><span class=""chip c2"">识记</span><span class=""chip c3"">队列</span></div><h1>队列空</h1><div class=""a"">队列空是指队列中没有元素的状态。在<span class=""hit"">循环队列</span>中，当front==rear时表示队列为空。在<span class=""hit"">链式队列</span>中，当front和rear均为NULL时表示队列为空。<span class=""hit"">队空</span>时不能执行出队操作。</div><div class=""ansbox"">挖空答案：<b>循环队列、链式队列、队空</b></div><div class=""pg"">教材页码：P114</div>"	栈和队列 识记 队列 13003数据结构与算法
"<div class=""top""><span class=""chip c1"">章节：栈和队列</span><span class=""chip c2"">识记</span><span class=""chip c3"">队列</span></div><h1>队列满</h1><div class=""q"">队列满是指队列中已无空闲单元保存新元素的状态。在<span class=""blank"">______</span>中，采用预留一个空位置的方法，当(rear+1)%n==front时表示队列满。也可增设变量记录<span class=""blank"">______</span>或标记入队/<span class=""blank"">______</span>来区分空与满。</div>"	"<div class=""top""><span class=""chip c1"">章节：栈和队列</span><span class=""chip c2"">识记</span><span class=""chip c3"">队列</span></div><h1>队列满</h1><div class=""a"">队列满是指队列中已无空闲单元保存新元素的状态。在<span class=""hit"">循环队列</span>中，采用预留一个空位置的方法，当(rear+1)%n==front时表示队列满。也可增设变量记录<span class=""hit"">队列长度</span>或标记入队/<span class=""hit"">出队</span>来区分空与满。</div><div class=""ansbox"">挖空答案：<b>循环队列、队列长度、出队</b></div><div class=""pg"">教材页码：P114</div>"	栈和队列 识记 队列 13003数据结构与算法
"<div class=""top""><span class=""chip c1"">章节：栈和队列</span><span class=""chip c2"">识记</span><span class=""chip c3"">队列</span></div><h1>队头指针</h1><div class=""q"">队头指针（<span class=""blank"">______</span>）是指示队列队头位置的整型变量（实为数组下标），在<span class=""blank"">______</span>中标记队头元素所在位置。出队时front=(front+1)%n。在<span class=""blank"">______</span>中，front是指向队头结点的指针。</div>"	"<div class=""top""><span class=""chip c1"">章节：栈和队列</span><span class=""chip c2"">识记</span><span class=""chip c3"">队列</span></div><h1>队头指针</h1><div class=""a"">队头指针（<span class=""hit"">front</span>）是指示队列队头位置的整型变量（实为数组下标），在<span class=""hit"">循环队列</span>中标记队头元素所在位置。出队时<span class=""hit"">front</span>=(<span class=""hit"">front</span>+1)%n。在<span class=""hit"">链式队列</span>中，<span class=""hit"">front</span>是指向队头结点的指针。</div><div class=""ansbox"">挖空答案：<b>front、循环队列、链式队列</b></div><div class=""pg"">教材页码：P110</div>"	栈和队列 识记 队列 13003数据结构与算法
"<div class=""top""><span class=""chip c1"">章节：栈和队列</span><span class=""chip c2"">识记</span><span class=""chip c3"">队列</span></div><h1>队尾指针</h1><div class=""q"">队尾指针（<span class=""blank"">______</span>）是指示队列队尾位置的整型变量（实为数组下标），在<span class=""blank"">______</span>中通常指向队尾元素后面的空位置。入队时rear=(rear+1)%n。在<span class=""blank"">______</span>中，rear是指向队尾结点的指针。</div>"	"<div class=""top""><span class=""chip c1"">章节：栈和队列</span><span class=""chip c2"">识记</span><span class=""chip c3"">队列</span></div><h1>队尾指针</h1><div class=""a"">队尾指针（<span class=""hit"">rear</span>）是指示队列队尾位置的整型变量（实为数组下标），在<span class=""hit"">循环队列</span>中通常指向队尾元素后面的空位置。入队时<span class=""hit"">rear</span>=(<span class=""hit"">rear</span>+1)%n。在<span class=""hit"">链式队列</span>中，<span class=""hit"">rear</span>是指向队尾结点的指针。</div><div class=""ansbox"">挖空答案：<b>rear、循环队列、链式队列</b></div><div class=""pg"">教材页码：P110</div>"	栈和队列 识记 队列 13003数据结构与算法
"<div class=""top""><span class=""chip c1"">章节：栈和队列</span><span class=""chip c2"">领会</span><span class=""chip c3"">队列</span></div><h1>循环队列的特点</h1><div class=""q"">循环队列的特点：用<span class=""blank"">______</span>顺序存储但采用循环方式使用空间，通过取模运算实现下标首尾相接。入队时rear=(rear+1)%n，<span class=""blank"">______</span>时front=(front+1)%n，不需要移动元素。为区分空与满，通常预留一个空<span class=""blank"">______</span>，判满条件为(rear+1)%n==front。</div>"	"<div class=""top""><span class=""chip c1"">章节：栈和队列</span><span class=""chip c2"">领会</span><span class=""chip c3"">队列</span></div><h1>循环队列的特点</h1><div class=""a"">循环队列的特点：用<span class=""hit"">数组</span>顺序存储但采用循环方式使用空间，通过取模运算实现下标首尾相接。入队时rear=(rear+1)%n，<span class=""hit"">出队</span>时front=(front+1)%n，不需要移动元素。为区分空与满，通常预留一个空<span class=""hit"">位置</span>，判满条件为(rear+1)%n==front。</div><div class=""ansbox"">挖空答案：<b>数组、出队、位置</b></div><div class=""pg"">教材页码：P111</div>"	栈和队列 领会 队列 13003数据结构与算法
"<div class=""top""><span class=""chip c1"">章节：栈和队列</span><span class=""chip c2"">领会</span><span class=""chip c3"">队列</span></div><h1>存储结构及实现机制</h1><div class=""q"">队列有两种存储结构：顺序存储（<span class=""blank"">______</span>）和链式存储（<span class=""blank"">______</span>）。循环队列用数组保存元素，front和rear两个下标标记两端；链式队列用单链表保存，front指向表头、rear指向表尾。两种方式的入队、出队操作<span class=""blank"">______</span>均为O(1)。</div>"	"<div class=""top""><span class=""chip c1"">章节：栈和队列</span><span class=""chip c2"">领会</span><span class=""chip c3"">队列</span></div><h1>存储结构及实现机制</h1><div class=""a"">队列有两种存储结构：顺序存储（<span class=""hit"">循环队列</span>）和链式存储（<span class=""hit"">链式队列</span>）。<span class=""hit"">循环队列</span>用数组保存元素，front和rear两个下标标记两端；<span class=""hit"">链式队列</span>用单链表保存，front指向表头、rear指向表尾。两种方式的入队、出队操作<span class=""hit"">时间复杂度</span>均为O(1)。</div><div class=""ansbox"">挖空答案：<b>循环队列、链式队列、时间复杂度</b></div><div class=""pg"">教材页码：P110</div>"	栈和队列 领会 队列 13003数据结构与算法
"<div class=""top""><span class=""chip c1"">章节：栈和队列</span><span class=""chip c2"">领会</span><span class=""chip c3"">队列</span></div><h1>循环队列中空</h1><div class=""q""><span class=""blank"">______</span>为空的条件是front==rear，即<span class=""blank"">______</span>和<span class=""blank"">______</span>指向同一位置。初始空队列时front=0且rear=0。当队列中唯一的元素出队后，也会出现front==rear的空队列状态。</div>"	"<div class=""top""><span class=""chip c1"">章节：栈和队列</span><span class=""chip c2"">领会</span><span class=""chip c3"">队列</span></div><h1>循环队列中空</h1><div class=""a""><span class=""hit"">循环队列</span>为空的条件是front==rear，即<span class=""hit"">队头指针</span>和<span class=""hit"">队尾指针</span>指向同一位置。初始空队列时front=0且rear=0。当队列中唯一的元素出队后，也会出现front==rear的空队列状态。</div><div class=""ansbox"">挖空答案：<b>循环队列、队头指针、队尾指针</b></div><div class=""pg"">教材页码：P111</div>"	栈和队列 领会 队列 13003数据结构与算法
"<div class=""top""><span class=""chip c1"">章节：栈和队列</span><span class=""chip c2"">领会</span><span class=""chip c3"">队列</span></div><h1>满的含义及判定</h1><div class=""q"">循环<span class=""blank"">______</span>的含义是<span class=""blank"">______</span>中已无空闲单元保存新元素。判定方法：预留一个空位置，当(rear+1)%n==front时队列满。或增设标记变量lastOperation（入队/<span class=""blank"">______</span>标记）或length变量来区分front==rear时空还是满。</div>"	"<div class=""top""><span class=""chip c1"">章节：栈和队列</span><span class=""chip c2"">领会</span><span class=""chip c3"">队列</span></div><h1>满的含义及判定</h1><div class=""a"">循环<span class=""hit"">队列满</span>的含义是<span class=""hit"">数组</span>中已无空闲单元保存新元素。判定方法：预留一个空位置，当(rear+1)%n==front时<span class=""hit"">队列满</span>。或增设标记变量lastOperation（入队/<span class=""hit"">出队</span>标记）或length变量来区分front==rear时空还是满。</div><div class=""ansbox"">挖空答案：<b>队列满、数组、出队</b></div><div class=""pg"">教材页码：P111</div>"	栈和队列 领会 队列 13003数据结构与算法
"<div class=""top""><span class=""chip c1"">章节：栈和队列</span><span class=""chip c2"">领会</span><span class=""chip c3"">队列</span></div><h1>队头和队尾的不同设定方式</h1><div class=""q""><span class=""blank"">______</span>中队头和<span class=""blank"">______</span>有4种组合设定方式：front可指向<span class=""blank"">______</span>本身或其前面的空位置，rear可指向队尾元素本身或其后面的空位置。不同的设定方式会影响判空、判满条件以及入队出队操作时指针的修改方式。</div>"	"<div class=""top""><span class=""chip c1"">章节：栈和队列</span><span class=""chip c2"">领会</span><span class=""chip c3"">队列</span></div><h1>队头和队尾的不同设定方式</h1><div class=""a""><span class=""hit"">循环队列</span>中队头和<span class=""hit"">队尾指针</span>有4种组合设定方式：front可指向<span class=""hit"">队头元素</span>本身或其前面的空位置，rear可指向队尾元素本身或其后面的空位置。不同的设定方式会影响判空、判满条件以及入队出队操作时指针的修改方式。</div><div class=""ansbox"">挖空答案：<b>循环队列、队尾指针、队头元素</b></div><div class=""pg"">教材页码：P112</div>"	栈和队列 领会 队列 13003数据结构与算法
"<div class=""top""><span class=""chip c1"">章节：栈和队列</span><span class=""chip c2"">领会</span><span class=""chip c3"">队列</span></div><h1>链式队列的特点，在链式队列中实现空闲单元链表的机制</h1><div class=""q""><span class=""blank"">______</span>采用带头尾指针的单链表实现，入队在表尾插入、出队在表头删除。特点是长度可变，不需预先分配空间。可配合<span class=""blank"">______</span>：将数据链表与空闲单元链表合并为一个<span class=""blank"">______</span>，用front指向队列首元素、freeN指向空闲链表首结点，减少malloc/free调用。</div>"	"<div class=""top""><span class=""chip c1"">章节：栈和队列</span><span class=""chip c2"">领会</span><span class=""chip c3"">队列</span></div><h1>链式队列的特点，在链式队列中实现空闲单元链表的机制</h1><div class=""a""><span class=""hit"">链式队列</span>采用带头尾指针的单链表实现，入队在表尾插入、出队在表头删除。特点是长度可变，不需预先分配空间。可配合<span class=""hit"">空闲单元链表</span>：将数据链表与<span class=""hit"">空闲单元链表</span>合并为一个<span class=""hit"">循环链表</span>，用front指向队列首元素、freeN指向空闲链表首结点，减少malloc/free调用。</div><div class=""ansbox"">挖空答案：<b>链式队列、空闲单元链表、循环链表</b></div><div class=""pg"">教材页码：P117</div>"	栈和队列 领会 队列 13003数据结构与算法
"<div class=""top""><span class=""chip c1"">章节：栈和队列</span><span class=""chip c2"">简单应用</span><span class=""chip c3"">队列</span></div><h1>循环队列和链式队列基本操作的实现</h1><div class=""q""><span class=""blank"">______</span>实现：用数组element[maxSize]存储，front和rear标记两端。入队：先判满，element[rear]=x，rear=(rear+1)%maxSize；出队：先判空，x=element[front]，front=(front+1)%maxSize。<span class=""blank"">______</span>实现：用<span class=""blank"">______</span>，front和rear指向首尾结点。入队在表尾插入，出队在表头删除并释放空间。</div>"	"<div class=""top""><span class=""chip c1"">章节：栈和队列</span><span class=""chip c2"">简单应用</span><span class=""chip c3"">队列</span></div><h1>循环队列和链式队列基本操作的实现</h1><div class=""a""><span class=""hit"">循环队列</span>实现：用数组element[maxSize]存储，front和rear标记两端。入队：先判满，element[rear]=x，rear=(rear+1)%maxSize；出队：先判空，x=element[front]，front=(front+1)%maxSize。<span class=""hit"">链式队列</span>实现：用<span class=""hit"">单链表</span>，front和rear指向首尾结点。入队在表尾插入，出队在表头删除并释放空间。</div><div class=""ansbox"">挖空答案：<b>循环队列、链式队列、单链表</b></div><div class=""pg"">教材页码：P113</div>"	栈和队列 简单应用 队列 13003数据结构与算法
"<div class=""top""><span class=""chip c1"">章节：栈和队列</span><span class=""chip c2"">综合应用</span><span class=""chip c3"">队列</span></div><h1>设计算法解决队列的应用问题</h1><div class=""q""><span class=""blank"">______</span>的应用问题设计：利用队列的先进先出特性解决实际问题。常见应用包括：杨辉三角输出（用<span class=""blank"">______</span>保存上一行数据，<span class=""blank"">______</span>同时计算下一行并入队）、操作系统中的作业调度、消息缓冲等。核心思路是利用队列按到达顺序处理数据。</div>"	"<div class=""top""><span class=""chip c1"">章节：栈和队列</span><span class=""chip c2"">综合应用</span><span class=""chip c3"">队列</span></div><h1>设计算法解决队列的应用问题</h1><div class=""a""><span class=""hit"">队列</span>的应用问题设计：利用<span class=""hit"">队列</span>的先进先出特性解决实际问题。常见应用包括：杨辉三角输出（用<span class=""hit"">循环队列</span>保存上一行数据，<span class=""hit"">出队</span>同时计算下一行并入队）、操作系统中的作业调度、消息缓冲等。核心思路是利用<span class=""hit"">队列</span>按到达顺序处理数据。</div><div class=""ansbox"">挖空答案：<b>队列、循环队列、出队</b></div><div class=""pg"">教材页码：P134</div>"	栈和队列 综合应用 队列 13003数据结构与算法
"<div class=""top""><span class=""chip c1"">章节：栈和队列</span><span class=""chip c2"">识记</span><span class=""chip c3"">进一步讨论栈与队列</span></div><h1>双端队列</h1><div class=""q"">双端队列（<span class=""blank"">______</span>）是在队头和<span class=""blank"">______</span>两端均能够进行入队和<span class=""blank"">______</span>操作的队列。两端不再分队头及队尾，可称为左端和右端。双端队列既有与队列一样的操作（一端入队另一端出队），又有与栈一样的操作（同一端入队和出队）。</div>"	"<div class=""top""><span class=""chip c1"">章节：栈和队列</span><span class=""chip c2"">识记</span><span class=""chip c3"">进一步讨论栈与队列</span></div><h1>双端队列</h1><div class=""a"">双端队列（<span class=""hit"">deque</span>）是在队头和<span class=""hit"">队尾</span>两端均能够进行入队和<span class=""hit"">出队</span>操作的队列。两端不再分队头及<span class=""hit"">队尾</span>，可称为左端和右端。双端队列既有与队列一样的操作（一端入队另一端<span class=""hit"">出队</span>），又有与栈一样的操作（同一端入队和<span class=""hit"">出队</span>）。</div><div class=""ansbox"">挖空答案：<b>deque、队尾、出队</b></div><div class=""pg"">教材页码：P118</div>"	栈和队列 识记 进一步讨论栈与队列 13003数据结构与算法
"<div class=""top""><span class=""chip c1"">章节：栈和队列</span><span class=""chip c2"">识记</span><span class=""chip c3"">进一步讨论栈与队列</span></div><h1>对底栈</h1><div class=""q"">对底栈是从栈的角度看待<span class=""blank"">______</span>的称谓。双端队列的两端都可以进行入栈和出栈操作，当将同一端的入队和<span class=""blank"">______</span>看作一对操作时，双端队列就相当于一个栈。但与普通栈不同，双端队列的<span class=""blank"">______</span>是通的，从一个栈进入的元素可以从另一个栈中出栈。</div>"	"<div class=""top""><span class=""chip c1"">章节：栈和队列</span><span class=""chip c2"">识记</span><span class=""chip c3"">进一步讨论栈与队列</span></div><h1>对底栈</h1><div class=""a"">对底栈是从栈的角度看待<span class=""hit"">双端队列</span>的称谓。<span class=""hit"">双端队列</span>的两端都可以进行入栈和出栈操作，当将同一端的入队和<span class=""hit"">出队</span>看作一对操作时，<span class=""hit"">双端队列</span>就相当于一个栈。但与普通栈不同，<span class=""hit"">双端队列</span>的<span class=""hit"">栈底</span>是通的，从一个栈进入的元素可以从另一个栈中出栈。</div><div class=""ansbox"">挖空答案：<b>双端队列、出队、栈底</b></div><div class=""pg"">教材页码：P118</div>"	栈和队列 识记 进一步讨论栈与队列 13003数据结构与算法
"<div class=""top""><span class=""chip c1"">章节：栈和队列</span><span class=""chip c2"">识记</span><span class=""chip c3"">进一步讨论栈与队列</span></div><h1>输入受限的双端队列</h1><div class=""q"">输入受限的双端队列是指对双端队列两端操作加以限制后的形式：其中一端仅允许<span class=""blank"">______</span>操作，另一端既允许入队又允许<span class=""blank"">______</span>操作。限制的一端只能输入不能输出。</div>"	"<div class=""top""><span class=""chip c1"">章节：栈和队列</span><span class=""chip c2"">识记</span><span class=""chip c3"">进一步讨论栈与队列</span></div><h1>输入受限的双端队列</h1><div class=""a"">输入受限的双端队列是指对双端队列两端操作加以限制后的形式：其中一端仅允许<span class=""hit"">入队</span>操作，另一端既允许<span class=""hit"">入队</span>又允许<span class=""hit"">出队</span>操作。限制的一端只能输入不能输出。</div><div class=""ansbox"">挖空答案：<b>入队、出队</b></div><div class=""pg"">教材页码：P118</div>"	栈和队列 识记 进一步讨论栈与队列 13003数据结构与算法
"<div class=""top""><span class=""chip c1"">章节：栈和队列</span><span class=""chip c2"">识记</span><span class=""chip c3"">进一步讨论栈与队列</span></div><h1>输出受限的双端队列</h1><div class=""q"">输出受限的双端队列是指对双端队列两端操作加以限制后的形式：其中一端仅允许<span class=""blank"">______</span>操作，另一端既允许<span class=""blank"">______</span>又允许出队操作。限制的一端只能输出不能输入。</div>"	"<div class=""top""><span class=""chip c1"">章节：栈和队列</span><span class=""chip c2"">识记</span><span class=""chip c3"">进一步讨论栈与队列</span></div><h1>输出受限的双端队列</h1><div class=""a"">输出受限的双端队列是指对双端队列两端操作加以限制后的形式：其中一端仅允许<span class=""hit"">出队</span>操作，另一端既允许<span class=""hit"">入队</span>又允许<span class=""hit"">出队</span>操作。限制的一端只能输出不能输入。</div><div class=""ansbox"">挖空答案：<b>出队、入队</b></div><div class=""pg"">教材页码：P118</div>"	栈和队列 识记 进一步讨论栈与队列 13003数据结构与算法
"<div class=""top""><span class=""chip c1"">章节：栈和队列</span><span class=""chip c2"">领会</span><span class=""chip c3"">进一步讨论栈与队列</span></div><h1>双端队列操作的机制</h1><div class=""q""><span class=""blank"">______</span>的操作机制：两端均可进行<span class=""blank"">______</span>和<span class=""blank"">______</span>操作。当一端入队另一端出队时，行为同普通队列（先进先出）；当同一端入队和出队时，行为同栈（后进先出）。双端队列结合了栈和队列的操作特点。</div>"	"<div class=""top""><span class=""chip c1"">章节：栈和队列</span><span class=""chip c2"">领会</span><span class=""chip c3"">进一步讨论栈与队列</span></div><h1>双端队列操作的机制</h1><div class=""a""><span class=""hit"">双端队列</span>的操作机制：两端均可进行<span class=""hit"">入队</span>和<span class=""hit"">出队</span>操作。当一端<span class=""hit"">入队</span>另一端<span class=""hit"">出队</span>时，行为同普通队列（先进先出）；当同一端<span class=""hit"">入队</span>和<span class=""hit"">出队</span>时，行为同栈（后进先出）。<span class=""hit"">双端队列</span>结合了栈和队列的操作特点。</div><div class=""ansbox"">挖空答案：<b>双端队列、入队、出队</b></div><div class=""pg"">教材页码：P118</div>"	栈和队列 领会 进一步讨论栈与队列 13003数据结构与算法
"<div class=""top""><span class=""chip c1"">章节：栈和队列</span><span class=""chip c2"">领会</span><span class=""chip c3"">进一步讨论栈与队列</span></div><h1>双端队列空</h1><div class=""q""><span class=""blank"">______</span>为空的条件：当双端队列中没有任何元素时为空。对于循环实现的双端队列，空队列时两端指针指向同一<span class=""blank"">______</span>（如end1==end2），类似于<span class=""blank"">______</span>的front==rear。</div>"	"<div class=""top""><span class=""chip c1"">章节：栈和队列</span><span class=""chip c2"">领会</span><span class=""chip c3"">进一步讨论栈与队列</span></div><h1>双端队列空</h1><div class=""a""><span class=""hit"">双端队列</span>为空的条件：当<span class=""hit"">双端队列</span>中没有任何元素时为空。对于循环实现的<span class=""hit"">双端队列</span>，空队列时两端指针指向同一<span class=""hit"">位置</span>（如end1==end2），类似于<span class=""hit"">循环队列</span>的front==rear。</div><div class=""ansbox"">挖空答案：<b>双端队列、位置、循环队列</b></div><div class=""pg"">教材页码：P119</div>"	栈和队列 领会 进一步讨论栈与队列 13003数据结构与算法
"<div class=""top""><span class=""chip c1"">章节：栈和队列</span><span class=""chip c2"">领会</span><span class=""chip c3"">进一步讨论栈与队列</span></div><h1>满的含义及判定</h1><div class=""q"">双端<span class=""blank"">______</span>的含义：<span class=""blank"">______</span>中已无空闲单元。对于循环双端队列，队列最多容纳M-1个元素，队满条件为end1==(end2+1) mod M。<span class=""blank"">______</span>条件为end1==end2。两种情形通过指针关系判断。</div>"	"<div class=""top""><span class=""chip c1"">章节：栈和队列</span><span class=""chip c2"">领会</span><span class=""chip c3"">进一步讨论栈与队列</span></div><h1>满的含义及判定</h1><div class=""a"">双端<span class=""hit"">队列满</span>的含义：<span class=""hit"">数组</span>中已无空闲单元。对于循环双端队列，队列最多容纳M-1个元素，队满条件为end1==(end2+1) mod M。<span class=""hit"">队空</span>条件为end1==end2。两种情形通过指针关系判断。</div><div class=""ansbox"">挖空答案：<b>队列满、数组、队空</b></div><div class=""pg"">教材页码：P119</div>"	栈和队列 领会 进一步讨论栈与队列 13003数据结构与算法
"<div class=""top""><span class=""chip c1"">章节：栈和队列</span><span class=""chip c2"">简单应用</span><span class=""chip c3"">进一步讨论栈与队列</span></div><h1>双端队列操作的实现</h1><div class=""q"">双端队列操作的实现：可基于循环<span class=""blank"">______</span>实现，使用两个指针end1和end2标记两端。两端均可进行入队和出队，通过模运算实现下标循环。<span class=""blank"">______</span>判定end1==end2，<span class=""blank"">______</span>判定(end2+1)%M==end1。也可基于链式结构实现。</div>"	"<div class=""top""><span class=""chip c1"">章节：栈和队列</span><span class=""chip c2"">简单应用</span><span class=""chip c3"">进一步讨论栈与队列</span></div><h1>双端队列操作的实现</h1><div class=""a"">双端队列操作的实现：可基于循环<span class=""hit"">数组</span>实现，使用两个指针end1和end2标记两端。两端均可进行入队和出队，通过模运算实现下标循环。<span class=""hit"">队空</span>判定end1==end2，<span class=""hit"">队满</span>判定(end2+1)%M==end1。也可基于链式结构实现。</div><div class=""ansbox"">挖空答案：<b>数组、队空、队满</b></div><div class=""pg"">教材页码：P119</div>"	栈和队列 简单应用 进一步讨论栈与队列 13003数据结构与算法
"<div class=""top""><span class=""chip c1"">章节：栈和队列</span><span class=""chip c2"">综合应用</span><span class=""chip c3"">进一步讨论栈与队列</span></div><h1>设计算法解决双端队列的应用问题</h1><div class=""q""><span class=""blank"">______</span>应用问题设计：利用双端队列两端操作的灵活性解决问题。可分析输入受限和输出受限双端队列能得到和不能得到的输出序列。核心方法是模拟两端的入队<span class=""blank"">______</span>过程，判断目标序列是否可达。</div>"	"<div class=""top""><span class=""chip c1"">章节：栈和队列</span><span class=""chip c2"">综合应用</span><span class=""chip c3"">进一步讨论栈与队列</span></div><h1>设计算法解决双端队列的应用问题</h1><div class=""a""><span class=""hit"">双端队列</span>应用问题设计：利用<span class=""hit"">双端队列</span>两端操作的灵活性解决问题。可分析输入受限和输出受限<span class=""hit"">双端队列</span>能得到和不能得到的输出序列。核心方法是模拟两端的入队<span class=""hit"">出队</span>过程，判断目标序列是否可达。</div><div class=""ansbox"">挖空答案：<b>双端队列、出队</b></div><div class=""pg"">教材页码：P119</div>"	栈和队列 综合应用 进一步讨论栈与队列 13003数据结构与算法
"<div class=""top""><span class=""chip c1"">章节：栈和队列</span><span class=""chip c2"">本章重点</span></div><h1>栈的概念及合理的出栈序列</h1><div class=""q"">本章重点：栈的概念是限定仅在一端进行插入和删除的<span class=""blank"">______</span>，具有后进先出（<span class=""blank"">______</span>）特性。合理<span class=""blank"">______</span>的判断是重点内容：给定入栈序列，根据栈的操作规则模拟入栈出栈过程，判断目标序列是否可达。合理出栈序列个数为卡特兰数。</div>"	"<div class=""top""><span class=""chip c1"">章节：栈和队列</span><span class=""chip c2"">本章重点</span></div><h1>栈的概念及合理的出栈序列</h1><div class=""a"">本章重点：栈的概念是限定仅在一端进行插入和删除的<span class=""hit"">线性表</span>，具有后进先出（<span class=""hit"">LIFO</span>）特性。合理<span class=""hit"">出栈序列</span>的判断是重点内容：给定入栈序列，根据栈的操作规则模拟入栈出栈过程，判断目标序列是否可达。合理<span class=""hit"">出栈序列</span>个数为卡特兰数。</div><div class=""ansbox"">挖空答案：<b>线性表、LIFO、出栈序列</b></div><div class=""pg"">教材页码：P136</div>"	栈和队列 本章重点 13003数据结构与算法
"<div class=""top""><span class=""chip c1"">章节：栈和队列</span><span class=""chip c2"">本章重点</span></div><h1>顺序栈</h1><div class=""q"">本章重点：顺序栈用<span class=""blank"">______</span>保存栈元素，栈底在<span class=""blank"">______</span>0处，top标记栈顶位置。入栈时element[top++]=x，出栈时x=element[--top]。判空条件top==0，判满条件top==maxSize。所有操作<span class=""blank"">______</span>均为O(1)。</div>"	"<div class=""top""><span class=""chip c1"">章节：栈和队列</span><span class=""chip c2"">本章重点</span></div><h1>顺序栈</h1><div class=""a"">本章重点：顺序栈用<span class=""hit"">一维数组</span>保存栈元素，栈底在<span class=""hit"">数组下标</span>0处，top标记栈顶位置。入栈时element[top++]=x，出栈时x=element[--top]。判空条件top==0，判满条件top==maxSize。所有操作<span class=""hit"">时间复杂度</span>均为O(1)。</div><div class=""ansbox"">挖空答案：<b>一维数组、数组下标、时间复杂度</b></div><div class=""pg"">教材页码：P136</div>"	栈和队列 本章重点 13003数据结构与算法
"<div class=""top""><span class=""chip c1"">章节：栈和队列</span><span class=""chip c2"">本章重点</span></div><h1>链式栈基本操作的实现</h1><div class=""q"">本章重点：链式栈用单链表保存栈元素，<span class=""blank"">______</span>为栈顶。入栈时新建结点插入表头，出栈时删除<span class=""blank"">______</span>并释放空间。初始化时头指针为NULL，判空条件头指针==NULL。所有操作<span class=""blank"">______</span>均为O(1)。</div>"	"<div class=""top""><span class=""chip c1"">章节：栈和队列</span><span class=""chip c2"">本章重点</span></div><h1>链式栈基本操作的实现</h1><div class=""a"">本章重点：链式栈用单链表保存栈元素，<span class=""hit"">头指针</span>为栈顶。入栈时新建结点插入表头，出栈时删除<span class=""hit"">头结点</span>并释放空间。初始化时<span class=""hit"">头指针</span>为NULL，判空条件<span class=""hit"">头指针</span>==NULL。所有操作<span class=""hit"">时间复杂度</span>均为O(1)。</div><div class=""ansbox"">挖空答案：<b>头指针、头结点、时间复杂度</b></div><div class=""pg"">教材页码：P136</div>"	栈和队列 本章重点 13003数据结构与算法
"<div class=""top""><span class=""chip c1"">章节：栈和队列</span><span class=""chip c2"">本章重点</span></div><h1>循环队列的概念及基本操作的实现</h1><div class=""q"">本章重点：<span class=""blank"">______</span>用数组循环存储元素，front和rear标记两端。入队rear=(rear+1)%n，出队front=(front+1)%n。<span class=""blank"">______</span>包括initQueue、enqueue、dequeue、isEmpty、isFull、length等，<span class=""blank"">______</span>均为O(1)。</div>"	"<div class=""top""><span class=""chip c1"">章节：栈和队列</span><span class=""chip c2"">本章重点</span></div><h1>循环队列的概念及基本操作的实现</h1><div class=""a"">本章重点：<span class=""hit"">循环队列</span>用数组循环存储元素，front和rear标记两端。入队rear=(rear+1)%n，出队front=(front+1)%n。<span class=""hit"">基本操作</span>包括initQueue、enqueue、dequeue、isEmpty、isFull、length等，<span class=""hit"">时间复杂度</span>均为O(1)。</div><div class=""ansbox"">挖空答案：<b>循环队列、基本操作、时间复杂度</b></div><div class=""pg"">教材页码：P136</div>"	栈和队列 本章重点 13003数据结构与算法
"<div class=""top""><span class=""chip c1"">章节：栈和队列</span><span class=""chip c2"">本章重点</span></div><h1>循环队列空</h1><div class=""q"">本章重点：<span class=""blank"">______</span>为空的判定条件是front==rear，即<span class=""blank"">______</span>和<span class=""blank"">______</span>相等。初始空队列时front=rear=0。当队列中元素全部出队后也会出现此状态。</div>"	"<div class=""top""><span class=""chip c1"">章节：栈和队列</span><span class=""chip c2"">本章重点</span></div><h1>循环队列空</h1><div class=""a"">本章重点：<span class=""hit"">循环队列</span>为空的判定条件是front==rear，即<span class=""hit"">队头指针</span>和<span class=""hit"">队尾指针</span>相等。初始空队列时front=rear=0。当队列中元素全部出队后也会出现此状态。</div><div class=""ansbox"">挖空答案：<b>循环队列、队头指针、队尾指针</b></div><div class=""pg"">教材页码：P136</div>"	栈和队列 本章重点 13003数据结构与算法
"<div class=""top""><span class=""chip c1"">章节：栈和队列</span><span class=""chip c2"">本章重点</span></div><h1>满的判定</h1><div class=""q"">本章重点：循环<span class=""blank"">______</span>的判定条件是(rear+1)%n==front，即通过预留一个空<span class=""blank"">______</span>来区分空与满。也可增设变量记录<span class=""blank"">______</span>或操作标记来区分，避免浪费一个存储单元。</div>"	"<div class=""top""><span class=""chip c1"">章节：栈和队列</span><span class=""chip c2"">本章重点</span></div><h1>满的判定</h1><div class=""a"">本章重点：循环<span class=""hit"">队列满</span>的判定条件是(rear+1)%n==front，即通过预留一个空<span class=""hit"">位置</span>来区分空与满。也可增设变量记录<span class=""hit"">队列长度</span>或操作标记来区分，避免浪费一个存储单元。</div><div class=""ansbox"">挖空答案：<b>队列满、位置、队列长度</b></div><div class=""pg"">教材页码：P136</div>"	栈和队列 本章重点 13003数据结构与算法
"<div class=""top""><span class=""chip c1"">章节：栈和队列</span><span class=""chip c2"">本章重点</span></div><h1>链式队列基本操作的实现</h1><div class=""q"">本章重点：<span class=""blank"">______</span>用带头<span class=""blank"">______</span>的单链表实现。入队在表尾插入新结点，出队在表头删除结点。第一个元素入队时需同时修改front和rear，最后一个元素出队后两指针均置为NULL。操作<span class=""blank"">______</span>为O(1)。</div>"	"<div class=""top""><span class=""chip c1"">章节：栈和队列</span><span class=""chip c2"">本章重点</span></div><h1>链式队列基本操作的实现</h1><div class=""a"">本章重点：<span class=""hit"">链式队列</span>用带头<span class=""hit"">尾指针</span>的单链表实现。入队在表尾插入新结点，出队在表头删除结点。第一个元素入队时需同时修改front和rear，最后一个元素出队后两指针均置为NULL。操作<span class=""hit"">时间复杂度</span>为O(1)。</div><div class=""ansbox"">挖空答案：<b>链式队列、尾指针、时间复杂度</b></div><div class=""pg"">教材页码：P136</div>"	栈和队列 本章重点 13003数据结构与算法
"<div class=""top""><span class=""chip c1"">章节：栈和队列</span><span class=""chip c2"">本章重点</span></div><h1>带空闲单元链表的链式队列的实现</h1><div class=""q"">本章重点：带<span class=""blank"">______</span>的<span class=""blank"">______</span>将数据链表与空闲单元链表合并为一个<span class=""blank"">______</span>。用front指向队列首元素，freeN指向空闲链表首结点。入队时优先从空闲链表取结点，空闲链表空时才分配新结点；出队时结点归还到空闲链表。</div>"	"<div class=""top""><span class=""chip c1"">章节：栈和队列</span><span class=""chip c2"">本章重点</span></div><h1>带空闲单元链表的链式队列的实现</h1><div class=""a"">本章重点：带<span class=""hit"">空闲单元链表</span>的<span class=""hit"">链式队列</span>将数据链表与<span class=""hit"">空闲单元链表</span>合并为一个<span class=""hit"">循环链表</span>。用front指向队列首元素，freeN指向空闲链表首结点。入队时优先从空闲链表取结点，空闲链表空时才分配新结点；出队时结点归还到空闲链表。</div><div class=""ansbox"">挖空答案：<b>空闲单元链表、链式队列、循环链表</b></div><div class=""pg"">教材页码：P117</div>"	栈和队列 本章重点 13003数据结构与算法
"<div class=""top""><span class=""chip c1"">章节：栈和队列</span><span class=""chip c2"">本章重点</span></div><h1>双端队列的实现</h1><div class=""q"">本章重点：<span class=""blank"">______</span>在两端均可进行入队出队操作。可基于循环数组实现，用两个指针标记两端。<span class=""blank"">______</span>end1==end2，队满(end2+1)%M==end1。也可对操作加以限制形成输入受限或<span class=""blank"">______</span>。</div>"	"<div class=""top""><span class=""chip c1"">章节：栈和队列</span><span class=""chip c2"">本章重点</span></div><h1>双端队列的实现</h1><div class=""a"">本章重点：<span class=""hit"">双端队列</span>在两端均可进行入队出队操作。可基于循环数组实现，用两个指针标记两端。<span class=""hit"">队空</span>end1==end2，队满(end2+1)%M==end1。也可对操作加以限制形成输入受限或<span class=""hit"">输出受限的双端队列</span>。</div><div class=""ansbox"">挖空答案：<b>双端队列、队空、输出受限的双端队列</b></div><div class=""pg"">教材页码：P118</div>"	栈和队列 本章重点 13003数据结构与算法
"<div class=""top""><span class=""chip c1"">章节：栈和队列</span><span class=""chip c2"">本章难点</span></div><h1>设计算法解决与栈和队列相关的应用问题</h1><div class=""q"">本章难点：设计<span class=""blank"">______</span>解决与栈和<span class=""blank"">______</span>相关的应用问题是本章难点。需要灵活运用栈的后进先出和队列的先进先出特性，包括括号匹配、表达式转换与求值、栈与队列相互模拟、杨辉三角输出等实际问题的算法设计与实现。</div>"	"<div class=""top""><span class=""chip c1"">章节：栈和队列</span><span class=""chip c2"">本章难点</span></div><h1>设计算法解决与栈和队列相关的应用问题</h1><div class=""a"">本章难点：设计<span class=""hit"">算法</span>解决与栈和<span class=""hit"">队列</span>相关的应用问题是本章难点。需要灵活运用栈的后进先出和<span class=""hit"">队列</span>的先进先出特性，包括括号匹配、表达式转换与求值、栈与<span class=""hit"">队列</span>相互模拟、杨辉三角输出等实际问题的<span class=""hit"">算法</span>设计与实现。</div><div class=""ansbox"">挖空答案：<b>算法、队列</b></div><div class=""pg"">教材页码：P136</div>"	栈和队列 本章难点 13003数据结构与算法
"<div class=""top""><span class=""chip c1"">章节：数组</span><span class=""chip c2"">识记</span><span class=""chip c3"">数组</span></div><h1>多维数组</h1><div class=""q"">多维数组是指数组元素本身又是数组的数组，一般将n(n≥2)维数组看作n-1维数组的数组。例如<span class=""blank"">______</span>就是以<span class=""blank"">______</span>为元素的<span class=""blank"">______</span>。多维数组在系统内部都对应一个隐含的一维数组，所以多维数组也是一种线性表。</div>"	"<div class=""top""><span class=""chip c1"">章节：数组</span><span class=""chip c2"">识记</span><span class=""chip c3"">数组</span></div><h1>多维数组</h1><div class=""a"">多维数组是指数组元素本身又是数组的数组，一般将n(n≥2)维数组看作n-1维数组的数组。例如<span class=""hit"">二维数组</span>就是以<span class=""hit"">一维数组</span>为元素的<span class=""hit"">线性表</span>。多维数组在系统内部都对应一个隐含的<span class=""hit"">一维数组</span>，所以多维数组也是一种<span class=""hit"">线性表</span>。</div><div class=""ansbox"">挖空答案：<b>二维数组、一维数组、线性表</b></div><div class=""pg"">教材页码：P141</div>"	数组 识记 数组 13003数据结构与算法
"<div class=""top""><span class=""chip c1"">章节：数组</span><span class=""chip c2"">识记</span><span class=""chip c3"">数组</span></div><h1>数组首地址</h1><div class=""q"">数组首地址是指数组第一个元素（各维下标均为0的元素）在内存中的存储起始地址。对于按<span class=""blank"">______</span>存储的数组，LOC(a[0][0])即数组首地址，其他元素地址=首地址+映射值×每个元素占用单元数。</div>"	"<div class=""top""><span class=""chip c1"">章节：数组</span><span class=""chip c2"">识记</span><span class=""chip c3"">数组</span></div><h1>数组首地址</h1><div class=""a"">数组首地址是指数组第一个元素（各维下标均为0的元素）在内存中的存储起始地址。对于按<span class=""hit"">行主序</span>存储的数组，LOC(a[0][0])即数组首地址，其他元素地址=首地址+映射值×每个元素占用单元数。</div><div class=""ansbox"">挖空答案：<b>行主序</b></div><div class=""pg"">教材页码：P143</div>"	数组 识记 数组 13003数据结构与算法
"<div class=""top""><span class=""chip c1"">章节：数组</span><span class=""chip c2"">识记</span><span class=""chip c3"">数组</span></div><h1>数组下标</h1><div class=""q"">数组下标是访问数组元素的<span class=""blank"">______</span>，也称为index。数组的每个元素都是形如(index, value)的二元对，index是数组下标，value是对应下标的数值。任何两个元素的index值都不相同。在C语言中数组下标从0开始。</div>"	"<div class=""top""><span class=""chip c1"">章节：数组</span><span class=""chip c2"">识记</span><span class=""chip c3"">数组</span></div><h1>数组下标</h1><div class=""a"">数组下标是访问数组元素的<span class=""hit"">索引</span>，也称为index。数组的每个元素都是形如(index, value)的二元对，index是数组下标，value是对应下标的数值。任何两个元素的index值都不相同。在C语言中数组下标从0开始。</div><div class=""ansbox"">挖空答案：<b>索引</b></div><div class=""pg"">教材页码：P141</div>"	数组 识记 数组 13003数据结构与算法
"<div class=""top""><span class=""chip c1"">章节：数组</span><span class=""chip c2"">识记</span><span class=""chip c3"">数组</span></div><h1>行主序</h1><div class=""q"">行主序（按行优先方式）是将<span class=""blank"">______</span>按行优先进行连续编号，先排第一行，紧随其后排第二行，依此类推。<span class=""blank"">______</span>map(i1,i2)=i1×u2+i2，其中u2是数组的列数。包括C语言在内的大多数程序设计语言均采用行主序的实现模式。</div>"	"<div class=""top""><span class=""chip c1"">章节：数组</span><span class=""chip c2"">识记</span><span class=""chip c3"">数组</span></div><h1>行主序</h1><div class=""a"">行主序（按行优先方式）是将<span class=""hit"">二维数组</span>按行优先进行连续编号，先排第一行，紧随其后排第二行，依此类推。<span class=""hit"">映射函数</span>map(i1,i2)=i1×u2+i2，其中u2是数组的列数。包括C语言在内的大多数程序设计语言均采用行主序的实现模式。</div><div class=""ansbox"">挖空答案：<b>二维数组、映射函数</b></div><div class=""pg"">教材页码：P143</div>"	数组 识记 数组 13003数据结构与算法
"<div class=""top""><span class=""chip c1"">章节：数组</span><span class=""chip c2"">识记</span><span class=""chip c3"">数组</span></div><h1>列主序</h1><div class=""q"">列主序（按列优先方式）是将<span class=""blank"">______</span>按列优先进行连续编号，从第一列开始，从上到下进行连续编号，直到最后一列。<span class=""blank"">______</span>map(i1,i2)=i2×u1+i1，其中u1是数组的行数。</div>"	"<div class=""top""><span class=""chip c1"">章节：数组</span><span class=""chip c2"">识记</span><span class=""chip c3"">数组</span></div><h1>列主序</h1><div class=""a"">列主序（按列优先方式）是将<span class=""hit"">二维数组</span>按列优先进行连续编号，从第一列开始，从上到下进行连续编号，直到最后一列。<span class=""hit"">映射函数</span>map(i1,i2)=i2×u1+i1，其中u1是数组的行数。</div><div class=""ansbox"">挖空答案：<b>二维数组、映射函数</b></div><div class=""pg"">教材页码：P144</div>"	数组 识记 数组 13003数据结构与算法
"<div class=""top""><span class=""chip c1"">章节：数组</span><span class=""chip c2"">识记</span><span class=""chip c3"">数组</span></div><h1>地址映射函数</h1><div class=""q"">地址映射函数是将<span class=""blank"">______</span>映射为存储位置偏移量的函数。行主序下<span class=""blank"">______</span>map(i1,i2)=i1×u2+i2；三维数组map(i1,i2,i3)=i1×u2×u3+i2×u3+i3。元素存储地址=<span class=""blank"">______</span>+map(...)×每个元素占用字节数。</div>"	"<div class=""top""><span class=""chip c1"">章节：数组</span><span class=""chip c2"">识记</span><span class=""chip c3"">数组</span></div><h1>地址映射函数</h1><div class=""a"">地址映射函数是将<span class=""hit"">数组下标</span>映射为存储位置偏移量的函数。行主序下<span class=""hit"">二维数组</span>map(i1,i2)=i1×u2+i2；三维数组map(i1,i2,i3)=i1×u2×u3+i2×u3+i3。元素存储地址=<span class=""hit"">数组首地址</span>+map(...)×每个元素占用字节数。</div><div class=""ansbox"">挖空答案：<b>数组下标、二维数组、数组首地址</b></div><div class=""pg"">教材页码：P143</div>"	数组 识记 数组 13003数据结构与算法
"<div class=""top""><span class=""chip c1"">章节：数组</span><span class=""chip c2"">识记</span><span class=""chip c3"">数组</span></div><h1>三元组</h1><div class=""q""><span class=""blank"">______</span>是稀疏矩阵中非0元素的存储形式，由(i,j,v)组成，其中i表示非0元素所在的行号，j表示列号，v表示非0元素的值。存储非0元素时必须将其所在的行号和列号一起存储起来。</div>"	"<div class=""top""><span class=""chip c1"">章节：数组</span><span class=""chip c2"">识记</span><span class=""chip c3"">数组</span></div><h1>三元组</h1><div class=""a""><span class=""hit"">三元组</span>是稀疏矩阵中非0元素的存储形式，由(i,j,v)组成，其中i表示非0元素所在的行号，j表示列号，v表示非0元素的值。存储非0元素时必须将其所在的行号和列号一起存储起来。</div><div class=""ansbox"">挖空答案：<b>三元组</b></div><div class=""pg"">教材页码：P147</div>"	数组 识记 数组 13003数据结构与算法
"<div class=""top""><span class=""chip c1"">章节：数组</span><span class=""chip c2"">识记</span><span class=""chip c3"">数组</span></div><h1>三元组表</h1><div class=""q"">三元组表是稀疏矩阵中所有非0元素的三元组组成的<span class=""blank"">______</span>，用<span class=""blank"">______</span>保存。通常按<span class=""blank"">______</span>次序排列，即先按行号大小排列，同一行再按列号大小排列。同时还需保存矩阵的行数、列数和非0元素个数。</div>"	"<div class=""top""><span class=""chip c1"">章节：数组</span><span class=""chip c2"">识记</span><span class=""chip c3"">数组</span></div><h1>三元组表</h1><div class=""a"">三元组表是稀疏矩阵中所有非0元素的三元组组成的<span class=""hit"">线性表</span>，用<span class=""hit"">一维数组</span>保存。通常按<span class=""hit"">行主序</span>次序排列，即先按行号大小排列，同一行再按列号大小排列。同时还需保存矩阵的行数、列数和非0元素个数。</div><div class=""ansbox"">挖空答案：<b>线性表、一维数组、行主序</b></div><div class=""pg"">教材页码：P147</div>"	数组 识记 数组 13003数据结构与算法
"<div class=""top""><span class=""chip c1"">章节：数组</span><span class=""chip c2"">领会</span><span class=""chip c3"">数组</span></div><h1>多维数组地址计算方法</h1><div class=""q""><span class=""blank"">______</span>地址计算通过<span class=""blank"">______</span>将下标映射为偏移量。行主序：map(i1,i2,...,ik)=i1×u2×...×uk+i2×u3×...×uk+...+ik。元素存储地址=<span class=""blank"">______</span>+map(...)×每个元素占用单元数。三维数组map(i1,i2,i3)=i1×u2×u3+i2×u3+i3。</div>"	"<div class=""top""><span class=""chip c1"">章节：数组</span><span class=""chip c2"">领会</span><span class=""chip c3"">数组</span></div><h1>多维数组地址计算方法</h1><div class=""a""><span class=""hit"">多维数组</span>地址计算通过<span class=""hit"">映射函数</span>将下标映射为偏移量。行主序：map(i1,i2,...,ik)=i1×u2×...×uk+i2×u3×...×uk+...+ik。元素存储地址=<span class=""hit"">数组首地址</span>+map(...)×每个元素占用单元数。三维数组map(i1,i2,i3)=i1×u2×u3+i2×u3+i3。</div><div class=""ansbox"">挖空答案：<b>多维数组、映射函数、数组首地址</b></div><div class=""pg"">教材页码：P144</div>"	数组 领会 数组 13003数据结构与算法
"<div class=""top""><span class=""chip c1"">章节：数组</span><span class=""chip c2"">领会</span><span class=""chip c3"">数组</span></div><h1>特殊矩阵的定义</h1><div class=""q"">特殊矩阵是指具有特殊形式的矩阵，主要包括：对称矩阵（aij=aji，上下三角对称相等）、上三角矩阵（i&gt;j时aij=0）、下三角矩阵（i&lt;j时aij=0）。它们都是方阵（行数等于列数），可以只保存约一半元素以节省存储空间。</div>"	"<div class=""top""><span class=""chip c1"">章节：数组</span><span class=""chip c2"">领会</span><span class=""chip c3"">数组</span></div><h1>特殊矩阵的定义</h1><div class=""a"">特殊矩阵是指具有特殊形式的矩阵，主要包括：对称矩阵（aij=aji，上下三角对称相等）、上三角矩阵（i&gt;j时aij=0）、下三角矩阵（i&lt;j时aij=0）。它们都是方阵（行数等于列数），可以只保存约一半元素以节省存储空间。</div><div class=""pg"">教材页码：P145</div>"	数组 领会 数组 13003数据结构与算法
"<div class=""top""><span class=""chip c1"">章节：数组</span><span class=""chip c2"">领会</span><span class=""chip c3"">数组</span></div><h1>特点及对应的压缩存储方法</h1><div class=""q"">对称矩阵：上下三角对称，只需保存下三角（含对角线）约n(n+1)/2个元素；上/下三角矩阵：仅保存非0元素部分。压缩存储用<span class=""blank"">______</span>按<span class=""blank"">______</span>保存，<span class=""blank"">______</span>map(i,j)=i(i+1)/2+j（下三角，i≥j）。对称矩阵需根据i,j大小关系互换后计算。</div>"	"<div class=""top""><span class=""chip c1"">章节：数组</span><span class=""chip c2"">领会</span><span class=""chip c3"">数组</span></div><h1>特点及对应的压缩存储方法</h1><div class=""a"">对称矩阵：上下三角对称，只需保存下三角（含对角线）约n(n+1)/2个元素；上/下三角矩阵：仅保存非0元素部分。压缩存储用<span class=""hit"">一维数组</span>按<span class=""hit"">行主序</span>保存，<span class=""hit"">映射函数</span>map(i,j)=i(i+1)/2+j（下三角，i≥j）。对称矩阵需根据i,j大小关系互换后计算。</div><div class=""ansbox"">挖空答案：<b>一维数组、行主序、映射函数</b></div><div class=""pg"">教材页码：P145</div>"	数组 领会 数组 13003数据结构与算法
"<div class=""top""><span class=""chip c1"">章节：数组</span><span class=""chip c2"">简单应用</span><span class=""chip c3"">数组</span></div><h1>构造地址映射函数</h1><div class=""q"">根据数组维数、各维大小u1,u2,...,uk和存储方式构造<span class=""blank"">______</span>。<span class=""blank"">______</span>：二维map(i1,i2)=i1×u2+i2；三维map(i1,i2,i3)=i1×u2×u3+i2×u3+i3。特殊矩阵需根据压缩存储规则（如对称、三角）构造行列值到<span class=""blank"">______</span>下标的映射。</div>"	"<div class=""top""><span class=""chip c1"">章节：数组</span><span class=""chip c2"">简单应用</span><span class=""chip c3"">数组</span></div><h1>构造地址映射函数</h1><div class=""a"">根据数组维数、各维大小u1,u2,...,uk和存储方式构造<span class=""hit"">映射函数</span>。<span class=""hit"">行主序</span>：二维map(i1,i2)=i1×u2+i2；三维map(i1,i2,i3)=i1×u2×u3+i2×u3+i3。特殊矩阵需根据压缩存储规则（如对称、三角）构造行列值到<span class=""hit"">一维数组</span>下标的映射。</div><div class=""ansbox"">挖空答案：<b>映射函数、行主序、一维数组</b></div><div class=""pg"">教材页码：P143</div>"	数组 简单应用 数组 13003数据结构与算法
"<div class=""top""><span class=""chip c1"">章节：数组</span><span class=""chip c2"">简单应用</span><span class=""chip c3"">数组</span></div><h1>访问采用压缩方式存储的数组中的元素</h1><div class=""q"">访问压缩存储的特殊矩阵元素时，需先判断行列值的合理性。对于对称矩阵，根据i和j大小决定存储<span class=""blank"">______</span>：若i≥j则按下三角映射，若i&lt;j则互换i,j后映射。当i&lt;j时应返回元素值0（非三角矩阵的0元素）。再通过<span class=""blank"">______</span>计算元素在<span class=""blank"">______</span>中的位置。</div>"	"<div class=""top""><span class=""chip c1"">章节：数组</span><span class=""chip c2"">简单应用</span><span class=""chip c3"">数组</span></div><h1>访问采用压缩方式存储的数组中的元素</h1><div class=""a"">访问压缩存储的特殊矩阵元素时，需先判断行列值的合理性。对于对称矩阵，根据i和j大小决定存储<span class=""hit"">位置</span>：若i≥j则按下三角映射，若i&lt;j则互换i,j后映射。当i&lt;j时应返回元素值0（非三角矩阵的0元素）。再通过<span class=""hit"">映射函数</span>计算元素在<span class=""hit"">一维数组</span>中的<span class=""hit"">位置</span>。</div><div class=""ansbox"">挖空答案：<b>位置、映射函数、一维数组</b></div><div class=""pg"">教材页码：P146</div>"	数组 简单应用 数组 13003数据结构与算法
"<div class=""top""><span class=""chip c1"">章节：数组</span><span class=""chip c2"">识记</span><span class=""chip c3"">数组</span></div><h1>综合应用</h1><div class=""q"">综合运用<span class=""blank"">______</span>存储和地址计算知识，解决<span class=""blank"">______</span>地址计算、特殊矩阵压缩存储及地址映射、稀疏矩阵<span class=""blank"">______</span>示与转置、迷宫求解等问题。需能够根据具体要求推导地址计算公式，而不仅仅是记忆公式。</div>"	"<div class=""top""><span class=""chip c1"">章节：数组</span><span class=""chip c2"">识记</span><span class=""chip c3"">数组</span></div><h1>综合应用</h1><div class=""a"">综合运用<span class=""hit"">数组</span>存储和地址计算知识，解决<span class=""hit"">多维数组</span>地址计算、特殊矩阵压缩存储及地址映射、稀疏矩阵<span class=""hit"">三元组表</span>示与转置、迷宫求解等问题。需能够根据具体要求推导地址计算公式，而不仅仅是记忆公式。</div><div class=""ansbox"">挖空答案：<b>数组、多维数组、三元组表</b></div><div class=""pg"">教材页码：P143</div>"	数组 识记 数组 13003数据结构与算法
"<div class=""top""><span class=""chip c1"">章节：数组</span><span class=""chip c2"">综合应用</span><span class=""chip c3"">数组</span></div><h1>实现以数组作为存储结构的简单算法</h1><div class=""q"">以<span class=""blank"">______</span>为<span class=""blank"">______</span>实现简单算法。如迷宫问题：用<span class=""blank"">______</span>表示迷宫（0表示通路，1表示墙），通过栈记录走过的位置和方向，采用一步一探查加回溯的方法搜索通路。稀疏矩阵转置：用计数数组统计各列元素个数，辅助快速转置。</div>"	"<div class=""top""><span class=""chip c1"">章节：数组</span><span class=""chip c2"">综合应用</span><span class=""chip c3"">数组</span></div><h1>实现以数组作为存储结构的简单算法</h1><div class=""a"">以<span class=""hit"">数组</span>为<span class=""hit"">存储结构</span>实现简单算法。如迷宫问题：用<span class=""hit"">二维数组</span>表示迷宫（0表示通路，1表示墙），通过栈记录走过的位置和方向，采用一步一探查加回溯的方法搜索通路。稀疏矩阵转置：用计数<span class=""hit"">数组</span>统计各列元素个数，辅助快速转置。</div><div class=""ansbox"">挖空答案：<b>数组、存储结构、二维数组</b></div><div class=""pg"">教材页码：P150</div>"	数组 综合应用 数组 13003数据结构与算法
"<div class=""top""><span class=""chip c1"">章节：数组</span><span class=""chip c2"">识记</span><span class=""chip c3"">广义表</span></div><h1>广义表</h1><div class=""q"">广义表是<span class=""blank"">______</span>的推广，也称为列表。它是由n(n≥0)个表元素组成的有限序列，记为LS=(a0,a1,...,an-1)。与线性表不同，广义表中元素的类型可以不完全一致，既可以是单个元素（<span class=""blank"">______</span>），也可以是广义表（<span class=""blank"">______</span>）。原子不可再分。</div>"	"<div class=""top""><span class=""chip c1"">章节：数组</span><span class=""chip c2"">识记</span><span class=""chip c3"">广义表</span></div><h1>广义表</h1><div class=""a"">广义表是<span class=""hit"">线性表</span>的推广，也称为列表。它是由n(n≥0)个表元素组成的有限序列，记为LS=(a0,a1,...,an-1)。与<span class=""hit"">线性表</span>不同，广义表中元素的类型可以不完全一致，既可以是单个元素（<span class=""hit"">原子</span>），也可以是广义表（<span class=""hit"">子表</span>）。<span class=""hit"">原子</span>不可再分。</div><div class=""ansbox"">挖空答案：<b>线性表、原子、子表</b></div><div class=""pg"">教材页码：P153</div>"	数组 识记 广义表 13003数据结构与算法
"<div class=""top""><span class=""chip c1"">章节：数组</span><span class=""chip c2"">识记</span><span class=""chip c3"">广义表</span></div><h1>表头</h1><div class=""q"">当<span class=""blank"">______</span>LS非空时，第一个元素a0称为LS的表头（<span class=""blank"">______</span>）。表头可以是原子，也可以是<span class=""blank"">______</span>。空表没有定义表头。</div>"	"<div class=""top""><span class=""chip c1"">章节：数组</span><span class=""chip c2"">识记</span><span class=""chip c3"">广义表</span></div><h1>表头</h1><div class=""a"">当<span class=""hit"">广义表</span>LS非空时，第一个元素a0称为LS的表头（<span class=""hit"">Head</span>）。表头可以是原子，也可以是<span class=""hit"">子表</span>。空表没有定义表头。</div><div class=""ansbox"">挖空答案：<b>广义表、Head、子表</b></div><div class=""pg"">教材页码：P153</div>"	数组 识记 广义表 13003数据结构与算法
"<div class=""top""><span class=""chip c1"">章节：数组</span><span class=""chip c2"">识记</span><span class=""chip c3"">广义表</span></div><h1>表尾</h1><div class=""q"">当<span class=""blank"">______</span>LS非空时，其余元素组成的表(a1,a2,...,an-1)称为LS的表尾（<span class=""blank"">______</span>）。表尾一定是一个广义表。<span class=""blank"">______</span>没有定义表尾。</div>"	"<div class=""top""><span class=""chip c1"">章节：数组</span><span class=""chip c2"">识记</span><span class=""chip c3"">广义表</span></div><h1>表尾</h1><div class=""a"">当<span class=""hit"">广义表</span>LS非空时，其余元素组成的表(a1,a2,...,an-1)称为LS的表尾（<span class=""hit"">Tail</span>）。表尾一定是一个<span class=""hit"">广义表</span>。<span class=""hit"">空表</span>没有定义表尾。</div><div class=""ansbox"">挖空答案：<b>广义表、Tail、空表</b></div><div class=""pg"">教材页码：P153</div>"	数组 识记 广义表 13003数据结构与算法
"<div class=""top""><span class=""chip c1"">章节：数组</span><span class=""chip c2"">识记</span><span class=""chip c3"">广义表</span></div><h1>原子</h1><div class=""q"">原子是<span class=""blank"">______</span>中不可再分的单个元素。在广义表中，元素既可以是原子（不可再分），也可以是<span class=""blank"">______</span>（本身也是广义表）。习惯上用小写字母表示原子。</div>"	"<div class=""top""><span class=""chip c1"">章节：数组</span><span class=""chip c2"">识记</span><span class=""chip c3"">广义表</span></div><h1>原子</h1><div class=""a"">原子是<span class=""hit"">广义表</span>中不可再分的单个元素。在<span class=""hit"">广义表</span>中，元素既可以是原子（不可再分），也可以是<span class=""hit"">子表</span>（本身也是<span class=""hit"">广义表</span>）。习惯上用小写字母表示原子。</div><div class=""ansbox"">挖空答案：<b>广义表、子表</b></div><div class=""pg"">教材页码：P153</div>"	数组 识记 广义表 13003数据结构与算法
"<div class=""top""><span class=""chip c1"">章节：数组</span><span class=""chip c2"">识记</span><span class=""chip c3"">广义表</span></div><h1>子表</h1><div class=""q"">子表是指<span class=""blank"">______</span>中作为元素出现的另一个广义表。当广义表的某个元素本身也是广义表时，该元素称为子表。习惯上用大写字母表示广义表的名称（子表名）。</div>"	"<div class=""top""><span class=""chip c1"">章节：数组</span><span class=""chip c2"">识记</span><span class=""chip c3"">广义表</span></div><h1>子表</h1><div class=""a"">子表是指<span class=""hit"">广义表</span>中作为元素出现的另一个<span class=""hit"">广义表</span>。当<span class=""hit"">广义表</span>的某个元素本身也是<span class=""hit"">广义表</span>时，该元素称为子表。习惯上用大写字母表示<span class=""hit"">广义表</span>的名称（子表名）。</div><div class=""ansbox"">挖空答案：<b>广义表</b></div><div class=""pg"">教材页码：P153</div>"	数组 识记 广义表 13003数据结构与算法
"<div class=""top""><span class=""chip c1"">章节：数组</span><span class=""chip c2"">识记</span><span class=""chip c3"">广义表</span></div><h1>广义表的长度</h1><div class=""q"">广义表的长度是指表中元素的个数n。当n=0时称为<span class=""blank"">______</span>，长度为0。计算长度时，每个元素（无论是<span class=""blank"">______</span>还是<span class=""blank"">______</span>）只计为一个元素。</div>"	"<div class=""top""><span class=""chip c1"">章节：数组</span><span class=""chip c2"">识记</span><span class=""chip c3"">广义表</span></div><h1>广义表的长度</h1><div class=""a"">广义表的长度是指表中元素的个数n。当n=0时称为<span class=""hit"">空表</span>，长度为0。计算长度时，每个元素（无论是<span class=""hit"">原子</span>还是<span class=""hit"">子表</span>）只计为一个元素。</div><div class=""ansbox"">挖空答案：<b>空表、原子、子表</b></div><div class=""pg"">教材页码：P153</div>"	数组 识记 广义表 13003数据结构与算法
"<div class=""top""><span class=""chip c1"">章节：数组</span><span class=""chip c2"">识记</span><span class=""chip c3"">广义表</span></div><h1>广义表的深度</h1><div class=""q""><span class=""blank"">______</span>中括号的最大嵌套层数定义为表的深度。<span class=""blank"">______</span>的深度为1，原子的深度为0。非空广义表的深度等于各<span class=""blank"">______</span>深度的最大值加1。递归表（如G=(d,G)）的深度为无穷大。</div>"	"<div class=""top""><span class=""chip c1"">章节：数组</span><span class=""chip c2"">识记</span><span class=""chip c3"">广义表</span></div><h1>广义表的深度</h1><div class=""a""><span class=""hit"">广义表</span>中括号的最大嵌套层数定义为表的深度。<span class=""hit"">空表</span>的深度为1，原子的深度为0。非空<span class=""hit"">广义表</span>的深度等于各<span class=""hit"">子表</span>深度的最大值加1。递归表（如G=(d,G)）的深度为无穷大。</div><div class=""ansbox"">挖空答案：<b>广义表、空表、子表</b></div><div class=""pg"">教材页码：P153</div>"	数组 识记 广义表 13003数据结构与算法
"<div class=""top""><span class=""chip c1"">章节：数组</span><span class=""chip c2"">领会</span><span class=""chip c3"">广义表</span></div><h1>空表</h1><div class=""q"">空表是指<span class=""blank"">______</span>为0的<span class=""blank"">______</span>，记为()。空表没有表头和<span class=""blank"">______</span>。空表的深度为1。</div>"	"<div class=""top""><span class=""chip c1"">章节：数组</span><span class=""chip c2"">领会</span><span class=""chip c3"">广义表</span></div><h1>空表</h1><div class=""a"">空表是指<span class=""hit"">长度</span>为0的<span class=""hit"">广义表</span>，记为()。空表没有表头和<span class=""hit"">表尾</span>。空表的深度为1。</div><div class=""ansbox"">挖空答案：<b>长度、广义表、表尾</b></div><div class=""pg"">教材页码：P153</div>"	数组 领会 广义表 13003数据结构与算法
"<div class=""top""><span class=""chip c1"">章节：数组</span><span class=""chip c2"">领会</span><span class=""chip c3"">广义表</span></div><h1>递归表的深度</h1><div class=""q""><span class=""blank"">______</span>表是指包含自身作为元素的<span class=""blank"">______</span>，如G=(d,G)。递归表展开后为无穷嵌套形式G=(d,(d,(d,...)))，其<span class=""blank"">______</span>为无穷大。</div>"	"<div class=""top""><span class=""chip c1"">章节：数组</span><span class=""chip c2"">领会</span><span class=""chip c3"">广义表</span></div><h1>递归表的深度</h1><div class=""a""><span class=""hit"">递归</span>表是指包含自身作为元素的<span class=""hit"">广义表</span>，如G=(d,G)。<span class=""hit"">递归</span>表展开后为无穷嵌套形式G=(d,(d,(d,...)))，其<span class=""hit"">深度</span>为无穷大。</div><div class=""ansbox"">挖空答案：<b>递归、广义表、深度</b></div><div class=""pg"">教材页码：P154</div>"	数组 领会 广义表 13003数据结构与算法
"<div class=""top""><span class=""chip c1"">章节：数组</span><span class=""chip c2"">简单应用</span><span class=""chip c3"">数组</span></div><h1>广义表的基本操作</h1><div class=""q"">广义表的基本操作包括：取表头Head(<span class=""blank"">______</span>)（返回第一个元素）、取<span class=""blank"">______</span>Tail(<span class=""blank"">______</span>)（返回除第一个元素外剩余元素组成的表）。此外还可以进行建表、求长度、求深度、复制等操作。空表不能求表头和表尾。</div>"	"<div class=""top""><span class=""chip c1"">章节：数组</span><span class=""chip c2"">简单应用</span><span class=""chip c3"">数组</span></div><h1>广义表的基本操作</h1><div class=""a"">广义表的基本操作包括：取表头Head(<span class=""hit"">LS</span>)（返回第一个元素）、取<span class=""hit"">表尾</span>Tail(<span class=""hit"">LS</span>)（返回除第一个元素外剩余元素组成的表）。此外还可以进行建表、求长度、求深度、复制等操作。空表不能求表头和<span class=""hit"">表尾</span>。</div><div class=""ansbox"">挖空答案：<b>LS、表尾、LS</b></div><div class=""pg"">教材页码：P153</div>"	数组 简单应用 数组 13003数据结构与算法
"<div class=""top""><span class=""chip c1"">章节：数组</span><span class=""chip c2"">识记</span><span class=""chip c3"">串</span></div><h1>串</h1><div class=""q"">串（<span class=""blank"">______</span>）也称为字符串，是由零个或多个字符组成的有限序列，记为S=&quot;<span class=""blank"">______</span>&quot;(n≥0)。串中的每个符号可以是字母、数字或其他字符，位置从0开始。C语言中用字符<span class=""blank"">______</span>表示串，以&#x27;\0&#x27;作为结束标志。</div>"	"<div class=""top""><span class=""chip c1"">章节：数组</span><span class=""chip c2"">识记</span><span class=""chip c3"">串</span></div><h1>串</h1><div class=""a"">串（<span class=""hit"">String</span>）也称为字符串，是由零个或多个字符组成的有限序列，记为S=&quot;<span class=""hit"">a0a1...an-1</span>&quot;(n≥0)。串中的每个符号可以是字母、数字或其他字符，位置从0开始。C语言中用字符<span class=""hit"">数组</span>表示串，以&#x27;\0&#x27;作为结束标志。</div><div class=""ansbox"">挖空答案：<b>String、a0a1...an-1、数组</b></div><div class=""pg"">教材页码：P154</div>"	数组 识记 串 13003数据结构与算法
"<div class=""top""><span class=""chip c1"">章节：数组</span><span class=""chip c2"">识记</span><span class=""chip c3"">串</span></div><h1>子串</h1><div class=""q"">串S中任意个连续字符组成的子序列称为串S的子串，相应地，S称为<span class=""blank"">______</span>。子串在主串中首次出现时，子串首字符对应于主串的符号<span class=""blank"">______</span>，定义为子串在主串中的位置。<span class=""blank"">______</span>是任意串的子串，任意串是其自身的子串。</div>"	"<div class=""top""><span class=""chip c1"">章节：数组</span><span class=""chip c2"">识记</span><span class=""chip c3"">串</span></div><h1>子串</h1><div class=""a"">串S中任意个连续字符组成的子序列称为串S的子串，相应地，S称为<span class=""hit"">主串</span>。子串在<span class=""hit"">主串</span>中首次出现时，子串首字符对应于<span class=""hit"">主串</span>的符号<span class=""hit"">位置</span>，定义为子串在<span class=""hit"">主串</span>中的<span class=""hit"">位置</span>。<span class=""hit"">空串</span>是任意串的子串，任意串是其自身的子串。</div><div class=""ansbox"">挖空答案：<b>主串、位置、空串</b></div><div class=""pg"">教材页码：P154</div>"	数组 识记 串 13003数据结构与算法
"<div class=""top""><span class=""chip c1"">章节：数组</span><span class=""chip c2"">识记</span><span class=""chip c3"">串</span></div><h1>空串</h1><div class=""q"">空串是指<span class=""blank"">______</span>为0的串，即不含任何字符的串。注意空串&quot;&quot;<span class=""blank"">______</span>&quot; &quot;不同：空<span class=""blank"">______</span>度为0，空白串长度为1。</div>"	"<div class=""top""><span class=""chip c1"">章节：数组</span><span class=""chip c2"">识记</span><span class=""chip c3"">串</span></div><h1>空串</h1><div class=""a"">空串是指<span class=""hit"">长度</span>为0的串，即不含任何字符的串。注意空串&quot;&quot;<span class=""hit"">与空白串</span>&quot; &quot;不同：空<span class=""hit"">串长</span>度为0，空白<span class=""hit"">串长</span>度为1。</div><div class=""ansbox"">挖空答案：<b>长度、与空白串、串长</b></div><div class=""pg"">教材页码：P154</div>"	数组 识记 串 13003数据结构与算法
"<div class=""top""><span class=""chip c1"">章节：数组</span><span class=""chip c2"">识记</span><span class=""chip c3"">串</span></div><h1>串的长度</h1><div class=""q"">串的长度是指串中字符的个数n。n=0时称为<span class=""blank"">______</span>。C语言中用strlen函数计算<span class=""blank"">______</span>度，长度不包括结束符&#x27;\0&#x27;。</div>"	"<div class=""top""><span class=""chip c1"">章节：数组</span><span class=""chip c2"">识记</span><span class=""chip c3"">串</span></div><h1>串的长度</h1><div class=""a"">串的长度是指串中字符的个数n。n=0时称为<span class=""hit"">空串</span>。C语言中用strlen函数计算<span class=""hit"">串长</span>度，长度不包括结束符&#x27;\0&#x27;。</div><div class=""ansbox"">挖空答案：<b>空串、串长</b></div><div class=""pg"">教材页码：P154</div>"	数组 识记 串 13003数据结构与算法
"<div class=""top""><span class=""chip c1"">章节：数组</span><span class=""chip c2"">识记</span><span class=""chip c3"">串</span></div><h1>主串</h1><div class=""q"">主串是指包含<span class=""blank"">______</span>的串。在串的<span class=""blank"">______</span>中，主串又称为目标，是被搜索的串。子串在主串中首次出现时，子串首字符对应主串的<span class=""blank"">______</span>即为子串在主串中的位置。</div>"	"<div class=""top""><span class=""chip c1"">章节：数组</span><span class=""chip c2"">识记</span><span class=""chip c3"">串</span></div><h1>主串</h1><div class=""a"">主串是指包含<span class=""hit"">子串</span>的串。在串的<span class=""hit"">模式匹配</span>中，主串又称为目标，是被搜索的串。<span class=""hit"">子串</span>在主串中首次出现时，<span class=""hit"">子串</span>首字符对应主串的<span class=""hit"">位置</span>即为<span class=""hit"">子串</span>在主串中的<span class=""hit"">位置</span>。</div><div class=""ansbox"">挖空答案：<b>子串、模式匹配、位置</b></div><div class=""pg"">教材页码：P154</div>"	数组 识记 串 13003数据结构与算法
"<div class=""top""><span class=""chip c1"">章节：数组</span><span class=""chip c2"">识记</span><span class=""chip c3"">串</span></div><h1>模式串</h1><div class=""q"">在串的<span class=""blank"">______</span>中，<span class=""blank"">______</span>又称为模式或模式串，<span class=""blank"">______</span>又称为目标。模式匹配就是在主串中寻找模式串首次出现位置的过程。</div>"	"<div class=""top""><span class=""chip c1"">章节：数组</span><span class=""chip c2"">识记</span><span class=""chip c3"">串</span></div><h1>模式串</h1><div class=""a"">在串的<span class=""hit"">模式匹配</span>中，<span class=""hit"">子串</span>又称为模式或模式串，<span class=""hit"">主串</span>又称为目标。<span class=""hit"">模式匹配</span>就是在<span class=""hit"">主串</span>中寻找模式串首次出现位置的过程。</div><div class=""ansbox"">挖空答案：<b>模式匹配、子串、主串</b></div><div class=""pg"">教材页码：P155</div>"	数组 识记 串 13003数据结构与算法
"<div class=""top""><span class=""chip c1"">章节：数组</span><span class=""chip c2"">领会</span><span class=""chip c3"">串</span></div><h1>比较次数</h1><div class=""q"">比较次数是<span class=""blank"">______</span>过程中主串与模式串字符之间进行比较的总次数。BF算法<span class=""blank"">______</span>下总比较次数为(n-m+1)×m；<span class=""blank"">______</span>最坏情况下总比较次数为n。比较次数是衡量模式匹配算法效率的重要指标。</div>"	"<div class=""top""><span class=""chip c1"">章节：数组</span><span class=""chip c2"">领会</span><span class=""chip c3"">串</span></div><h1>比较次数</h1><div class=""a"">比较次数是<span class=""hit"">模式匹配</span>过程中主串与模式串字符之间进行比较的总次数。BF算法<span class=""hit"">最坏情况</span>下总比较次数为(n-m+1)×m；<span class=""hit"">KMP算法</span><span class=""hit"">最坏情况</span>下总比较次数为n。比较次数是衡量<span class=""hit"">模式匹配</span>算法效率的重要指标。</div><div class=""ansbox"">挖空答案：<b>模式匹配、最坏情况、KMP算法</b></div><div class=""pg"">教材页码：P156</div>"	数组 领会 串 13003数据结构与算法
"<div class=""top""><span class=""chip c1"">章节：数组</span><span class=""chip c2"">领会</span><span class=""chip c3"">串</span></div><h1>串模式匹配的含义</h1><div class=""q"">串的<span class=""blank"">______</span>是指在主串（目标串）中寻找<span class=""blank"">______</span>（<span class=""blank"">______</span>）第一个字符在主串中的位置的过程。从主串与模式串首字符开始依次比较，匹配成功返回位置，匹配失败则模式串右移继续比较，直到完全匹配或到达主串末尾。</div>"	"<div class=""top""><span class=""chip c1"">章节：数组</span><span class=""chip c2"">领会</span><span class=""chip c3"">串</span></div><h1>串模式匹配的含义</h1><div class=""a"">串的<span class=""hit"">模式匹配</span>是指在主串（目标串）中寻找<span class=""hit"">子串</span>（<span class=""hit"">模式串</span>）第一个字符在主串中的位置的过程。从主串与<span class=""hit"">模式串</span>首字符开始依次比较，匹配成功返回位置，匹配失败则<span class=""hit"">模式串</span>右移继续比较，直到完全匹配或到达主串末尾。</div><div class=""ansbox"">挖空答案：<b>模式匹配、子串、模式串</b></div><div class=""pg"">教材页码：P155</div>"	数组 领会 串 13003数据结构与算法
"<div class=""top""><span class=""chip c1"">章节：数组</span><span class=""chip c2"">领会</span><span class=""chip c3"">串</span></div><h1>特征向量</h1><div class=""q"">特征向量next是<span class=""blank"">______</span>中的关键<span class=""blank"">______</span>，用于确定失配时<span class=""blank"">______</span>右移的位数。next(j)仅依赖于模式串前j个字符的构成，与主串无关。next(0)=-1，next(1)=0。对于j&gt;1，next(j)等于模式串前j个字符中最长相等前缀和后缀的长度加1。</div>"	"<div class=""top""><span class=""chip c1"">章节：数组</span><span class=""chip c2"">领会</span><span class=""chip c3"">串</span></div><h1>特征向量</h1><div class=""a"">特征向量next是<span class=""hit"">KMP算法</span>中的关键<span class=""hit"">数组</span>，用于确定失配时<span class=""hit"">模式串</span>右移的位数。next(j)仅依赖于<span class=""hit"">模式串</span>前j个字符的构成，与主串无关。next(0)=-1，next(1)=0。对于j&gt;1，next(j)等于<span class=""hit"">模式串</span>前j个字符中最长相等前缀和后缀的长度加1。</div><div class=""ansbox"">挖空答案：<b>KMP算法、数组、模式串</b></div><div class=""pg"">教材页码：P157</div>"	数组 领会 串 13003数据结构与算法
"<div class=""top""><span class=""chip c1"">章节：数组</span><span class=""chip c2"">简单应用</span><span class=""chip c3"">串</span></div><h1>串的基本操作</h1><div class=""q"">串的基本操作包括：求串长度（<span class=""blank"">______</span>）、串复制（<span class=""blank"">______</span>）、串连接（<span class=""blank"">______</span>）、串比较（strcmp）、求子串、串定位（模式匹配find/index）等。C语言提供了丰富的字符串操作函数。</div>"	"<div class=""top""><span class=""chip c1"">章节：数组</span><span class=""chip c2"">简单应用</span><span class=""chip c3"">串</span></div><h1>串的基本操作</h1><div class=""a"">串的基本操作包括：求串长度（<span class=""hit"">strlen</span>）、串复制（<span class=""hit"">strcpy</span>）、串连接（<span class=""hit"">strcat</span>）、串比较（strcmp）、求子串、串定位（模式匹配find/index）等。C语言提供了丰富的字符串操作函数。</div><div class=""ansbox"">挖空答案：<b>strlen、strcpy、strcat</b></div><div class=""pg"">教材页码：P154</div>"	数组 简单应用 串 13003数据结构与算法
"<div class=""top""><span class=""chip c1"">章节：数组</span><span class=""chip c2"">简单应用</span><span class=""chip c3"">串</span></div><h1>BF算法</h1><div class=""q"">BF算法（朴素<span class=""blank"">______</span>算法）分别从主串与<span class=""blank"">______</span>各自首字符开始依次比较。如果相等则两串各自后移继续比较下一对；如果不等则模式串整体后移一个位置，从模式串首字符与主串下一个字符重新比较。最坏<span class=""blank"">______</span>为O(n×m)。</div>"	"<div class=""top""><span class=""chip c1"">章节：数组</span><span class=""chip c2"">简单应用</span><span class=""chip c3"">串</span></div><h1>BF算法</h1><div class=""a"">BF算法（朴素<span class=""hit"">模式匹配</span>算法）分别从主串与<span class=""hit"">模式串</span>各自首字符开始依次比较。如果相等则两串各自后移继续比较下一对；如果不等则<span class=""hit"">模式串</span>整体后移一个位置，从<span class=""hit"">模式串</span>首字符与主串下一个字符重新比较。最坏<span class=""hit"">时间复杂度</span>为O(n×m)。</div><div class=""ansbox"">挖空答案：<b>模式匹配、模式串、时间复杂度</b></div><div class=""pg"">教材页码：P155</div>"	数组 简单应用 串 13003数据结构与算法
"<div class=""top""><span class=""chip c1"">章节：数组</span><span class=""chip c2"">简单应用</span><span class=""chip c3"">串</span></div><h1>串的特征向量计算</h1><div class=""q""><span class=""blank"">______</span>next值采用递推方式计算：next(0)=-1，next(1)=0。对位置j，<span class=""blank"">______</span>模式串前j个字符组成的<span class=""blank"">______</span>的最长相等前缀和后缀，next(j)=该长度+1。递推公式：当p[j]=p[k]时next[j]=k+1，否则令k=next[k]回退直到满足条件或k=-1。</div>"	"<div class=""top""><span class=""chip c1"">章节：数组</span><span class=""chip c2"">简单应用</span><span class=""chip c3"">串</span></div><h1>串的特征向量计算</h1><div class=""a""><span class=""hit"">特征向量</span>next值采用递推方式计算：next(0)=-1，next(1)=0。对位置j，<span class=""hit"">查找</span>模式串前j个字符组成的<span class=""hit"">子串</span>的最长相等前缀和后缀，next(j)=该长度+1。递推公式：当p[j]=p[k]时next[j]=k+1，否则令k=next[k]回退直到满足条件或k=-1。</div><div class=""ansbox"">挖空答案：<b>特征向量、查找、子串</b></div><div class=""pg"">教材页码：P157</div>"	数组 简单应用 串 13003数据结构与算法
"<div class=""top""><span class=""chip c1"">章节：数组</span><span class=""chip c2"">简单应用</span><span class=""chip c3"">串</span></div><h1>KMP算法</h1><div class=""q"">KMP算法在BF基础上改进，当失配时根据<span class=""blank"">______</span>next的值确定<span class=""blank"">______</span>右移位数，主串指针不回溯。若失配位置j&gt;0，则下一趟从模式串next(j)位置与主串当前位置比较；若j=0则主串指针右移一位。<span class=""blank"">______</span>为O(n+m)。</div>"	"<div class=""top""><span class=""chip c1"">章节：数组</span><span class=""chip c2"">简单应用</span><span class=""chip c3"">串</span></div><h1>KMP算法</h1><div class=""a"">KMP算法在BF基础上改进，当失配时根据<span class=""hit"">特征向量</span>next的值确定<span class=""hit"">模式串</span>右移位数，主串指针不回溯。若失配位置j&gt;0，则下一趟从<span class=""hit"">模式串</span>next(j)位置与主串当前位置比较；若j=0则主串指针右移一位。<span class=""hit"">时间复杂度</span>为O(n+m)。</div><div class=""ansbox"">挖空答案：<b>特征向量、模式串、时间复杂度</b></div><div class=""pg"">教材页码：P156</div>"	数组 简单应用 串 13003数据结构与算法
"<div class=""top""><span class=""chip c1"">章节：数组</span><span class=""chip c2"">本章重点</span></div><h1>数组行主序</h1><div class=""q""><span class=""blank"">______</span>是将<span class=""blank"">______</span>按行优先连续存储的方式，先存第一行再存第二行。<span class=""blank"">______</span>映射map(i1,i2)=i1×u2+i2。C语言采用行主序。元素存储地址=首地址+映射值×每个元素占用单元数。</div>"	"<div class=""top""><span class=""chip c1"">章节：数组</span><span class=""chip c2"">本章重点</span></div><h1>数组行主序</h1><div class=""a""><span class=""hit"">行主序</span>是将<span class=""hit"">多维数组</span>按行优先连续存储的方式，先存第一行再存第二行。<span class=""hit"">二维数组</span>映射map(i1,i2)=i1×u2+i2。C语言采用<span class=""hit"">行主序</span>。元素存储地址=首地址+映射值×每个元素占用单元数。</div><div class=""ansbox"">挖空答案：<b>行主序、多维数组、二维数组</b></div><div class=""pg"">教材页码：P143</div>"	数组 本章重点 13003数据结构与算法
"<div class=""top""><span class=""chip c1"">章节：数组</span><span class=""chip c2"">本章重点</span></div><h1>列主序的存储方法</h1><div class=""q""><span class=""blank"">______</span>是将<span class=""blank"">______</span>按列优先连续存储的方式，先从第一列开始从上到下编号，再排第二列。<span class=""blank"">______</span>映射map(i1,i2)=i2×u1+i1，其中u1是行数。</div>"	"<div class=""top""><span class=""chip c1"">章节：数组</span><span class=""chip c2"">本章重点</span></div><h1>列主序的存储方法</h1><div class=""a""><span class=""hit"">列主序</span>是将<span class=""hit"">多维数组</span>按列优先连续存储的方式，先从第一列开始从上到下编号，再排第二列。<span class=""hit"">二维数组</span>映射map(i1,i2)=i2×u1+i1，其中u1是行数。</div><div class=""ansbox"">挖空答案：<b>列主序、多维数组、二维数组</b></div><div class=""pg"">教材页码：P144</div>"	数组 本章重点 13003数据结构与算法
"<div class=""top""><span class=""chip c1"">章节：数组</span><span class=""chip c2"">本章重点</span></div><h1>多维数组元素存储地址计算</h1><div class=""q""><span class=""blank"">______</span>元素存储地址通过<span class=""blank"">______</span>计算：行主序下LOC(a[i1][i2][...][ik])=LOC(a[0][0]...[0])+map(i1,...,ik)×d。<span class=""blank"">______</span>map(i,j)=i×列数+j；三维数组map(i1,i2,i3)=i1×u2×u3+i2×u3+i3。</div>"	"<div class=""top""><span class=""chip c1"">章节：数组</span><span class=""chip c2"">本章重点</span></div><h1>多维数组元素存储地址计算</h1><div class=""a""><span class=""hit"">多维数组</span>元素存储地址通过<span class=""hit"">映射函数</span>计算：行主序下LOC(a[i1][i2][...][ik])=LOC(a[0][0]...[0])+map(i1,...,ik)×d。<span class=""hit"">二维数组</span>map(i,j)=i×列数+j；三维数组map(i1,i2,i3)=i1×u2×u3+i2×u3+i3。</div><div class=""ansbox"">挖空答案：<b>多维数组、映射函数、二维数组</b></div><div class=""pg"">教材页码：P144</div>"	数组 本章重点 13003数据结构与算法
"<div class=""top""><span class=""chip c1"">章节：数组</span><span class=""chip c2"">本章重点</span></div><h1>特殊矩阵压缩存储方法</h1><div class=""q"">对称矩阵和三角矩阵只存储约一半元素。下三角矩阵按<span class=""blank"">______</span>存储映射map(i,j)=i(i+1)/2+j。对称矩阵根据i,j大小关系互换后映射。稀疏矩阵用<span class=""blank"">______</span>(i,j,v)形式存储非0元素，组成<span class=""blank"">______</span>。</div>"	"<div class=""top""><span class=""chip c1"">章节：数组</span><span class=""chip c2"">本章重点</span></div><h1>特殊矩阵压缩存储方法</h1><div class=""a"">对称矩阵和三角矩阵只存储约一半元素。下三角矩阵按<span class=""hit"">行主序</span>存储映射map(i,j)=i(i+1)/2+j。对称矩阵根据i,j大小关系互换后映射。稀疏矩阵用<span class=""hit"">三元组</span>(i,j,v)形式存储非0元素，组成<span class=""hit"">三元组表</span>。</div><div class=""ansbox"">挖空答案：<b>行主序、三元组、三元组表</b></div><div class=""pg"">教材页码：P145</div>"	数组 本章重点 13003数据结构与算法
"<div class=""top""><span class=""chip c1"">章节：数组</span><span class=""chip c2"">本章重点</span></div><h1>实现以数组作为存储结构的简单算法</h1><div class=""q"">以<span class=""blank"">______</span>为<span class=""blank"">______</span>实现迷宫求解等算法：用<span class=""blank"">______</span>表示迷宫（0为通路1为墙），通过栈记录路径和方向，采用回溯法搜索从入口到出口的可行路径。用move矩阵定义4个探查方向。</div>"	"<div class=""top""><span class=""chip c1"">章节：数组</span><span class=""chip c2"">本章重点</span></div><h1>实现以数组作为存储结构的简单算法</h1><div class=""a"">以<span class=""hit"">数组</span>为<span class=""hit"">存储结构</span>实现迷宫求解等算法：用<span class=""hit"">二维数组</span>表示迷宫（0为通路1为墙），通过栈记录路径和方向，采用回溯法搜索从入口到出口的可行路径。用move矩阵定义4个探查方向。</div><div class=""ansbox"">挖空答案：<b>数组、存储结构、二维数组</b></div><div class=""pg"">教材页码：P150</div>"	数组 本章重点 13003数据结构与算法
"<div class=""top""><span class=""chip c1"">章节：数组</span><span class=""chip c2"">本章重点</span></div><h1>BF算法</h1><div class=""q"">BF算法是朴素<span class=""blank"">______</span>算法，主串和<span class=""blank"">______</span>都从首字符开始逐字符比较，失配后模式串整体后移一位从首字符重新比较。算法简单但效率不高，最坏<span class=""blank"">______</span>O(n×m)。</div>"	"<div class=""top""><span class=""chip c1"">章节：数组</span><span class=""chip c2"">本章重点</span></div><h1>BF算法</h1><div class=""a"">BF算法是朴素<span class=""hit"">模式匹配</span>算法，主串和<span class=""hit"">模式串</span>都从首字符开始逐字符比较，失配后<span class=""hit"">模式串</span>整体后移一位从首字符重新比较。算法简单但效率不高，最坏<span class=""hit"">时间复杂度</span>O(n×m)。</div><div class=""ansbox"">挖空答案：<b>模式匹配、模式串、时间复杂度</b></div><div class=""pg"">教材页码：P155</div>"	数组 本章重点 13003数据结构与算法
"<div class=""top""><span class=""chip c1"">章节：数组</span><span class=""chip c2"">本章重点</span></div><h1>特征向量计算</h1><div class=""q""><span class=""blank"">______</span>next反映<span class=""blank"">______</span>前缀与后缀的最长相等<span class=""blank"">______</span>。用递推方法计算：next(0)=-1；对j&gt;0，在满足p0...pk-1=pj-k...pj-1的条件下找最大k，next(j)=k+1。计算时若不匹配则用k=next[k]回退。</div>"	"<div class=""top""><span class=""chip c1"">章节：数组</span><span class=""chip c2"">本章重点</span></div><h1>特征向量计算</h1><div class=""a""><span class=""hit"">特征向量</span>next反映<span class=""hit"">模式串</span>前缀与后缀的最长相等<span class=""hit"">长度</span>。用递推方法计算：next(0)=-1；对j&gt;0，在满足p0...pk-1=pj-k...pj-1的条件下找最大k，next(j)=k+1。计算时若不匹配则用k=next[k]回退。</div><div class=""ansbox"">挖空答案：<b>特征向量、模式串、长度</b></div><div class=""pg"">教材页码：P157</div>"	数组 本章重点 13003数据结构与算法
"<div class=""top""><span class=""chip c1"">章节：数组</span><span class=""chip c2"">本章重点</span></div><h1>KMP算法</h1><div class=""q"">KMP算法利用已匹配的前缀信息，失配时根据next值确定<span class=""blank"">______</span>右移位数，主串指针不<span class=""blank"">______</span>。next(j)&gt;0时模式串从next(j)位置开始与主串当前位置比较；next(j)=0时模式串回到首位置，主串前进一步。<span class=""blank"">______</span>O(n+m)。</div>"	"<div class=""top""><span class=""chip c1"">章节：数组</span><span class=""chip c2"">本章重点</span></div><h1>KMP算法</h1><div class=""a"">KMP算法利用已匹配的前缀信息，失配时根据next值确定<span class=""hit"">模式串</span>右移位数，主串指针不<span class=""hit"">回溯</span>。next(j)&gt;0时<span class=""hit"">模式串</span>从next(j)位置开始与主串当前位置比较；next(j)=0时<span class=""hit"">模式串</span>回到首位置，主串前进一步。<span class=""hit"">时间复杂度</span>O(n+m)。</div><div class=""ansbox"">挖空答案：<b>模式串、回溯、时间复杂度</b></div><div class=""pg"">教材页码：P156</div>"	数组 本章重点 13003数据结构与算法
"<div class=""top""><span class=""chip c1"">章节：数组</span><span class=""chip c2"">本章难点</span></div><h1>特殊矩阵存储地址计算</h1><div class=""q"">压缩存储后需根据行列关系判断元素存储<span class=""blank"">______</span>。下三角矩阵map(i,j)=i(i+1)/2+j（i≥j）；对称矩阵需比较i,j大小，i&lt;j时互换i,j后映射。计算前需判断行列值合理性，不合理位置返回0。</div>"	"<div class=""top""><span class=""chip c1"">章节：数组</span><span class=""chip c2"">本章难点</span></div><h1>特殊矩阵存储地址计算</h1><div class=""a"">压缩存储后需根据行列关系判断元素存储<span class=""hit"">位置</span>。下三角矩阵map(i,j)=i(i+1)/2+j（i≥j）；对称矩阵需比较i,j大小，i&lt;j时互换i,j后映射。计算前需判断行列值合理性，不合理<span class=""hit"">位置</span>返回0。</div><div class=""ansbox"">挖空答案：<b>位置</b></div><div class=""pg"">教材页码：P146</div>"	数组 本章难点 13003数据结构与算法
"<div class=""top""><span class=""chip c1"">章节：数组</span><span class=""chip c2"">本章难点</span></div><h1>实现以数组作为存储结构的简单算法</h1><div class=""q"">综合运用<span class=""blank"">______</span>实现如迷宫<span class=""blank"">______</span>搜索等算法，需处理方向矩阵定义、栈操作（入栈记录<span class=""blank"">______</span>、出栈回溯）、边界判断（扩大迷宫一圈设围墙）和标志矩阵（标记已走位置）等。</div>"	"<div class=""top""><span class=""chip c1"">章节：数组</span><span class=""chip c2"">本章难点</span></div><h1>实现以数组作为存储结构的简单算法</h1><div class=""a"">综合运用<span class=""hit"">数组</span>实现如迷宫<span class=""hit"">回溯</span>搜索等算法，需处理方向矩阵定义、栈操作（入栈记录<span class=""hit"">路径</span>、出栈<span class=""hit"">回溯</span>）、边界判断（扩大迷宫一圈设围墙）和标志矩阵（标记已走位置）等。</div><div class=""ansbox"">挖空答案：<b>数组、回溯、路径</b></div><div class=""pg"">教材页码：P150</div>"	数组 本章难点 13003数据结构与算法
"<div class=""top""><span class=""chip c1"">章节：数组</span><span class=""chip c2"">本章难点</span></div><h1>特征向量计算</h1><div class=""q"">特征向量计算的难点在于理解前缀和后缀概念及递推回退机制。改进的next值：当失配<span class=""blank"">______</span>字符与要移到的目标位置字符相等时，使用目标位置的next值替代，省略中间不必要的比较趟数。</div>"	"<div class=""top""><span class=""chip c1"">章节：数组</span><span class=""chip c2"">本章难点</span></div><h1>特征向量计算</h1><div class=""a"">特征向量计算的难点在于理解前缀和后缀概念及递推回退机制。改进的next值：当失配<span class=""hit"">位置</span>字符与要移到的目标<span class=""hit"">位置</span>字符相等时，使用目标<span class=""hit"">位置</span>的next值替代，省略中间不必要的比较趟数。</div><div class=""ansbox"">挖空答案：<b>位置</b></div><div class=""pg"">教材页码：P157</div>"	数组 本章难点 13003数据结构与算法
"<div class=""top""><span class=""chip c1"">章节：数组</span><span class=""chip c2"">本章难点</span></div><h1>KMP算法</h1><div class=""q"">KMP算法难点在于理解<span class=""blank"">______</span>的含义和失配后<span class=""blank"">______</span>右移原理。主串不<span class=""blank"">______</span>，仅根据next值移动模式串。需掌握next值计算方法和KMP匹配过程中每趟的指针变化规律。</div>"	"<div class=""top""><span class=""chip c1"">章节：数组</span><span class=""chip c2"">本章难点</span></div><h1>KMP算法</h1><div class=""a"">KMP算法难点在于理解<span class=""hit"">特征向量</span>的含义和失配后<span class=""hit"">模式串</span>右移原理。主串不<span class=""hit"">回溯</span>，仅根据next值移动<span class=""hit"">模式串</span>。需掌握next值计算方法和KMP匹配过程中每趟的指针变化规律。</div><div class=""ansbox"">挖空答案：<b>特征向量、模式串、回溯</b></div><div class=""pg"">教材页码：P156</div>"	数组 本章难点 13003数据结构与算法
"<div class=""top""><span class=""chip c1"">章节：树与二叉树</span><span class=""chip c2"">识记</span><span class=""chip c3"">树的基本概念</span></div><h1>树</h1><div class=""q"">一棵树（<span class=""blank"">______</span>）是由一个或一个以上的结点组成的有限集合，其中有一个特定的结点称为<span class=""blank"">______</span>。除根结点外，其余结点可划分为m个不相交的子集，每个子集都是树（子树）。树是一种层次结构、非<span class=""blank"">______</span>。</div>"	"<div class=""top""><span class=""chip c1"">章节：树与二叉树</span><span class=""chip c2"">识记</span><span class=""chip c3"">树的基本概念</span></div><h1>树</h1><div class=""a"">一棵树（<span class=""hit"">tree</span>）是由一个或一个以上的结点组成的有限集合，其中有一个特定的结点称为<span class=""hit"">根结点</span>。除<span class=""hit"">根结点</span>外，其余结点可划分为m个不相交的子集，每个子集都是树（子树）。树是一种层次结构、非<span class=""hit"">线性结构</span>。</div><div class=""ansbox"">挖空答案：<b>tree、根结点、线性结构</b></div><div class=""pg"">教材页码：P164</div>"	树与二叉树 识记 树的基本概念 13003数据结构与算法
"<div class=""top""><span class=""chip c1"">章节：树与二叉树</span><span class=""chip c2"">识记</span><span class=""chip c3"">树的基本概念</span></div><h1>子树</h1><div class=""q"">子树（<span class=""blank"">______</span>）是指树中<span class=""blank"">______</span>的各棵子树。去掉根结点后，其余结点分成的若干不相交的集合各自构成一棵树，称为根结点的子树。子树本身也是一棵树，可以继续<span class=""blank"">______</span>为更小的子树。</div>"	"<div class=""top""><span class=""chip c1"">章节：树与二叉树</span><span class=""chip c2"">识记</span><span class=""chip c3"">树的基本概念</span></div><h1>子树</h1><div class=""a"">子树（<span class=""hit"">subtree</span>）是指树中<span class=""hit"">根结点</span>的各棵子树。去掉<span class=""hit"">根结点</span>后，其余结点分成的若干不相交的集合各自构成一棵树，称为<span class=""hit"">根结点</span>的子树。子树本身也是一棵树，可以继续<span class=""hit"">划分</span>为更小的子树。</div><div class=""ansbox"">挖空答案：<b>subtree、根结点、划分</b></div><div class=""pg"">教材页码：P164</div>"	树与二叉树 识记 树的基本概念 13003数据结构与算法
"<div class=""top""><span class=""chip c1"">章节：树与二叉树</span><span class=""chip c2"">识记</span><span class=""chip c3"">树的基本概念</span></div><h1>结点</h1><div class=""q"">结点是树中的基本元素，用来表示树中的<span class=""blank"">______</span>。树由结点组成，结点之间通过边连接。每个结点包含数据信息以及与其他结点的关系（父子关系）。</div>"	"<div class=""top""><span class=""chip c1"">章节：树与二叉树</span><span class=""chip c2"">识记</span><span class=""chip c3"">树的基本概念</span></div><h1>结点</h1><div class=""a"">结点是树中的基本元素，用来表示树中的<span class=""hit"">数据项</span>。树由结点组成，结点之间通过边连接。每个结点包含数据信息以及与其他结点的关系（父子关系）。</div><div class=""ansbox"">挖空答案：<b>数据项</b></div><div class=""pg"">教材页码：P164</div>"	树与二叉树 识记 树的基本概念 13003数据结构与算法
"<div class=""top""><span class=""chip c1"">章节：树与二叉树</span><span class=""chip c2"">识记</span><span class=""chip c3"">树的基本概念</span></div><h1>边</h1><div class=""q"">边是连接树中<span class=""blank"">______</span>的线段，也称为分支。边连接<span class=""blank"">______</span>与<span class=""blank"">______</span>。包含n个结点的树有且仅有n-1条边，这是树的重要特性。</div>"	"<div class=""top""><span class=""chip c1"">章节：树与二叉树</span><span class=""chip c2"">识记</span><span class=""chip c3"">树的基本概念</span></div><h1>边</h1><div class=""a"">边是连接树中<span class=""hit"">结点</span>的线段，也称为分支。边连接<span class=""hit"">父结点</span>与<span class=""hit"">子结点</span>。包含n个<span class=""hit"">结点</span>的树有且仅有n-1条边，这是树的重要特性。</div><div class=""ansbox"">挖空答案：<b>结点、父结点、子结点</b></div><div class=""pg"">教材页码：P164</div>"	树与二叉树 识记 树的基本概念 13003数据结构与算法
"<div class=""top""><span class=""chip c1"">章节：树与二叉树</span><span class=""chip c2"">识记</span><span class=""chip c3"">树的基本概念</span></div><h1>根结点</h1><div class=""q"">根结点是一棵树中特定的、没有<span class=""blank"">______</span>的结点。一棵树有且仅有一个根结点，它是树的起点，位于树的最顶层（0层）。</div>"	"<div class=""top""><span class=""chip c1"">章节：树与二叉树</span><span class=""chip c2"">识记</span><span class=""chip c3"">树的基本概念</span></div><h1>根结点</h1><div class=""a"">根结点是一棵树中特定的、没有<span class=""hit"">父结点</span>的结点。一棵树有且仅有一个根结点，它是树的起点，位于树的最顶层（0层）。</div><div class=""ansbox"">挖空答案：<b>父结点</b></div><div class=""pg"">教材页码：P164</div>"	树与二叉树 识记 树的基本概念 13003数据结构与算法
"<div class=""top""><span class=""chip c1"">章节：树与二叉树</span><span class=""chip c2"">识记</span><span class=""chip c3"">树的基本概念</span></div><h1>父结点</h1><div class=""q"">父结点（双亲结点）是指某结点的直接上层结点。若<span class=""blank"">______</span>T_i的根是R的<span class=""blank"">______</span>，则R称为T_i<span class=""blank"">______</span>的父结点。除根结点外，每个结点有且仅有一个父结点。</div>"	"<div class=""top""><span class=""chip c1"">章节：树与二叉树</span><span class=""chip c2"">识记</span><span class=""chip c3"">树的基本概念</span></div><h1>父结点</h1><div class=""a"">父结点（双亲结点）是指某结点的直接上层结点。若<span class=""hit"">子树</span>T_i的根是R的<span class=""hit"">子结点</span>，则R称为T_i<span class=""hit"">根结点</span>的父结点。除<span class=""hit"">根结点</span>外，每个结点有且仅有一个父结点。</div><div class=""ansbox"">挖空答案：<b>子树、子结点、根结点</b></div><div class=""pg"">教材页码：P164</div>"	树与二叉树 识记 树的基本概念 13003数据结构与算法
"<div class=""top""><span class=""chip c1"">章节：树与二叉树</span><span class=""chip c2"">识记</span><span class=""chip c3"">树的基本概念</span></div><h1>兄弟结点</h1><div class=""q"">兄弟结点是指具有同一<span class=""blank"">______</span>的各个结点之间互称为兄弟结点。例如结点B、C、D具有同一父结点A，则它们互为兄弟结点。</div>"	"<div class=""top""><span class=""chip c1"">章节：树与二叉树</span><span class=""chip c2"">识记</span><span class=""chip c3"">树的基本概念</span></div><h1>兄弟结点</h1><div class=""a"">兄弟结点是指具有同一<span class=""hit"">父结点</span>的各个结点之间互称为兄弟结点。例如结点B、C、D具有同一<span class=""hit"">父结点</span>A，则它们互为兄弟结点。</div><div class=""ansbox"">挖空答案：<b>父结点</b></div><div class=""pg"">教材页码：P165</div>"	树与二叉树 识记 树的基本概念 13003数据结构与算法
"<div class=""top""><span class=""chip c1"">章节：树与二叉树</span><span class=""chip c2"">识记</span><span class=""chip c3"">树的基本概念</span></div><h1>祖先结点</h1><div class=""q"">祖先结点是指从某一结点到<span class=""blank"">______</span>之间所经过的所有结点（包括根结点）。例如结点H的祖先结点为其<span class=""blank"">______</span>D及根结点A。</div>"	"<div class=""top""><span class=""chip c1"">章节：树与二叉树</span><span class=""chip c2"">识记</span><span class=""chip c3"">树的基本概念</span></div><h1>祖先结点</h1><div class=""a"">祖先结点是指从某一结点到<span class=""hit"">根结点</span>之间所经过的所有结点（包括<span class=""hit"">根结点</span>）。例如结点H的祖先结点为其<span class=""hit"">父结点</span>D及<span class=""hit"">根结点</span>A。</div><div class=""ansbox"">挖空答案：<b>根结点、父结点</b></div><div class=""pg"">教材页码：P165</div>"	树与二叉树 识记 树的基本概念 13003数据结构与算法
"<div class=""top""><span class=""chip c1"">章节：树与二叉树</span><span class=""chip c2"">识记</span><span class=""chip c3"">树的基本概念</span></div><h1>后代结点</h1><div class=""q"">后代结点（子孙结点）是指以某结点为根的<span class=""blank"">______</span>中的所有结点。例如结点D的后代结点为H、I、J。</div>"	"<div class=""top""><span class=""chip c1"">章节：树与二叉树</span><span class=""chip c2"">识记</span><span class=""chip c3"">树的基本概念</span></div><h1>后代结点</h1><div class=""a"">后代结点（子孙结点）是指以某结点为根的<span class=""hit"">子树</span>中的所有结点。例如结点D的后代结点为H、I、J。</div><div class=""ansbox"">挖空答案：<b>子树</b></div><div class=""pg"">教材页码：P165</div>"	树与二叉树 识记 树的基本概念 13003数据结构与算法
"<div class=""top""><span class=""chip c1"">章节：树与二叉树</span><span class=""chip c2"">识记</span><span class=""chip c3"">树的基本概念</span></div><h1>子结点</h1><div class=""q"">子结点（<span class=""blank"">______</span>结点/子女结点）是指某结点的直接下层结点。若子集T_i的根是R的子结点，则称该根为R的子结点。每个结点的子结点个数称为该<span class=""blank"">______</span>。</div>"	"<div class=""top""><span class=""chip c1"">章节：树与二叉树</span><span class=""chip c2"">识记</span><span class=""chip c3"">树的基本概念</span></div><h1>子结点</h1><div class=""a"">子结点（<span class=""hit"">孩子</span>结点/子女结点）是指某结点的直接下层结点。若子集T_i的根是R的子结点，则称该根为R的子结点。每个结点的子结点个数称为该<span class=""hit"">结点的度</span>。</div><div class=""ansbox"">挖空答案：<b>孩子、结点的度</b></div><div class=""pg"">教材页码：P164</div>"	树与二叉树 识记 树的基本概念 13003数据结构与算法
"<div class=""top""><span class=""chip c1"">章节：树与二叉树</span><span class=""chip c2"">识记</span><span class=""chip c3"">树的基本概念</span></div><h1>层</h1><div class=""q"">层是树中结点所处的层次<span class=""blank"">______</span>。规定<span class=""blank"">______</span>在0层，根的<span class=""blank"">______</span>在1层，依此类推。若某结点位于i层，则它的子结点位于i+1层。</div>"	"<div class=""top""><span class=""chip c1"">章节：树与二叉树</span><span class=""chip c2"">识记</span><span class=""chip c3"">树的基本概念</span></div><h1>层</h1><div class=""a"">层是树中结点所处的层次<span class=""hit"">位置</span>。规定<span class=""hit"">根结点</span>在0层，根的<span class=""hit"">子结点</span>在1层，依此类推。若某结点位于i层，则它的<span class=""hit"">子结点</span>位于i+1层。</div><div class=""ansbox"">挖空答案：<b>位置、根结点、子结点</b></div><div class=""pg"">教材页码：P166</div>"	树与二叉树 识记 树的基本概念 13003数据结构与算法
"<div class=""top""><span class=""chip c1"">章节：树与二叉树</span><span class=""chip c2"">识记</span><span class=""chip c3"">树的基本概念</span></div><h1>深度</h1><div class=""q"">深度是树中<span class=""blank"">______</span>的最大层数。设根为0层，则<span class=""blank"">______</span>等于树中结点所在的最大层号。</div>"	"<div class=""top""><span class=""chip c1"">章节：树与二叉树</span><span class=""chip c2"">识记</span><span class=""chip c3"">树的基本概念</span></div><h1>深度</h1><div class=""a"">深度是树中<span class=""hit"">结点</span>的最大层数。设根为0层，则<span class=""hit"">树的深度</span>等于树中<span class=""hit"">结点</span>所在的最大层号。</div><div class=""ansbox"">挖空答案：<b>结点、树的深度</b></div><div class=""pg"">教材页码：P166</div>"	树与二叉树 识记 树的基本概念 13003数据结构与算法
"<div class=""top""><span class=""chip c1"">章节：树与二叉树</span><span class=""chip c2"">识记</span><span class=""chip c3"">树的基本概念</span></div><h1>高度</h1><div class=""q"">高度是<span class=""blank"">______</span>加1。即树的高度=最大层数+1。例如最大层数为2的树，深度为2，高度为3。</div>"	"<div class=""top""><span class=""chip c1"">章节：树与二叉树</span><span class=""chip c2"">识记</span><span class=""chip c3"">树的基本概念</span></div><h1>高度</h1><div class=""a"">高度是<span class=""hit"">树的深度</span>加1。即树的高度=最大层数+1。例如最大层数为2的树，深度为2，高度为3。</div><div class=""ansbox"">挖空答案：<b>树的深度</b></div><div class=""pg"">教材页码：P166</div>"	树与二叉树 识记 树的基本概念 13003数据结构与算法
"<div class=""top""><span class=""chip c1"">章节：树与二叉树</span><span class=""chip c2"">识记</span><span class=""chip c3"">树的基本概念</span></div><h1>结点的度</h1><div class=""q"">结点的度是指树中每个结点拥有的子树个数，实际上等于其<span class=""blank"">______</span>的个数。度为0的结点是<span class=""blank"">______</span>，度不为0的结点是<span class=""blank"">______</span>。</div>"	"<div class=""top""><span class=""chip c1"">章节：树与二叉树</span><span class=""chip c2"">识记</span><span class=""chip c3"">树的基本概念</span></div><h1>结点的度</h1><div class=""a"">结点的度是指树中每个结点拥有的子树个数，实际上等于其<span class=""hit"">子结点</span>的个数。度为0的结点是<span class=""hit"">叶结点</span>，度不为0的结点是<span class=""hit"">分支结点</span>。</div><div class=""ansbox"">挖空答案：<b>子结点、叶结点、分支结点</b></div><div class=""pg"">教材页码：P165</div>"	树与二叉树 识记 树的基本概念 13003数据结构与算法
"<div class=""top""><span class=""chip c1"">章节：树与二叉树</span><span class=""chip c2"">识记</span><span class=""chip c3"">树的基本概念</span></div><h1>树的度</h1><div class=""q"">树的度是指树中所有<span class=""blank"">______</span>的最大值。它表示这棵树中结点最多拥有的<span class=""blank"">______</span>个数。</div>"	"<div class=""top""><span class=""chip c1"">章节：树与二叉树</span><span class=""chip c2"">识记</span><span class=""chip c3"">树的基本概念</span></div><h1>树的度</h1><div class=""a"">树的度是指树中所有<span class=""hit"">结点的度</span>的最大值。它表示这棵树中结点最多拥有的<span class=""hit"">子结点</span>个数。</div><div class=""ansbox"">挖空答案：<b>结点的度、子结点</b></div><div class=""pg"">教材页码：P165</div>"	树与二叉树 识记 树的基本概念 13003数据结构与算法
"<div class=""top""><span class=""chip c1"">章节：树与二叉树</span><span class=""chip c2"">识记</span><span class=""chip c3"">树的基本概念</span></div><h1>路径</h1><div class=""q"">路径是指在树中从某一<span class=""blank"">______</span>出发到达另一结点所经过的边组成的序列。通常以组成路径的结点序列来表示，如(A,B,F)表示从A到B到F的路径。</div>"	"<div class=""top""><span class=""chip c1"">章节：树与二叉树</span><span class=""chip c2"">识记</span><span class=""chip c3"">树的基本概念</span></div><h1>路径</h1><div class=""a"">路径是指在树中从某一<span class=""hit"">结点</span>出发到达另一<span class=""hit"">结点</span>所经过的边组成的序列。通常以组成路径的<span class=""hit"">结点</span>序列来表示，如(A,B,F)表示从A到B到F的路径。</div><div class=""ansbox"">挖空答案：<b>结点</b></div><div class=""pg"">教材页码：P166</div>"	树与二叉树 识记 树的基本概念 13003数据结构与算法
"<div class=""top""><span class=""chip c1"">章节：树与二叉树</span><span class=""chip c2"">识记</span><span class=""chip c3"">树的基本概念</span></div><h1>路径长度</h1><div class=""q""><span class=""blank"">______</span>是指一条路径中所包含的边的条数。例如路径(A,B,F)中经过了两条边，路径长度为2。</div>"	"<div class=""top""><span class=""chip c1"">章节：树与二叉树</span><span class=""chip c2"">识记</span><span class=""chip c3"">树的基本概念</span></div><h1>路径长度</h1><div class=""a""><span class=""hit"">路径长度</span>是指一条路径中所包含的边的条数。例如路径(A,B,F)中经过了两条边，<span class=""hit"">路径长度</span>为2。</div><div class=""ansbox"">挖空答案：<b>路径长度</b></div><div class=""pg"">教材页码：P166</div>"	树与二叉树 识记 树的基本概念 13003数据结构与算法
"<div class=""top""><span class=""chip c1"">章节：树与二叉树</span><span class=""chip c2"">识记</span><span class=""chip c3"">树的基本概念</span></div><h1>叶结点</h1><div class=""q"">叶结点（终端结点）是指度为0的结点，即没有<span class=""blank"">______</span>的结点。在树中，叶结点位于最底层。</div>"	"<div class=""top""><span class=""chip c1"">章节：树与二叉树</span><span class=""chip c2"">识记</span><span class=""chip c3"">树的基本概念</span></div><h1>叶结点</h1><div class=""a"">叶结点（终端结点）是指度为0的结点，即没有<span class=""hit"">子结点</span>的结点。在树中，叶结点位于最底层。</div><div class=""ansbox"">挖空答案：<b>子结点</b></div><div class=""pg"">教材页码：P165</div>"	树与二叉树 识记 树的基本概念 13003数据结构与算法
"<div class=""top""><span class=""chip c1"">章节：树与二叉树</span><span class=""chip c2"">识记</span><span class=""chip c3"">树的基本概念</span></div><h1>分支结点</h1><div class=""q"">分支结点是指度不为0的结点，即拥有至少一个<span class=""blank"">______</span>的结点。分支结点位于树的中间各层，不包括<span class=""blank"">______</span>以外的上层结点中无子结点的情况。</div>"	"<div class=""top""><span class=""chip c1"">章节：树与二叉树</span><span class=""chip c2"">识记</span><span class=""chip c3"">树的基本概念</span></div><h1>分支结点</h1><div class=""a"">分支结点是指度不为0的结点，即拥有至少一个<span class=""hit"">子结点</span>的结点。分支结点位于树的中间各层，不包括<span class=""hit"">根结点</span>以外的上层结点中无<span class=""hit"">子结点</span>的情况。</div><div class=""ansbox"">挖空答案：<b>子结点、根结点</b></div><div class=""pg"">教材页码：P165</div>"	树与二叉树 识记 树的基本概念 13003数据结构与算法
"<div class=""top""><span class=""chip c1"">章节：树与二叉树</span><span class=""chip c2"">识记</span><span class=""chip c3"">树的基本概念</span></div><h1>有序树</h1><div class=""q"">有序树是指树中每个<span class=""blank"">______</span>的<span class=""blank"">______</span>之间规定了次序的树。在有序树中，各子结点有第一、第二等先后之分。若未规定次序则称为无序树。</div>"	"<div class=""top""><span class=""chip c1"">章节：树与二叉树</span><span class=""chip c2"">识记</span><span class=""chip c3"">树的基本概念</span></div><h1>有序树</h1><div class=""a"">有序树是指树中每个<span class=""hit"">结点</span>的<span class=""hit"">子结点</span>之间规定了次序的树。在有序树中，各<span class=""hit"">子结点</span>有第一、第二等先后之分。若未规定次序则称为无序树。</div><div class=""ansbox"">挖空答案：<b>结点、子结点</b></div><div class=""pg"">教材页码：P165</div>"	树与二叉树 识记 树的基本概念 13003数据结构与算法
"<div class=""top""><span class=""chip c1"">章节：树与二叉树</span><span class=""chip c2"">识记</span><span class=""chip c3"">树的基本概念</span></div><h1>森林</h1><div class=""q"">森林是由m（m≥0）棵互不相交的树构成的<span class=""blank"">______</span>。对树中每个<span class=""blank"">______</span>来说，其<span class=""blank"">______</span>的集合就是一个森林。将一棵树的根去掉后，其各棵子树就构成一个森林。</div>"	"<div class=""top""><span class=""chip c1"">章节：树与二叉树</span><span class=""chip c2"">识记</span><span class=""chip c3"">树的基本概念</span></div><h1>森林</h1><div class=""a"">森林是由m（m≥0）棵互不相交的树构成的<span class=""hit"">集合</span>。对树中每个<span class=""hit"">结点</span>来说，其<span class=""hit"">子树</span>的<span class=""hit"">集合</span>就是一个森林。将一棵树的根去掉后，其各棵<span class=""hit"">子树</span>就构成一个森林。</div><div class=""ansbox"">挖空答案：<b>集合、结点、子树</b></div><div class=""pg"">教材页码：P166</div>"	树与二叉树 识记 树的基本概念 13003数据结构与算法
"<div class=""top""><span class=""chip c1"">章节：树与二叉树</span><span class=""chip c2"">领会</span><span class=""chip c3"">树的基本概念</span></div><h1>层次结构的含义</h1><div class=""q"">层次结构的含义是指树中结点之间的层次关系：除<span class=""blank"">______</span>外每个结点只有一个前驱（父结点），除叶结点外每个结点有若干个后继（<span class=""blank"">______</span>）。树与<span class=""blank"">______</span>不同，前驱个数不超过1个，后继个数可以是任意个。</div>"	"<div class=""top""><span class=""chip c1"">章节：树与二叉树</span><span class=""chip c2"">领会</span><span class=""chip c3"">树的基本概念</span></div><h1>层次结构的含义</h1><div class=""a"">层次结构的含义是指树中结点之间的层次关系：除<span class=""hit"">根结点</span>外每个结点只有一个前驱（父结点），除叶结点外每个结点有若干个后继（<span class=""hit"">子结点</span>）。树与<span class=""hit"">线性结构</span>不同，前驱个数不超过1个，后继个数可以是任意个。</div><div class=""ansbox"">挖空答案：<b>根结点、子结点、线性结构</b></div><div class=""pg"">教材页码：P165</div>"	树与二叉树 领会 树的基本概念 13003数据结构与算法
"<div class=""top""><span class=""chip c1"">章节：树与二叉树</span><span class=""chip c2"">领会</span><span class=""chip c3"">树的基本概念</span></div><h1>层次结构中的前驱和后继</h1><div class=""q"">在树的层次结构中，将某结点的父结点看作它的前驱，将其<span class=""blank"">______</span>看作它的后继。除<span class=""blank"">______</span>外每个结点仅有一个前驱结点；除<span class=""blank"">______</span>外每个结点有若干个后继结点。根的前驱个数为0，叶结点的后继个数为0。</div>"	"<div class=""top""><span class=""chip c1"">章节：树与二叉树</span><span class=""chip c2"">领会</span><span class=""chip c3"">树的基本概念</span></div><h1>层次结构中的前驱和后继</h1><div class=""a"">在树的层次结构中，将某结点的父结点看作它的前驱，将其<span class=""hit"">子结点</span>看作它的后继。除<span class=""hit"">根结点</span>外每个结点仅有一个前驱结点；除<span class=""hit"">叶结点</span>外每个结点有若干个后继结点。根的前驱个数为0，<span class=""hit"">叶结点</span>的后继个数为0。</div><div class=""ansbox"">挖空答案：<b>子结点、根结点、叶结点</b></div><div class=""pg"">教材页码：P166</div>"	树与二叉树 领会 树的基本概念 13003数据结构与算法
"<div class=""top""><span class=""chip c1"">章节：树与二叉树</span><span class=""chip c2"">领会</span><span class=""chip c3"">树的基本概念</span></div><h1>树的递归定义</h1><div class=""q"">树的递归定义：一棵树由一个或以上<span class=""blank"">______</span>组成有限集，有一个特定结点为根。除根外，其余结点<span class=""blank"">______</span>为m个不相交子集，每个子集都是一棵树（<span class=""blank"">______</span>）。这个定义是递归的，子树还可以继续划分为更小的子树，直到只含一个结点为止。</div>"	"<div class=""top""><span class=""chip c1"">章节：树与二叉树</span><span class=""chip c2"">领会</span><span class=""chip c3"">树的基本概念</span></div><h1>树的递归定义</h1><div class=""a"">树的递归定义：一棵树由一个或以上<span class=""hit"">结点</span>组成有限集，有一个特定<span class=""hit"">结点</span>为根。除根外，其余<span class=""hit"">结点</span><span class=""hit"">划分</span>为m个不相交子集，每个子集都是一棵树（<span class=""hit"">子树</span>）。这个定义是递归的，<span class=""hit"">子树</span>还可以继续<span class=""hit"">划分</span>为更小的<span class=""hit"">子树</span>，直到只含一个<span class=""hit"">结点</span>为止。</div><div class=""ansbox"">挖空答案：<b>结点、划分、子树</b></div><div class=""pg"">教材页码：P164</div>"	树与二叉树 领会 树的基本概念 13003数据结构与算法
"<div class=""top""><span class=""chip c1"">章节：树与二叉树</span><span class=""chip c2"">领会</span><span class=""chip c3"">树的基本概念</span></div><h1>树的表示形式</h1><div class=""q"">树的表示形式主要有：图示法（用矩形框或圆表示<span class=""blank"">______</span>，线段表示边）、<span class=""blank"">______</span>/<span class=""blank"">______</span>表示法（如(A,(B,(E),(F)),...)）、缩进表示法（如文件目录树）。图示法最直观，广义表法接近树的定义。</div>"	"<div class=""top""><span class=""chip c1"">章节：树与二叉树</span><span class=""chip c2"">领会</span><span class=""chip c3"">树的基本概念</span></div><h1>树的表示形式</h1><div class=""a"">树的表示形式主要有：图示法（用矩形框或圆表示<span class=""hit"">结点</span>，线段表示边）、<span class=""hit"">广义表</span>/<span class=""hit"">集合</span>表示法（如(A,(B,(E),(F)),...)）、缩进表示法（如文件目录树）。图示法最直观，<span class=""hit"">广义表</span>法接近树的定义。</div><div class=""ansbox"">挖空答案：<b>结点、广义表、集合</b></div><div class=""pg"">教材页码：P165</div>"	树与二叉树 领会 树的基本概念 13003数据结构与算法
"<div class=""top""><span class=""chip c1"">章节：树与二叉树</span><span class=""chip c2"">领会</span><span class=""chip c3"">树的基本概念</span></div><h1>树中结点个数与边数的关系</h1><div class=""q"">树中结点个数与边数的关系：包含n个结点的树有且仅有n-1条边。这是因为除<span class=""blank"">______</span>外，每个结点都通过且仅通过一条边与其<span class=""blank"">______</span>相连。</div>"	"<div class=""top""><span class=""chip c1"">章节：树与二叉树</span><span class=""chip c2"">领会</span><span class=""chip c3"">树的基本概念</span></div><h1>树中结点个数与边数的关系</h1><div class=""a"">树中结点个数与边数的关系：包含n个结点的树有且仅有n-1条边。这是因为除<span class=""hit"">根结点</span>外，每个结点都通过且仅通过一条边与其<span class=""hit"">父结点</span>相连。</div><div class=""ansbox"">挖空答案：<b>根结点、父结点</b></div><div class=""pg"">教材页码：P164</div>"	树与二叉树 领会 树的基本概念 13003数据结构与算法
"<div class=""top""><span class=""chip c1"">章节：树与二叉树</span><span class=""chip c2"">简单应用</span><span class=""chip c3"">树的基本概念</span></div><h1>使用不同的方式表示树</h1><div class=""q"">树的表示方法包括图示法（树形图）、<span class=""blank"">______</span>表示法（<span class=""blank"">______</span>表示法）、缩进表示法（目录树形式）。可根据需要选择不同方式，图示法最直观，广义表法最严谨，缩进法适合文本显示。</div>"	"<div class=""top""><span class=""chip c1"">章节：树与二叉树</span><span class=""chip c2"">简单应用</span><span class=""chip c3"">树的基本概念</span></div><h1>使用不同的方式表示树</h1><div class=""a"">树的表示方法包括图示法（树形图）、<span class=""hit"">广义表</span>表示法（<span class=""hit"">集合</span>表示法）、缩进表示法（目录树形式）。可根据需要选择不同方式，图示法最直观，<span class=""hit"">广义表</span>法最严谨，缩进法适合文本显示。</div><div class=""ansbox"">挖空答案：<b>广义表、集合</b></div><div class=""pg"">教材页码：P165</div>"	树与二叉树 简单应用 树的基本概念 13003数据结构与算法
"<div class=""top""><span class=""chip c1"">章节：树与二叉树</span><span class=""chip c2"">识记</span><span class=""chip c3"">二叉树及其操作</span></div><h1>二叉树</h1><div class=""q"">二叉树（<span class=""blank"">______</span>）是结点的一个有限集合，该集合或者为空，或者由一个<span class=""blank"">______</span>以及两棵互不相交的、分别称为<span class=""blank"">______</span>和右子树的二叉树组成。二叉树中每个结点的子结点有左、右之分。</div>"	"<div class=""top""><span class=""chip c1"">章节：树与二叉树</span><span class=""chip c2"">识记</span><span class=""chip c3"">二叉树及其操作</span></div><h1>二叉树</h1><div class=""a"">二叉树（<span class=""hit"">binary tree</span>）是结点的一个有限集合，该集合或者为空，或者由一个<span class=""hit"">根结点</span>以及两棵互不相交的、分别称为<span class=""hit"">左子树</span>和右子树的二叉树组成。二叉树中每个结点的子结点有左、右之分。</div><div class=""ansbox"">挖空答案：<b>binary tree、根结点、左子树</b></div><div class=""pg"">教材页码：P166</div>"	树与二叉树 识记 二叉树及其操作 13003数据结构与算法
"<div class=""top""><span class=""chip c1"">章节：树与二叉树</span><span class=""chip c2"">识记</span><span class=""chip c3"">二叉树及其操作</span></div><h1>左子树</h1><div class=""q"">左子树是二叉树<span class=""blank"">______</span>的左分支所构成的子树。左子树本身也是一棵二叉树，可以为空。</div>"	"<div class=""top""><span class=""chip c1"">章节：树与二叉树</span><span class=""chip c2"">识记</span><span class=""chip c3"">二叉树及其操作</span></div><h1>左子树</h1><div class=""a"">左子树是二叉树<span class=""hit"">根结点</span>的左分支所构成的子树。左子树本身也是一棵二叉树，可以为空。</div><div class=""ansbox"">挖空答案：<b>根结点</b></div><div class=""pg"">教材页码：P166</div>"	树与二叉树 识记 二叉树及其操作 13003数据结构与算法
"<div class=""top""><span class=""chip c1"">章节：树与二叉树</span><span class=""chip c2"">识记</span><span class=""chip c3"">二叉树及其操作</span></div><h1>右子树</h1><div class=""q"">右子树是二叉树<span class=""blank"">______</span>的右分支所构成的子树。右子树本身也是一棵二叉树，可以为空。</div>"	"<div class=""top""><span class=""chip c1"">章节：树与二叉树</span><span class=""chip c2"">识记</span><span class=""chip c3"">二叉树及其操作</span></div><h1>右子树</h1><div class=""a"">右子树是二叉树<span class=""hit"">根结点</span>的右分支所构成的子树。右子树本身也是一棵二叉树，可以为空。</div><div class=""ansbox"">挖空答案：<b>根结点</b></div><div class=""pg"">教材页码：P166</div>"	树与二叉树 识记 二叉树及其操作 13003数据结构与算法
"<div class=""top""><span class=""chip c1"">章节：树与二叉树</span><span class=""chip c2"">识记</span><span class=""chip c3"">二叉树及其操作</span></div><h1>左子结点</h1><div class=""q"">左子结点是指二叉树中某结点的<span class=""blank"">______</span>的根结点。在<span class=""blank"">______</span>中，左子结点通过左指针（<span class=""blank"">______</span>）指向。</div>"	"<div class=""top""><span class=""chip c1"">章节：树与二叉树</span><span class=""chip c2"">识记</span><span class=""chip c3"">二叉树及其操作</span></div><h1>左子结点</h1><div class=""a"">左子结点是指二叉树中某结点的<span class=""hit"">左子树</span>的根结点。在<span class=""hit"">二叉链表</span>中，左子结点通过左指针（<span class=""hit"">left</span>）指向。</div><div class=""ansbox"">挖空答案：<b>左子树、二叉链表、left</b></div><div class=""pg"">教材页码：P166</div>"	树与二叉树 识记 二叉树及其操作 13003数据结构与算法
"<div class=""top""><span class=""chip c1"">章节：树与二叉树</span><span class=""chip c2"">识记</span><span class=""chip c3"">二叉树及其操作</span></div><h1>右手结点</h1><div class=""q"">右子结点是指二叉树中某结点的右子树的<span class=""blank"">______</span>。在<span class=""blank"">______</span>中，右子结点通过右指针（<span class=""blank"">______</span>）指向。</div>"	"<div class=""top""><span class=""chip c1"">章节：树与二叉树</span><span class=""chip c2"">识记</span><span class=""chip c3"">二叉树及其操作</span></div><h1>右手结点</h1><div class=""a"">右子结点是指二叉树中某结点的右子树的<span class=""hit"">根结点</span>。在<span class=""hit"">二叉链表</span>中，右子结点通过右指针（<span class=""hit"">right</span>）指向。</div><div class=""ansbox"">挖空答案：<b>根结点、二叉链表、right</b></div><div class=""pg"">教材页码：P166</div>"	树与二叉树 识记 二叉树及其操作 13003数据结构与算法
"<div class=""top""><span class=""chip c1"">章节：树与二叉树</span><span class=""chip c2"">识记</span><span class=""chip c3"">二叉树及其操作</span></div><h1>左指针</h1><div class=""q"">左指针是二叉链<span class=""blank"">______</span>中用于指向该结点<span class=""blank"">______</span>的指针域。每个二叉链表结点包含数据域、左指针域和<span class=""blank"">______</span>域三个部分。</div>"	"<div class=""top""><span class=""chip c1"">章节：树与二叉树</span><span class=""chip c2"">识记</span><span class=""chip c3"">二叉树及其操作</span></div><h1>左指针</h1><div class=""a"">左指针是二叉链<span class=""hit"">表结点</span>中用于指向该结点<span class=""hit"">左子结点</span>的指针域。每个二叉链<span class=""hit"">表结点</span>包含数据域、左指针域和<span class=""hit"">右指针</span>域三个部分。</div><div class=""ansbox"">挖空答案：<b>表结点、左子结点、右指针</b></div><div class=""pg"">教材页码：P171</div>"	树与二叉树 识记 二叉树及其操作 13003数据结构与算法
"<div class=""top""><span class=""chip c1"">章节：树与二叉树</span><span class=""chip c2"">识记</span><span class=""chip c3"">二叉树及其操作</span></div><h1>右指针</h1><div class=""q"">右指针是二叉链<span class=""blank"">______</span>中用于指向该结点右<span class=""blank"">______</span>的指针域。</div>"	"<div class=""top""><span class=""chip c1"">章节：树与二叉树</span><span class=""chip c2"">识记</span><span class=""chip c3"">二叉树及其操作</span></div><h1>右指针</h1><div class=""a"">右指针是二叉链<span class=""hit"">表结点</span>中用于指向该结点右<span class=""hit"">子结点</span>的指针域。</div><div class=""ansbox"">挖空答案：<b>表结点、子结点</b></div><div class=""pg"">教材页码：P171</div>"	树与二叉树 识记 二叉树及其操作 13003数据结构与算法
"<div class=""top""><span class=""chip c1"">章节：树与二叉树</span><span class=""chip c2"">识记</span><span class=""chip c3"">二叉树及其操作</span></div><h1>满二叉树</h1><div class=""q"">满二叉树是指<span class=""blank"">______</span>为h且有2^h-1个结点的二叉树。除<span class=""blank"">______</span>外每个结点都有两个<span class=""blank"">______</span>，每一层的结点都是满的，不存在度为1的结点。</div>"	"<div class=""top""><span class=""chip c1"">章节：树与二叉树</span><span class=""chip c2"">识记</span><span class=""chip c3"">二叉树及其操作</span></div><h1>满二叉树</h1><div class=""a"">满二叉树是指<span class=""hit"">高度</span>为h且有2^h-1个结点的二叉树。除<span class=""hit"">叶结点</span>外每个结点都有两个<span class=""hit"">子结点</span>，每一层的结点都是满的，不存在度为1的结点。</div><div class=""ansbox"">挖空答案：<b>高度、叶结点、子结点</b></div><div class=""pg"">教材页码：P167</div>"	树与二叉树 识记 二叉树及其操作 13003数据结构与算法
"<div class=""top""><span class=""chip c1"">章节：树与二叉树</span><span class=""chip c2"">识记</span><span class=""chip c3"">二叉树及其操作</span></div><h1>完全二叉树</h1><div class=""q"">完全二叉树是指对<span class=""blank"">______</span>按层自上而下、同层自左至右连续编号后，由编号为0到n-1的<span class=""blank"">______</span>组成的二叉树。<span class=""blank"">______</span>只出现在最下层或次下层，且最下层叶结点从左至右连续排列，最多有一个度为1的结点。</div>"	"<div class=""top""><span class=""chip c1"">章节：树与二叉树</span><span class=""chip c2"">识记</span><span class=""chip c3"">二叉树及其操作</span></div><h1>完全二叉树</h1><div class=""a"">完全二叉树是指对<span class=""hit"">满二叉树</span>按层自上而下、同层自左至右连续编号后，由编号为0到n-1的<span class=""hit"">结点</span>组成的二叉树。<span class=""hit"">叶结点</span>只出现在最下层或次下层，且最下层<span class=""hit"">叶结点</span>从左至右连续排列，最多有一个度为1的<span class=""hit"">结点</span>。</div><div class=""ansbox"">挖空答案：<b>满二叉树、结点、叶结点</b></div><div class=""pg"">教材页码：P167</div>"	树与二叉树 识记 二叉树及其操作 13003数据结构与算法
"<div class=""top""><span class=""chip c1"">章节：树与二叉树</span><span class=""chip c2"">识记</span><span class=""chip c3"">二叉树及其操作</span></div><h1>二叉链表</h1><div class=""q"">二叉链表是二叉树的链式<span class=""blank"">______</span>，每个结点包含数据域、<span class=""blank"">______</span>域和右指针域三个部分。左指针指向<span class=""blank"">______</span>，右指针指向右子结点。n个结点的二叉链表共有2n个指针域，其中n-1个非空，n+1个为空。</div>"	"<div class=""top""><span class=""chip c1"">章节：树与二叉树</span><span class=""chip c2"">识记</span><span class=""chip c3"">二叉树及其操作</span></div><h1>二叉链表</h1><div class=""a"">二叉链表是二叉树的链式<span class=""hit"">存储结构</span>，每个结点包含数据域、<span class=""hit"">左指针</span>域和右指针域三个部分。<span class=""hit"">左指针</span>指向<span class=""hit"">左子结点</span>，右指针指向右子结点。n个结点的二叉链表共有2n个指针域，其中n-1个非空，n+1个为空。</div><div class=""ansbox"">挖空答案：<b>存储结构、左指针、左子结点</b></div><div class=""pg"">教材页码：P171</div>"	树与二叉树 识记 二叉树及其操作 13003数据结构与算法
"<div class=""top""><span class=""chip c1"">章节：树与二叉树</span><span class=""chip c2"">识记</span><span class=""chip c3"">二叉树及其操作</span></div><h1>二叉树的遍历</h1><div class=""q"">二叉树的遍历是指依次访问二叉树中的每个结点一次且仅访问一次。常用遍历方式有<span class=""blank"">______</span>（根-左-右）、<span class=""blank"">______</span>（左-根-右）、<span class=""blank"">______</span>（左-右-根）和层序遍历。遍历是许多二叉树操作的基础。</div>"	"<div class=""top""><span class=""chip c1"">章节：树与二叉树</span><span class=""chip c2"">识记</span><span class=""chip c3"">二叉树及其操作</span></div><h1>二叉树的遍历</h1><div class=""a"">二叉树的遍历是指依次访问二叉树中的每个结点一次且仅访问一次。常用遍历方式有<span class=""hit"">先序遍历</span>（根-左-右）、<span class=""hit"">中序遍历</span>（左-根-右）、<span class=""hit"">后序遍历</span>（左-右-根）和层序遍历。遍历是许多二叉树操作的基础。</div><div class=""ansbox"">挖空答案：<b>先序遍历、中序遍历、后序遍历</b></div><div class=""pg"">教材页码：P174</div>"	树与二叉树 识记 二叉树及其操作 13003数据结构与算法
"<div class=""top""><span class=""chip c1"">章节：树与二叉树</span><span class=""chip c2"">领会</span><span class=""chip c3"">二叉树及其操作</span></div><h1>二叉树的递归定义</h1><div class=""q"">二叉树的递归定义：二叉树是结点的有限集合，或为空，或由一个<span class=""blank"">______</span>加上两棵互不相交的<span class=""blank"">______</span>和<span class=""blank"">______</span>组成。左、右子树本身也是二叉树（可以为空）。这个递归定义是实现二叉树操作的基础。</div>"	"<div class=""top""><span class=""chip c1"">章节：树与二叉树</span><span class=""chip c2"">领会</span><span class=""chip c3"">二叉树及其操作</span></div><h1>二叉树的递归定义</h1><div class=""a"">二叉树的递归定义：二叉树是结点的有限集合，或为空，或由一个<span class=""hit"">根结点</span>加上两棵互不相交的<span class=""hit"">左子树</span>和<span class=""hit"">右子树</span>组成。左、<span class=""hit"">右子树</span>本身也是二叉树（可以为空）。这个递归定义是实现二叉树操作的基础。</div><div class=""ansbox"">挖空答案：<b>根结点、左子树、右子树</b></div><div class=""pg"">教材页码：P166</div>"	树与二叉树 领会 二叉树及其操作 13003数据结构与算法
"<div class=""top""><span class=""chip c1"">章节：树与二叉树</span><span class=""chip c2"">领会</span><span class=""chip c3"">二叉树及其操作</span></div><h1>二叉树的性质及证明</h1><div class=""q""><span class=""blank"">______</span>的四个重要性质：(1)第i层最多有2^i个结点；(2)高度为h的二叉树最多有2^h-1个结点；(3)<span class=""blank"">______</span>数n0=度为2的结点数n2+1；(4)n个结点的<span class=""blank"">______</span>高度为⌊log2(n)⌋+1。</div>"	"<div class=""top""><span class=""chip c1"">章节：树与二叉树</span><span class=""chip c2"">领会</span><span class=""chip c3"">二叉树及其操作</span></div><h1>二叉树的性质及证明</h1><div class=""a""><span class=""hit"">二叉树</span>的四个重要性质：(1)第i层最多有2^i个结点；(2)高度为h的<span class=""hit"">二叉树</span>最多有2^h-1个结点；(3)<span class=""hit"">叶结点</span>数n0=度为2的结点数n2+1；(4)n个结点的<span class=""hit"">完全二叉树</span>高度为⌊log2(n)⌋+1。</div><div class=""ansbox"">挖空答案：<b>二叉树、叶结点、完全二叉树</b></div><div class=""pg"">教材页码：P168</div>"	树与二叉树 领会 二叉树及其操作 13003数据结构与算法
"<div class=""top""><span class=""chip c1"">章节：树与二叉树</span><span class=""chip c2"">领会</span><span class=""chip c3"">二叉树及其操作</span></div><h1>二叉树的顺序存储方式</h1><div class=""q"">二叉树的顺序存储方式是使用<span class=""blank"">______</span>，按<span class=""blank"">______</span>的编号规则自上而下、自左至右将<span class=""blank"">______</span>依次存入数组。对于完全二叉树既不浪费空间又便于操作；对于一般二叉树需在空位保存特殊标记，可能造成空间浪费。</div>"	"<div class=""top""><span class=""chip c1"">章节：树与二叉树</span><span class=""chip c2"">领会</span><span class=""chip c3"">二叉树及其操作</span></div><h1>二叉树的顺序存储方式</h1><div class=""a"">二叉树的顺序存储方式是使用<span class=""hit"">一维数组</span>，按<span class=""hit"">完全二叉树</span>的编号规则自上而下、自左至右将<span class=""hit"">结点</span>依次存入数组。对于<span class=""hit"">完全二叉树</span>既不浪费空间又便于操作；对于一般二叉树需在空位保存特殊标记，可能造成空间浪费。</div><div class=""ansbox"">挖空答案：<b>一维数组、完全二叉树、结点</b></div><div class=""pg"">教材页码：P169</div>"	树与二叉树 领会 二叉树及其操作 13003数据结构与算法
"<div class=""top""><span class=""chip c1"">章节：树与二叉树</span><span class=""chip c2"">领会</span><span class=""chip c3"">二叉树及其操作</span></div><h1>二叉树顺序存储时保存结点的下标位置</h1><div class=""q""><span class=""blank"">______</span>顺序存储时，编号为i的结点存储在<span class=""blank"">______</span>i处。其<span class=""blank"">______</span>下标为2i+1，右子结点下标为2i+2，父结点下标为⌊(i-1)/2⌋。通过下标计算可直接定位父子结点位置。</div>"	"<div class=""top""><span class=""chip c1"">章节：树与二叉树</span><span class=""chip c2"">领会</span><span class=""chip c3"">二叉树及其操作</span></div><h1>二叉树顺序存储时保存结点的下标位置</h1><div class=""a""><span class=""hit"">二叉树</span>顺序存储时，编号为i的结点存储在<span class=""hit"">数组下标</span>i处。其<span class=""hit"">左子结点</span>下标为2i+1，右子结点下标为2i+2，父结点下标为⌊(i-1)/2⌋。通过下标计算可直接定位父子结点位置。</div><div class=""ansbox"">挖空答案：<b>二叉树、数组下标、左子结点</b></div><div class=""pg"">教材页码：P169</div>"	树与二叉树 领会 二叉树及其操作 13003数据结构与算法
"<div class=""top""><span class=""chip c1"">章节：树与二叉树</span><span class=""chip c2"">领会</span><span class=""chip c3"">二叉树及其操作</span></div><h1>二叉树的链式存储方式</h1><div class=""q"">二叉树的链式存储方式（<span class=""blank"">______</span>）：每个结点包含数据域和左、右两个指针域。<span class=""blank"">______</span>指向<span class=""blank"">______</span>，右指针指向右子结点。与顺序存储相比，链式存储更适合一般二叉树，不浪费空间。</div>"	"<div class=""top""><span class=""chip c1"">章节：树与二叉树</span><span class=""chip c2"">领会</span><span class=""chip c3"">二叉树及其操作</span></div><h1>二叉树的链式存储方式</h1><div class=""a"">二叉树的链式存储方式（<span class=""hit"">二叉链表</span>）：每个结点包含数据域和左、右两个指针域。<span class=""hit"">左指针</span>指向<span class=""hit"">左子结点</span>，右指针指向右子结点。与顺序存储相比，链式存储更适合一般二叉树，不浪费空间。</div><div class=""ansbox"">挖空答案：<b>二叉链表、左指针、左子结点</b></div><div class=""pg"">教材页码：P171</div>"	树与二叉树 领会 二叉树及其操作 13003数据结构与算法
"<div class=""top""><span class=""chip c1"">章节：树与二叉树</span><span class=""chip c2"">领会</span><span class=""chip c3"">二叉树及其操作</span></div><h1>二叉树的遍历过程</h1><div class=""q"">二叉树的遍历过程：<span class=""blank"">______</span>为先访问根、再遍历左子树、最后遍历右子树；<span class=""blank"">______</span>为先遍历左子树、再访问根、最后遍历右子树；<span class=""blank"">______</span>为先遍历左子树、再遍历右子树、最后访问根。三种遍历都是递归过程。</div>"	"<div class=""top""><span class=""chip c1"">章节：树与二叉树</span><span class=""chip c2"">领会</span><span class=""chip c3"">二叉树及其操作</span></div><h1>二叉树的遍历过程</h1><div class=""a"">二叉树的遍历过程：<span class=""hit"">先序遍历</span>为先访问根、再遍历左子树、最后遍历右子树；<span class=""hit"">中序遍历</span>为先遍历左子树、再访问根、最后遍历右子树；<span class=""hit"">后序遍历</span>为先遍历左子树、再遍历右子树、最后访问根。三种遍历都是递归过程。</div><div class=""ansbox"">挖空答案：<b>先序遍历、中序遍历、后序遍历</b></div><div class=""pg"">教材页码：P174</div>"	树与二叉树 领会 二叉树及其操作 13003数据结构与算法
"<div class=""top""><span class=""chip c1"">章节：树与二叉树</span><span class=""chip c2"">领会</span><span class=""chip c3"">二叉树及其操作</span></div><h1>二叉树遍历时使用的辅助数据结构</h1><div class=""q""><span class=""blank"">______</span>非递归遍历时使用栈作为辅助<span class=""blank"">______</span>，保存待访问的结点信息。层序遍历使用队列作为辅助结构。<span class=""blank"">______</span>的非递归实现中，结点入栈两次、出栈两次，需要标记位区分第一次和第二次访问。</div>"	"<div class=""top""><span class=""chip c1"">章节：树与二叉树</span><span class=""chip c2"">领会</span><span class=""chip c3"">二叉树及其操作</span></div><h1>二叉树遍历时使用的辅助数据结构</h1><div class=""a""><span class=""hit"">二叉树</span>非递归遍历时使用栈作为辅助<span class=""hit"">数据结构</span>，保存待访问的结点信息。层序遍历使用队列作为辅助结构。<span class=""hit"">后序遍历</span>的非递归实现中，结点入栈两次、出栈两次，需要标记位区分第一次和第二次访问。</div><div class=""ansbox"">挖空答案：<b>二叉树、数据结构、后序遍历</b></div><div class=""pg"">教材页码：P180</div>"	树与二叉树 领会 二叉树及其操作 13003数据结构与算法
"<div class=""top""><span class=""chip c1"">章节：树与二叉树</span><span class=""chip c2"">领会</span><span class=""chip c3"">二叉树及其操作</span></div><h1>表达式树与表达式的关系</h1><div class=""q"">表达式树用二叉树表示表达式：<span class=""blank"">______</span>存放运算符，叶结点存放操作数。对表达式树进行<span class=""blank"">______</span>得到中缀表达式，<span class=""blank"">______</span>得到前缀表达式，后序遍历得到后缀表达式。</div>"	"<div class=""top""><span class=""chip c1"">章节：树与二叉树</span><span class=""chip c2"">领会</span><span class=""chip c3"">二叉树及其操作</span></div><h1>表达式树与表达式的关系</h1><div class=""a"">表达式树用二叉树表示表达式：<span class=""hit"">分支结点</span>存放运算符，叶结点存放操作数。对表达式树进行<span class=""hit"">中序遍历</span>得到中缀表达式，<span class=""hit"">先序遍历</span>得到前缀表达式，后序遍历得到后缀表达式。</div><div class=""ansbox"">挖空答案：<b>分支结点、中序遍历、先序遍历</b></div><div class=""pg"">教材页码：P182</div>"	树与二叉树 领会 二叉树及其操作 13003数据结构与算法
"<div class=""top""><span class=""chip c1"">章节：树与二叉树</span><span class=""chip c2"">简单应用</span><span class=""chip c3"">二叉树及其操作</span></div><h1>二叉树顺序存储结构与链式存储结构下基本操作的实现</h1><div class=""q"">顺序存储下，利用<span class=""blank"">______</span>关系实现<span class=""blank"">______</span>（查找父子结点等）。链式存储下，通过递归实现创建二叉树、遍历等操作。两种方式各有优劣，顺序存储适合<span class=""blank"">______</span>，链式存储更通用。</div>"	"<div class=""top""><span class=""chip c1"">章节：树与二叉树</span><span class=""chip c2"">简单应用</span><span class=""chip c3"">二叉树及其操作</span></div><h1>二叉树顺序存储结构与链式存储结构下基本操作的实现</h1><div class=""a"">顺序存储下，利用<span class=""hit"">数组下标</span>关系实现<span class=""hit"">基本操作</span>（查找父子结点等）。链式存储下，通过递归实现创建二叉树、遍历等操作。两种方式各有优劣，顺序存储适合<span class=""hit"">完全二叉树</span>，链式存储更通用。</div><div class=""ansbox"">挖空答案：<b>数组下标、基本操作、完全二叉树</b></div><div class=""pg"">教材页码：P172</div>"	树与二叉树 简单应用 二叉树及其操作 13003数据结构与算法
"<div class=""top""><span class=""chip c1"">章节：树与二叉树</span><span class=""chip c2"">简单应用</span><span class=""chip c3"">二叉树及其操作</span></div><h1>二叉树遍历算法的递归实现及非递归实现</h1><div class=""q"">递归实现：先序/中序/<span class=""blank"">______</span>分别按根左右/左根右/左右根的次序递归调用自身。非递归实现：用栈保存待访问结点，<span class=""blank"">______</span>保存右子树根，<span class=""blank"">______</span>保存根，后序遍历需入栈两次并带标记。</div>"	"<div class=""top""><span class=""chip c1"">章节：树与二叉树</span><span class=""chip c2"">简单应用</span><span class=""chip c3"">二叉树及其操作</span></div><h1>二叉树遍历算法的递归实现及非递归实现</h1><div class=""a"">递归实现：先序/中序/<span class=""hit"">后序遍历</span>分别按根左右/左根右/左右根的次序递归调用自身。非递归实现：用栈保存待访问结点，<span class=""hit"">先序遍历</span>保存右子树根，<span class=""hit"">中序遍历</span>保存根，<span class=""hit"">后序遍历</span>需入栈两次并带标记。</div><div class=""ansbox"">挖空答案：<b>后序遍历、先序遍历、中序遍历</b></div><div class=""pg"">教材页码：P176</div>"	树与二叉树 简单应用 二叉树及其操作 13003数据结构与算法
"<div class=""top""><span class=""chip c1"">章节：树与二叉树</span><span class=""chip c2"">简单应用</span><span class=""chip c3"">二叉树及其操作</span></div><h1>根据二叉树的遍历序列还原二叉树</h1><div class=""q"">根据遍历序列还原<span class=""blank"">______</span>：仅一种遍历序列不能唯一确定二叉树。已知先序+中序或后序+中序可以唯一确定二叉树。方法：先序第一个元素为根，在中序中找到根，<span class=""blank"">______</span>左<span class=""blank"">______</span>，递归还原。先序+后序不能唯一确定。</div>"	"<div class=""top""><span class=""chip c1"">章节：树与二叉树</span><span class=""chip c2"">简单应用</span><span class=""chip c3"">二叉树及其操作</span></div><h1>根据二叉树的遍历序列还原二叉树</h1><div class=""a"">根据遍历序列还原<span class=""hit"">二叉树</span>：仅一种遍历序列不能唯一确定<span class=""hit"">二叉树</span>。已知先序+中序或后序+中序可以唯一确定<span class=""hit"">二叉树</span>。方法：先序第一个元素为根，在中序中找到根，<span class=""hit"">划分</span>左<span class=""hit"">右子树</span>，递归还原。先序+后序不能唯一确定。</div><div class=""ansbox"">挖空答案：<b>二叉树、划分、右子树</b></div><div class=""pg"">教材页码：P177</div>"	树与二叉树 简单应用 二叉树及其操作 13003数据结构与算法
"<div class=""top""><span class=""chip c1"">章节：树与二叉树</span><span class=""chip c2"">简单应用</span><span class=""chip c3"">二叉树及其操作</span></div><h1>表达式树</h1><div class=""q"">表达式树用二叉树表示算术表达式，<span class=""blank"">______</span>存运算符，叶结点存操作数。<span class=""blank"">______</span>得到中缀表达式，<span class=""blank"">______</span>得到前缀（波兰式），后序遍历得到后缀（逆波兰式）。</div>"	"<div class=""top""><span class=""chip c1"">章节：树与二叉树</span><span class=""chip c2"">简单应用</span><span class=""chip c3"">二叉树及其操作</span></div><h1>表达式树</h1><div class=""a"">表达式树用二叉树表示算术表达式，<span class=""hit"">分支结点</span>存运算符，叶结点存操作数。<span class=""hit"">中序遍历</span>得到中缀表达式，<span class=""hit"">先序遍历</span>得到前缀（波兰式），后序遍历得到后缀（逆波兰式）。</div><div class=""ansbox"">挖空答案：<b>分支结点、中序遍历、先序遍历</b></div><div class=""pg"">教材页码：P182</div>"	树与二叉树 简单应用 二叉树及其操作 13003数据结构与算法
"<div class=""top""><span class=""chip c1"">章节：树与二叉树</span><span class=""chip c2"">综合应用</span><span class=""chip c3"">二叉树及其操作</span></div><h1>实现与二叉树相关的算法</h1><div class=""q"">基于<span class=""blank"">______</span>的递归算法设计：利用二叉树的递归结构，将问题分解为对<span class=""blank"">______</span>和<span class=""blank"">______</span>的子问题。如统计叶结点数（左子树叶数+右子树叶数）、求树高（max(左高,右高)+1）等。</div>"	"<div class=""top""><span class=""chip c1"">章节：树与二叉树</span><span class=""chip c2"">综合应用</span><span class=""chip c3"">二叉树及其操作</span></div><h1>实现与二叉树相关的算法</h1><div class=""a"">基于<span class=""hit"">二叉链表</span>的递归算法设计：利用二叉树的递归结构，将问题分解为对<span class=""hit"">左子树</span>和<span class=""hit"">右子树</span>的子问题。如统计叶结点数（<span class=""hit"">左子树</span>叶数+<span class=""hit"">右子树</span>叶数）、求树高（max(左高,右高)+1）等。</div><div class=""ansbox"">挖空答案：<b>二叉链表、左子树、右子树</b></div><div class=""pg"">教材页码：P178</div>"	树与二叉树 综合应用 二叉树及其操作 13003数据结构与算法
"<div class=""top""><span class=""chip c1"">章节：树与二叉树</span><span class=""chip c2"">综合应用</span><span class=""chip c3"">二叉树及其操作</span></div><h1>基于二叉树遍历思想实现相关算法来解决应用问题</h1><div class=""q"">基于遍历思想设计<span class=""blank"">______</span>：将遍历过程中对结点的访问操作替换为所需功能。如统计结点数、求<span class=""blank"">______</span>数、求高度、交换左<span class=""blank"">______</span>等。核心是递归分解，基础情况为空树返回0。</div>"	"<div class=""top""><span class=""chip c1"">章节：树与二叉树</span><span class=""chip c2"">综合应用</span><span class=""chip c3"">二叉树及其操作</span></div><h1>基于二叉树遍历思想实现相关算法来解决应用问题</h1><div class=""a"">基于遍历思想设计<span class=""hit"">算法</span>：将遍历过程中对结点的访问操作替换为所需功能。如统计结点数、求<span class=""hit"">叶结点</span>数、求高度、交换左<span class=""hit"">右子树</span>等。核心是递归分解，基础情况为空树返回0。</div><div class=""ansbox"">挖空答案：<b>算法、叶结点、右子树</b></div><div class=""pg"">教材页码：P178</div>"	树与二叉树 综合应用 二叉树及其操作 13003数据结构与算法
"<div class=""top""><span class=""chip c1"">章节：树与二叉树</span><span class=""chip c2"">识记</span><span class=""chip c3"">堆及优先队列</span></div><h1>堆</h1><div class=""q"">堆（<span class=""blank"">______</span>）是一种数据序列，当任何一个分支结点的值都不大于（或不小于）其左、右子结点的值时称为堆。将其数组看作<span class=""blank"">______</span>的顺序<span class=""blank"">______</span>，父结点与子结点之间满足有序性。</div>"	"<div class=""top""><span class=""chip c1"">章节：树与二叉树</span><span class=""chip c2"">识记</span><span class=""chip c3"">堆及优先队列</span></div><h1>堆</h1><div class=""a"">堆（<span class=""hit"">heap</span>）是一种数据序列，当任何一个分支结点的值都不大于（或不小于）其左、右子结点的值时称为堆。将其数组看作<span class=""hit"">完全二叉树</span>的顺序<span class=""hit"">存储结构</span>，父结点与子结点之间满足有序性。</div><div class=""ansbox"">挖空答案：<b>heap、完全二叉树、存储结构</b></div><div class=""pg"">教材页码：P183</div>"	树与二叉树 识记 堆及优先队列 13003数据结构与算法
"<div class=""top""><span class=""chip c1"">章节：树与二叉树</span><span class=""chip c2"">识记</span><span class=""chip c3"">堆及优先队列</span></div><h1>最大堆</h1><div class=""q"">最大堆（<span class=""blank"">______</span>）是指堆中任何一个<span class=""blank"">______</span>的值都不小于其子结点的值，即父结点值≥子结点值。树的<span class=""blank"">______</span>值是全部结点中的最大值。</div>"	"<div class=""top""><span class=""chip c1"">章节：树与二叉树</span><span class=""chip c2"">识记</span><span class=""chip c3"">堆及优先队列</span></div><h1>最大堆</h1><div class=""a"">最大堆（<span class=""hit"">大根堆</span>）是指堆中任何一个<span class=""hit"">分支结点</span>的值都不小于其子结点的值，即父结点值≥子结点值。树的<span class=""hit"">根结点</span>值是全部结点中的最大值。</div><div class=""ansbox"">挖空答案：<b>大根堆、分支结点、根结点</b></div><div class=""pg"">教材页码：P184</div>"	树与二叉树 识记 堆及优先队列 13003数据结构与算法
"<div class=""top""><span class=""chip c1"">章节：树与二叉树</span><span class=""chip c2"">识记</span><span class=""chip c3"">堆及优先队列</span></div><h1>最小堆</h1><div class=""q"">最小堆（<span class=""blank"">______</span>）是指堆中任何一个<span class=""blank"">______</span>的值都不大于其子结点的值，即父结点值≤子结点值。树的<span class=""blank"">______</span>值是全部结点中的最小值。</div>"	"<div class=""top""><span class=""chip c1"">章节：树与二叉树</span><span class=""chip c2"">识记</span><span class=""chip c3"">堆及优先队列</span></div><h1>最小堆</h1><div class=""a"">最小堆（<span class=""hit"">小根堆</span>）是指堆中任何一个<span class=""hit"">分支结点</span>的值都不大于其子结点的值，即父结点值≤子结点值。树的<span class=""hit"">根结点</span>值是全部结点中的最小值。</div><div class=""ansbox"">挖空答案：<b>小根堆、分支结点、根结点</b></div><div class=""pg"">教材页码：P184</div>"	树与二叉树 识记 堆及优先队列 13003数据结构与算法
"<div class=""top""><span class=""chip c1"">章节：树与二叉树</span><span class=""chip c2"">识记</span><span class=""chip c3"">堆及优先队列</span></div><h1>堆顶</h1><div class=""q"">堆顶是堆（<span class=""blank"">______</span>）的<span class=""blank"">______</span>，是堆中优先级最高的元素。最大堆的堆顶是最大值，<span class=""blank"">______</span>的堆顶是最小值。</div>"	"<div class=""top""><span class=""chip c1"">章节：树与二叉树</span><span class=""chip c2"">识记</span><span class=""chip c3"">堆及优先队列</span></div><h1>堆顶</h1><div class=""a"">堆顶是堆（<span class=""hit"">完全二叉树</span>）的<span class=""hit"">根结点</span>，是堆中优先级最高的元素。最大堆的堆顶是最大值，<span class=""hit"">最小堆</span>的堆顶是最小值。</div><div class=""ansbox"">挖空答案：<b>完全二叉树、根结点、最小堆</b></div><div class=""pg"">教材页码：P184</div>"	树与二叉树 识记 堆及优先队列 13003数据结构与算法
"<div class=""top""><span class=""chip c1"">章节：树与二叉树</span><span class=""chip c2"">识记</span><span class=""chip c3"">堆及优先队列</span></div><h1>子堆</h1><div class=""q"">子堆是指堆中任意一棵<span class=""blank"">______</span>也构成堆，且保持与原堆相同的性质。即<span class=""blank"">______</span>的任何子树仍是最大堆，<span class=""blank"">______</span>的任何子树仍是最小堆。这是堆的递归性质。</div>"	"<div class=""top""><span class=""chip c1"">章节：树与二叉树</span><span class=""chip c2"">识记</span><span class=""chip c3"">堆及优先队列</span></div><h1>子堆</h1><div class=""a"">子堆是指堆中任意一棵<span class=""hit"">子树</span>也构成堆，且保持与原堆相同的性质。即<span class=""hit"">最大堆</span>的任何<span class=""hit"">子树</span>仍是<span class=""hit"">最大堆</span>，<span class=""hit"">最小堆</span>的任何<span class=""hit"">子树</span>仍是<span class=""hit"">最小堆</span>。这是堆的递归性质。</div><div class=""ansbox"">挖空答案：<b>子树、最大堆、最小堆</b></div><div class=""pg"">教材页码：P184</div>"	树与二叉树 识记 堆及优先队列 13003数据结构与算法
"<div class=""top""><span class=""chip c1"">章节：树与二叉树</span><span class=""chip c2"">识记</span><span class=""chip c3"">堆及优先队列</span></div><h1>优先队列</h1><div class=""q"">优先队列是保存具有优先值的各元素的结构，输出时选择最优先的元素输出。可以使用堆作为优先队列的<span class=""blank"">______</span>：建<span class=""blank"">______</span>，每次输出<span class=""blank"">______</span>元素后重新整理堆。</div>"	"<div class=""top""><span class=""chip c1"">章节：树与二叉树</span><span class=""chip c2"">识记</span><span class=""chip c3"">堆及优先队列</span></div><h1>优先队列</h1><div class=""a"">优先队列是保存具有优先值的各元素的结构，输出时选择最优先的元素输出。可以使用堆作为优先队列的<span class=""hit"">存储结构</span>：建<span class=""hit"">最大堆</span>，每次输出<span class=""hit"">堆顶</span>元素后重新整理堆。</div><div class=""ansbox"">挖空答案：<b>存储结构、最大堆、堆顶</b></div><div class=""pg"">教材页码：P189</div>"	树与二叉树 识记 堆及优先队列 13003数据结构与算法
"<div class=""top""><span class=""chip c1"">章节：树与二叉树</span><span class=""chip c2"">领会</span><span class=""chip c3"">堆及优先队列</span></div><h1>堆的存储方式</h1><div class=""q"">堆使用<span class=""blank"">______</span>存储元素，数组中下标i处元素的<span class=""blank"">______</span>在2i+1处，右子结点在2i+2处，<span class=""blank"">______</span>在⌊(i-1)/2⌋处。同时保存当前堆中元素个数n。</div>"	"<div class=""top""><span class=""chip c1"">章节：树与二叉树</span><span class=""chip c2"">领会</span><span class=""chip c3"">堆及优先队列</span></div><h1>堆的存储方式</h1><div class=""a"">堆使用<span class=""hit"">一维数组</span>存储元素，数组中下标i处元素的<span class=""hit"">左子结点</span>在2i+1处，右子结点在2i+2处，<span class=""hit"">父结点</span>在⌊(i-1)/2⌋处。同时保存当前堆中元素个数n。</div><div class=""ansbox"">挖空答案：<b>一维数组、左子结点、父结点</b></div><div class=""pg"">教材页码：P184</div>"	树与二叉树 领会 堆及优先队列 13003数据结构与算法
"<div class=""top""><span class=""chip c1"">章节：树与二叉树</span><span class=""chip c2"">领会</span><span class=""chip c3"">堆及优先队列</span></div><h1>堆与完全二叉树的关系</h1><div class=""q"">堆对应于一棵<span class=""blank"">______</span>。将堆的数据序列依次存入<span class=""blank"">______</span>，该数组就是完全二叉树的顺序<span class=""blank"">______</span>。堆的定义中的大小关系对应完全二叉树中父子结点间的大小关系。</div>"	"<div class=""top""><span class=""chip c1"">章节：树与二叉树</span><span class=""chip c2"">领会</span><span class=""chip c3"">堆及优先队列</span></div><h1>堆与完全二叉树的关系</h1><div class=""a"">堆对应于一棵<span class=""hit"">完全二叉树</span>。将堆的数据序列依次存入<span class=""hit"">一维数组</span>，该数组就是<span class=""hit"">完全二叉树</span>的顺序<span class=""hit"">存储结构</span>。堆的定义中的大小关系对应<span class=""hit"">完全二叉树</span>中父子结点间的大小关系。</div><div class=""ansbox"">挖空答案：<b>完全二叉树、一维数组、存储结构</b></div><div class=""pg"">教材页码：P184</div>"	树与二叉树 领会 堆及优先队列 13003数据结构与算法
"<div class=""top""><span class=""chip c1"">章节：树与二叉树</span><span class=""chip c2"">领会</span><span class=""chip c3"">堆及优先队列</span></div><h1>堆的有序性</h1><div class=""q"">堆的有序性仅在具有祖先和后代关系的元素间保持。任何结点到堆顶的路径上各结点之间有序：<span class=""blank"">______</span>为降序，<span class=""blank"">______</span>为升序。但同一层或不同层的<span class=""blank"">______</span>之间未必有序。</div>"	"<div class=""top""><span class=""chip c1"">章节：树与二叉树</span><span class=""chip c2"">领会</span><span class=""chip c3"">堆及优先队列</span></div><h1>堆的有序性</h1><div class=""a"">堆的有序性仅在具有祖先和后代关系的元素间保持。任何结点到堆顶的路径上各结点之间有序：<span class=""hit"">最小堆</span>为降序，<span class=""hit"">最大堆</span>为升序。但同一层或不同层的<span class=""hit"">兄弟结点</span>之间未必有序。</div><div class=""ansbox"">挖空答案：<b>最小堆、最大堆、兄弟结点</b></div><div class=""pg"">教材页码：P184</div>"	树与二叉树 领会 堆及优先队列 13003数据结构与算法
"<div class=""top""><span class=""chip c1"">章节：树与二叉树</span><span class=""chip c2"">领会</span><span class=""chip c3"">堆及优先队列</span></div><h1>堆的建立过程</h1><div class=""q"">堆的建立过程：从最后一个<span class=""blank"">______</span>开始，自下而上、从后向前逐个将以该结点为根的子树整理成堆（<span class=""blank"">______</span>）。叶结点本身已是堆，只需处理分支结点。直到处理完<span class=""blank"">______</span>，整棵树即成为堆。</div>"	"<div class=""top""><span class=""chip c1"">章节：树与二叉树</span><span class=""chip c2"">领会</span><span class=""chip c3"">堆及优先队列</span></div><h1>堆的建立过程</h1><div class=""a"">堆的建立过程：从最后一个<span class=""hit"">分支结点</span>开始，自下而上、从后向前逐个将以该结点为根的子树整理成堆（<span class=""hit"">ShiftDown</span>）。叶结点本身已是堆，只需处理<span class=""hit"">分支结点</span>。直到处理完<span class=""hit"">根结点</span>，整棵树即成为堆。</div><div class=""ansbox"">挖空答案：<b>分支结点、ShiftDown、根结点</b></div><div class=""pg"">教材页码：P186</div>"	树与二叉树 领会 堆及优先队列 13003数据结构与算法
"<div class=""top""><span class=""chip c1"">章节：树与二叉树</span><span class=""chip c2"">简单应用</span><span class=""chip c3"">堆及优先队列</span></div><h1>堆的建立</h1><div class=""q"">堆的建立：将n个元素依次放入<span class=""blank"">______</span>构成<span class=""blank"">______</span>，从最后一个<span class=""blank"">______</span>（下标⌊(n-1)/2⌋）开始向前逐个调用ShiftDown调整，将每个子树整理成堆，最终得到整个堆。</div>"	"<div class=""top""><span class=""chip c1"">章节：树与二叉树</span><span class=""chip c2"">简单应用</span><span class=""chip c3"">堆及优先队列</span></div><h1>堆的建立</h1><div class=""a"">堆的建立：将n个元素依次放入<span class=""hit"">数组</span>构成<span class=""hit"">完全二叉树</span>，从最后一个<span class=""hit"">分支结点</span>（下标⌊(n-1)/2⌋）开始向前逐个调用ShiftDown调整，将每个子树整理成堆，最终得到整个堆。</div><div class=""ansbox"">挖空答案：<b>数组、完全二叉树、分支结点</b></div><div class=""pg"">教材页码：P186</div>"	树与二叉树 简单应用 堆及优先队列 13003数据结构与算法
"<div class=""top""><span class=""chip c1"">章节：树与二叉树</span><span class=""chip c2"">简单应用</span><span class=""chip c3"">堆及优先队列</span></div><h1>堆的插入</h1><div class=""q"">堆的插入：先将新元素放在数组末尾，然后与<span class=""blank"">______</span>比较。若违反堆性质则交换，继续向上比较，直到满足堆性质或到达堆顶。<span class=""blank"">______</span>O(<span class=""blank"">______</span>)。</div>"	"<div class=""top""><span class=""chip c1"">章节：树与二叉树</span><span class=""chip c2"">简单应用</span><span class=""chip c3"">堆及优先队列</span></div><h1>堆的插入</h1><div class=""a"">堆的插入：先将新元素放在数组末尾，然后与<span class=""hit"">父结点</span>比较。若违反堆性质则交换，继续向上比较，直到满足堆性质或到达堆顶。<span class=""hit"">时间复杂度</span>O(<span class=""hit"">log n</span>)。</div><div class=""ansbox"">挖空答案：<b>父结点、时间复杂度、log n</b></div><div class=""pg"">教材页码：P187</div>"	树与二叉树 简单应用 堆及优先队列 13003数据结构与算法
"<div class=""top""><span class=""chip c1"">章节：树与二叉树</span><span class=""chip c2"">简单应用</span><span class=""chip c3"">堆及优先队列</span></div><h1>删除堆顶</h1><div class=""q"">删除堆顶：用数组最后一个元素替换堆顶，堆元素数减1，然后将新堆顶元素向下调整（与较大<span class=""blank"">______</span>比较交换），直到满足堆性质或到达叶结点。<span class=""blank"">______</span>O(<span class=""blank"">______</span>)。</div>"	"<div class=""top""><span class=""chip c1"">章节：树与二叉树</span><span class=""chip c2"">简单应用</span><span class=""chip c3"">堆及优先队列</span></div><h1>删除堆顶</h1><div class=""a"">删除堆顶：用数组最后一个元素替换堆顶，堆元素数减1，然后将新堆顶元素向下调整（与较大<span class=""hit"">子结点</span>比较交换），直到满足堆性质或到达叶结点。<span class=""hit"">时间复杂度</span>O(<span class=""hit"">log n</span>)。</div><div class=""ansbox"">挖空答案：<b>子结点、时间复杂度、log n</b></div><div class=""pg"">教材页码：P187</div>"	树与二叉树 简单应用 堆及优先队列 13003数据结构与算法
"<div class=""top""><span class=""chip c1"">章节：树与二叉树</span><span class=""chip c2"">简单应用</span><span class=""chip c3"">堆及优先队列</span></div><h1>堆的整理</h1><div class=""q"">堆的整理（整堆/ShiftDown）：以某结点为根，将其与左右<span class=""blank"">______</span>比较，若违反堆性质则与较大（<span class=""blank"">______</span>）或较小（<span class=""blank"">______</span>）的子结点交换，继续向下调整直到满足堆性质或到达叶结点。</div>"	"<div class=""top""><span class=""chip c1"">章节：树与二叉树</span><span class=""chip c2"">简单应用</span><span class=""chip c3"">堆及优先队列</span></div><h1>堆的整理</h1><div class=""a"">堆的整理（整堆/ShiftDown）：以某结点为根，将其与左右<span class=""hit"">子结点</span>比较，若违反堆性质则与较大（<span class=""hit"">最大堆</span>）或较小（<span class=""hit"">最小堆</span>）的<span class=""hit"">子结点</span>交换，继续向下调整直到满足堆性质或到达叶结点。</div><div class=""ansbox"">挖空答案：<b>子结点、最大堆、最小堆</b></div><div class=""pg"">教材页码：P186</div>"	树与二叉树 简单应用 堆及优先队列 13003数据结构与算法
"<div class=""top""><span class=""chip c1"">章节：树与二叉树</span><span class=""chip c2"">综合应用</span><span class=""chip c3"">堆及优先队列</span></div><h1>设计算法以利用堆的特性解决相关的应用问题</h1><div class=""q"">利用堆的特性解决问题：堆适合需要反复获取最大/最小值的场景，如优先队列、堆排序、Top K问题等。堆的插入和<span class=""blank"">______</span>操作<span class=""blank"">______</span>均为O(<span class=""blank"">______</span>)。</div>"	"<div class=""top""><span class=""chip c1"">章节：树与二叉树</span><span class=""chip c2"">综合应用</span><span class=""chip c3"">堆及优先队列</span></div><h1>设计算法以利用堆的特性解决相关的应用问题</h1><div class=""a"">利用堆的特性解决问题：堆适合需要反复获取最大/最小值的场景，如优先队列、堆排序、Top K问题等。堆的插入和<span class=""hit"">删除堆顶</span>操作<span class=""hit"">时间复杂度</span>均为O(<span class=""hit"">log n</span>)。</div><div class=""ansbox"">挖空答案：<b>删除堆顶、时间复杂度、log n</b></div><div class=""pg"">教材页码：P189</div>"	树与二叉树 综合应用 堆及优先队列 13003数据结构与算法
"<div class=""top""><span class=""chip c1"">章节：树与二叉树</span><span class=""chip c2"">识记</span><span class=""chip c3"">树和森林</span></div><h1>树的父结点表示法</h1><div class=""q""><span class=""blank"">______</span>表示法（双亲表示法）：用<span class=""blank"">______</span>存储树的结点，每个结点含data域和parent域。parent域保存其父结点在数组中的下标，<span class=""blank"">______</span>的parent域为负数（或保存结点个数的相反数）。</div>"	"<div class=""top""><span class=""chip c1"">章节：树与二叉树</span><span class=""chip c2"">识记</span><span class=""chip c3"">树和森林</span></div><h1>树的父结点表示法</h1><div class=""a""><span class=""hit"">父结点</span>表示法（双亲表示法）：用<span class=""hit"">一维数组</span>存储树的结点，每个结点含data域和parent域。parent域保存其<span class=""hit"">父结点</span>在数组中的下标，<span class=""hit"">根结点</span>的parent域为负数（或保存结点个数的相反数）。</div><div class=""ansbox"">挖空答案：<b>父结点、一维数组、根结点</b></div><div class=""pg"">教材页码：P190</div>"	树与二叉树 识记 树和森林 13003数据结构与算法
"<div class=""top""><span class=""chip c1"">章节：树与二叉树</span><span class=""chip c2"">识记</span><span class=""chip c3"">树和森林</span></div><h1>树的孩子结点表示法</h1><div class=""q"">孩子结点表示法：每个结点的所有孩子构成一个<span class=""blank"">______</span>，链表头指针保存在<span class=""blank"">______</span>中。便于查找某结点的所有孩子，但查找<span class=""blank"">______</span>不方便。</div>"	"<div class=""top""><span class=""chip c1"">章节：树与二叉树</span><span class=""chip c2"">识记</span><span class=""chip c3"">树和森林</span></div><h1>树的孩子结点表示法</h1><div class=""a"">孩子结点表示法：每个结点的所有孩子构成一个<span class=""hit"">单链表</span>，链表头指针保存在<span class=""hit"">数组</span>中。便于查找某结点的所有孩子，但查找<span class=""hit"">父结点</span>不方便。</div><div class=""ansbox"">挖空答案：<b>单链表、数组、父结点</b></div><div class=""pg"">教材页码：P191</div>"	树与二叉树 识记 树和森林 13003数据结构与算法
"<div class=""top""><span class=""chip c1"">章节：树与二叉树</span><span class=""chip c2"">识记</span><span class=""chip c3"">树和森林</span></div><h1>树的父结点-孩子结点表示法</h1><div class=""q""><span class=""blank"">______</span>-<span class=""blank"">______</span>结点表示法：将父结点表示法与孩子结点表示法结合，既保存父结点信息，又保存孩子链表头指针。既能方便<span class=""blank"">______</span>父结点，也能方便查找孩子结点。</div>"	"<div class=""top""><span class=""chip c1"">章节：树与二叉树</span><span class=""chip c2"">识记</span><span class=""chip c3"">树和森林</span></div><h1>树的父结点-孩子结点表示法</h1><div class=""a""><span class=""hit"">父结点</span>-<span class=""hit"">孩子</span>结点表示法：将<span class=""hit"">父结点</span>表示法与<span class=""hit"">孩子</span>结点表示法结合，既保存<span class=""hit"">父结点</span>信息，又保存<span class=""hit"">孩子</span>链表头指针。既能方便<span class=""hit"">查找</span><span class=""hit"">父结点</span>，也能方便<span class=""hit"">查找</span><span class=""hit"">孩子</span>结点。</div><div class=""ansbox"">挖空答案：<b>父结点、孩子、查找</b></div><div class=""pg"">教材页码：P192</div>"	树与二叉树 识记 树和森林 13003数据结构与算法
"<div class=""top""><span class=""chip c1"">章节：树与二叉树</span><span class=""chip c2"">识记</span><span class=""chip c3"">树和森林</span></div><h1>树的孩子-兄弟表示法</h1><div class=""q"">孩子-兄弟表示法（<span class=""blank"">______</span>表示法）：每个结点设左右两个指针域，<span class=""blank"">______</span>指向第一个孩子结点，右指针指向其下一个<span class=""blank"">______</span>。结构与二叉链表相似，但指针含义不同。</div>"	"<div class=""top""><span class=""chip c1"">章节：树与二叉树</span><span class=""chip c2"">识记</span><span class=""chip c3"">树和森林</span></div><h1>树的孩子-兄弟表示法</h1><div class=""a"">孩子-兄弟表示法（<span class=""hit"">二叉链表</span>表示法）：每个结点设左右两个指针域，<span class=""hit"">左指针</span>指向第一个孩子结点，右指针指向其下一个<span class=""hit"">兄弟结点</span>。结构与<span class=""hit"">二叉链表</span>相似，但指针含义不同。</div><div class=""ansbox"">挖空答案：<b>二叉链表、左指针、兄弟结点</b></div><div class=""pg"">教材页码：P192</div>"	树与二叉树 识记 树和森林 13003数据结构与算法
"<div class=""top""><span class=""chip c1"">章节：树与二叉树</span><span class=""chip c2"">识记</span><span class=""chip c3"">树和森林</span></div><h1>森林</h1><div class=""q"">森林是由m（m≥0）棵互不相交的树构成的<span class=""blank"">______</span>。森林中各树的根之间是<span class=""blank"">______</span>关系。</div>"	"<div class=""top""><span class=""chip c1"">章节：树与二叉树</span><span class=""chip c2"">识记</span><span class=""chip c3"">树和森林</span></div><h1>森林</h1><div class=""a"">森林是由m（m≥0）棵互不相交的树构成的<span class=""hit"">集合</span>。森林中各树的根之间是<span class=""hit"">兄弟</span>关系。</div><div class=""ansbox"">挖空答案：<b>集合、兄弟</b></div><div class=""pg"">教材页码：P166</div>"	树与二叉树 识记 树和森林 13003数据结构与算法
"<div class=""top""><span class=""chip c1"">章节：树与二叉树</span><span class=""chip c2"">识记</span><span class=""chip c3"">树和森林</span></div><h1>树</h1><div class=""q"">树是由一个或以上结点组成的有限集合，有一个<span class=""blank"">______</span>，其余结点<span class=""blank"">______</span>为若干不相交的<span class=""blank"">______</span>。树是层次结构，n个结点的树有n-1条边。</div>"	"<div class=""top""><span class=""chip c1"">章节：树与二叉树</span><span class=""chip c2"">识记</span><span class=""chip c3"">树和森林</span></div><h1>树</h1><div class=""a"">树是由一个或以上结点组成的有限集合，有一个<span class=""hit"">根结点</span>，其余结点<span class=""hit"">划分</span>为若干不相交的<span class=""hit"">子树</span>。树是层次结构，n个结点的树有n-1条边。</div><div class=""ansbox"">挖空答案：<b>根结点、划分、子树</b></div><div class=""pg"">教材页码：P164</div>"	树与二叉树 识记 树和森林 13003数据结构与算法
"<div class=""top""><span class=""chip c1"">章节：树与二叉树</span><span class=""chip c2"">识记</span><span class=""chip c3"">树和森林</span></div><h1>森林的遍历</h1><div class=""q"">森林的遍历有<span class=""blank"">______</span>和<span class=""blank"">______</span>两种。先序遍历：按树的排列次序依次先序遍历各棵树。后序遍历：按树的排列次序依次后序遍历各棵树。森林先序遍历对应二叉树先序遍历，森林后序遍历对应二叉树<span class=""blank"">______</span>。</div>"	"<div class=""top""><span class=""chip c1"">章节：树与二叉树</span><span class=""chip c2"">识记</span><span class=""chip c3"">树和森林</span></div><h1>森林的遍历</h1><div class=""a"">森林的遍历有<span class=""hit"">先序遍历</span>和<span class=""hit"">后序遍历</span>两种。<span class=""hit"">先序遍历</span>：按树的排列次序依次<span class=""hit"">先序遍历</span>各棵树。<span class=""hit"">后序遍历</span>：按树的排列次序依次<span class=""hit"">后序遍历</span>各棵树。森林<span class=""hit"">先序遍历</span>对应二叉树<span class=""hit"">先序遍历</span>，森林<span class=""hit"">后序遍历</span>对应二叉树<span class=""hit"">中序遍历</span>。</div><div class=""ansbox"">挖空答案：<b>先序遍历、后序遍历、中序遍历</b></div><div class=""pg"">教材页码：P196</div>"	树与二叉树 识记 树和森林 13003数据结构与算法
"<div class=""top""><span class=""chip c1"">章节：树与二叉树</span><span class=""chip c2"">领会</span><span class=""chip c3"">树和森林</span></div><h1>树和森林之间的关系</h1><div class=""q"">树和森林与<span class=""blank"">______</span>的关系：通过孩子-兄弟表示法，树可以转换为对应的二叉树（根无<span class=""blank"">______</span>），森林也可以转换为二叉树。转换基础是<span class=""blank"">______</span>结构，同一二叉链表可解释为树或二叉树。</div>"	"<div class=""top""><span class=""chip c1"">章节：树与二叉树</span><span class=""chip c2"">领会</span><span class=""chip c3"">树和森林</span></div><h1>树和森林之间的关系</h1><div class=""a"">树和森林与<span class=""hit"">二叉树</span>的关系：通过孩子-兄弟表示法，树可以转换为对应的<span class=""hit"">二叉树</span>（根无<span class=""hit"">右子树</span>），森林也可以转换为<span class=""hit"">二叉树</span>。转换基础是<span class=""hit"">二叉链表</span>结构，同一<span class=""hit"">二叉链表</span>可解释为树或<span class=""hit"">二叉树</span>。</div><div class=""ansbox"">挖空答案：<b>二叉树、右子树、二叉链表</b></div><div class=""pg"">教材页码：P193</div>"	树与二叉树 领会 树和森林 13003数据结构与算法
"<div class=""top""><span class=""chip c1"">章节：树与二叉树</span><span class=""chip c2"">领会</span><span class=""chip c3"">树和森林</span></div><h1>树和森林与二叉树之间的相互转换</h1><div class=""q"">森林转<span class=""blank"">______</span>：第一棵树的根为二叉树根，其子树转为<span class=""blank"">______</span>；其余树转为<span class=""blank"">______</span>。二叉树转森林：根为第一棵树根，左子树转为第一棵树的子树，右子树转为其他树。树转二叉树后根无右子树。</div>"	"<div class=""top""><span class=""chip c1"">章节：树与二叉树</span><span class=""chip c2"">领会</span><span class=""chip c3"">树和森林</span></div><h1>树和森林与二叉树之间的相互转换</h1><div class=""a"">森林转<span class=""hit"">二叉树</span>：第一棵树的根为<span class=""hit"">二叉树</span>根，其子树转为<span class=""hit"">左子树</span>；其余树转为<span class=""hit"">右子树</span>。<span class=""hit"">二叉树</span>转森林：根为第一棵树根，<span class=""hit"">左子树</span>转为第一棵树的子树，<span class=""hit"">右子树</span>转为其他树。树转<span class=""hit"">二叉树</span>后根无<span class=""hit"">右子树</span>。</div><div class=""ansbox"">挖空答案：<b>二叉树、左子树、右子树</b></div><div class=""pg"">教材页码：P193</div>"	树与二叉树 领会 树和森林 13003数据结构与算法
"<div class=""top""><span class=""chip c1"">章节：树与二叉树</span><span class=""chip c2"">领会</span><span class=""chip c3"">树和森林</span></div><h1>树和森林的遍历与二叉树遍历的关系</h1><div class=""q"">树的<span class=""blank"">______</span>等于对应二叉树的先序遍历；树的<span class=""blank"">______</span>等于对应二叉树的<span class=""blank"">______</span>。森林的先序遍历等于对应二叉树的先序遍历；森林的后序遍历等于对应二叉树的中序遍历。</div>"	"<div class=""top""><span class=""chip c1"">章节：树与二叉树</span><span class=""chip c2"">领会</span><span class=""chip c3"">树和森林</span></div><h1>树和森林的遍历与二叉树遍历的关系</h1><div class=""a"">树的<span class=""hit"">先序遍历</span>等于对应二叉树的<span class=""hit"">先序遍历</span>；树的<span class=""hit"">后序遍历</span>等于对应二叉树的<span class=""hit"">中序遍历</span>。森林的<span class=""hit"">先序遍历</span>等于对应二叉树的<span class=""hit"">先序遍历</span>；森林的<span class=""hit"">后序遍历</span>等于对应二叉树的<span class=""hit"">中序遍历</span>。</div><div class=""ansbox"">挖空答案：<b>先序遍历、后序遍历、中序遍历</b></div><div class=""pg"">教材页码：P196</div>"	树与二叉树 领会 树和森林 13003数据结构与算法
"<div class=""top""><span class=""chip c1"">章节：树与二叉树</span><span class=""chip c2"">简单应用</span><span class=""chip c3"">树和森林</span></div><h1>树和森林遍历的实现</h1><div class=""q"">树和<span class=""blank"">______</span>通过孩子-兄弟表示法转换为二叉树后实现。<span class=""blank"">______</span>树即先访问根再依次遍历各子树；<span class=""blank"">______</span>树即先依次遍历各子树再访问根。森林遍历按次序逐棵树遍历。</div>"	"<div class=""top""><span class=""chip c1"">章节：树与二叉树</span><span class=""chip c2"">简单应用</span><span class=""chip c3"">树和森林</span></div><h1>树和森林遍历的实现</h1><div class=""a"">树和<span class=""hit"">森林的遍历</span>通过孩子-兄弟表示法转换为二叉树后实现。<span class=""hit"">先序遍历</span>树即先访问根再依次遍历各子树；<span class=""hit"">后序遍历</span>树即先依次遍历各子树再访问根。森林遍历按次序逐棵树遍历。</div><div class=""ansbox"">挖空答案：<b>森林的遍历、先序遍历、后序遍历</b></div><div class=""pg"">教材页码：P195</div>"	树与二叉树 简单应用 树和森林 13003数据结构与算法
"<div class=""top""><span class=""chip c1"">章节：树与二叉树</span><span class=""chip c2"">简单应用</span><span class=""chip c3"">树和森林</span></div><h1>树和森林的其他相关算法的实现</h1><div class=""q"">树和森林的其他<span class=""blank"">______</span>基于<span class=""blank"">______</span>-兄弟表示法实现。利用树与<span class=""blank"">______</span>的转换关系，可将树/森林的操作转化为在对应二叉树上的操作，完成后再还原。</div>"	"<div class=""top""><span class=""chip c1"">章节：树与二叉树</span><span class=""chip c2"">简单应用</span><span class=""chip c3"">树和森林</span></div><h1>树和森林的其他相关算法的实现</h1><div class=""a"">树和森林的其他<span class=""hit"">算法</span>基于<span class=""hit"">孩子</span>-兄弟表示法实现。利用树与<span class=""hit"">二叉树</span>的转换关系，可将树/森林的操作转化为在对应<span class=""hit"">二叉树</span>上的操作，完成后再还原。</div><div class=""ansbox"">挖空答案：<b>算法、孩子、二叉树</b></div><div class=""pg"">教材页码：P195</div>"	树与二叉树 简单应用 树和森林 13003数据结构与算法
"<div class=""top""><span class=""chip c1"">章节：树与二叉树</span><span class=""chip c2"">识记</span><span class=""chip c3"">哈夫曼树及哈夫曼编码</span></div><h1>定长编码</h1><div class=""q"">定长编码是指所有字符的<span class=""blank"">______</span>都相等的编码方式，如ASCII码用8位表示一个字符，Unicode用16位。处理简单效率高，但译文长度取决于原文长度，不够灵活。</div>"	"<div class=""top""><span class=""chip c1"">章节：树与二叉树</span><span class=""chip c2"">识记</span><span class=""chip c3"">哈夫曼树及哈夫曼编码</span></div><h1>定长编码</h1><div class=""a"">定长编码是指所有字符的<span class=""hit"">编码长度</span>都相等的编码方式，如ASCII码用8位表示一个字符，Unicode用16位。处理简单效率高，但译文长度取决于原文长度，不够灵活。</div><div class=""ansbox"">挖空答案：<b>编码长度</b></div><div class=""pg"">教材页码：P197</div>"	树与二叉树 识记 哈夫曼树及哈夫曼编码 13003数据结构与算法
"<div class=""top""><span class=""chip c1"">章节：树与二叉树</span><span class=""chip c2"">识记</span><span class=""chip c3"">哈夫曼树及哈夫曼编码</span></div><h1>变长编码</h1><div class=""q"">变长编码是指不同字符的<span class=""blank"">______</span>不同的编码方式。原则是出现次数多的字符用较短编码，出现次数少的用较长编码，以缩短译文总长度。<span class=""blank"">______</span>是一种最优变长编码。</div>"	"<div class=""top""><span class=""chip c1"">章节：树与二叉树</span><span class=""chip c2"">识记</span><span class=""chip c3"">哈夫曼树及哈夫曼编码</span></div><h1>变长编码</h1><div class=""a"">变长编码是指不同字符的<span class=""hit"">编码长度</span>不同的编码方式。原则是出现次数多的字符用较短编码，出现次数少的用较长编码，以缩短译文总长度。<span class=""hit"">哈夫曼编码</span>是一种最优变长编码。</div><div class=""ansbox"">挖空答案：<b>编码长度、哈夫曼编码</b></div><div class=""pg"">教材页码：P197</div>"	树与二叉树 识记 哈夫曼树及哈夫曼编码 13003数据结构与算法
"<div class=""top""><span class=""chip c1"">章节：树与二叉树</span><span class=""chip c2"">识记</span><span class=""chip c3"">哈夫曼树及哈夫曼编码</span></div><h1>编码长度</h1><div class=""q"">编码长度是指表示一个字符所需的二进制位数。<span class=""blank"">______</span>中所有字符编码长度相同，<span class=""blank"">______</span>中各字符编码长度不同。</div>"	"<div class=""top""><span class=""chip c1"">章节：树与二叉树</span><span class=""chip c2"">识记</span><span class=""chip c3"">哈夫曼树及哈夫曼编码</span></div><h1>编码长度</h1><div class=""a"">编码长度是指表示一个字符所需的二进制位数。<span class=""hit"">定长编码</span>中所有字符编码长度相同，<span class=""hit"">变长编码</span>中各字符编码长度不同。</div><div class=""ansbox"">挖空答案：<b>定长编码、变长编码</b></div><div class=""pg"">教材页码：P197</div>"	树与二叉树 识记 哈夫曼树及哈夫曼编码 13003数据结构与算法
"<div class=""top""><span class=""chip c1"">章节：树与二叉树</span><span class=""chip c2"">识记</span><span class=""chip c3"">哈夫曼树及哈夫曼编码</span></div><h1>前缀特性</h1><div class=""q"">前缀特性是指在编码方案中，任何一个字符的编码都不是其他字符编码的前缀。具有前缀特性的编码能保证<span class=""blank"">______</span>的正确性和唯一性。在<span class=""blank"">______</span>中，字符只能出现在<span class=""blank"">______</span>。</div>"	"<div class=""top""><span class=""chip c1"">章节：树与二叉树</span><span class=""chip c2"">识记</span><span class=""chip c3"">哈夫曼树及哈夫曼编码</span></div><h1>前缀特性</h1><div class=""a"">前缀特性是指在编码方案中，任何一个字符的编码都不是其他字符编码的前缀。具有前缀特性的编码能保证<span class=""hit"">译码</span>的正确性和唯一性。在<span class=""hit"">编码树</span>中，字符只能出现在<span class=""hit"">叶结点</span>。</div><div class=""ansbox"">挖空答案：<b>译码、编码树、叶结点</b></div><div class=""pg"">教材页码：P197</div>"	树与二叉树 识记 哈夫曼树及哈夫曼编码 13003数据结构与算法
"<div class=""top""><span class=""chip c1"">章节：树与二叉树</span><span class=""chip c2"">识记</span><span class=""chip c3"">哈夫曼树及哈夫曼编码</span></div><h1>编码</h1><div class=""q"">编码是信息从一种形式转换为另一种形式的过程。在<span class=""blank"">______</span>压缩中，将字符映射为二进制串。原文是转换前的文本，译文是转换后的结果。</div>"	"<div class=""top""><span class=""chip c1"">章节：树与二叉树</span><span class=""chip c2"">识记</span><span class=""chip c3"">哈夫曼树及哈夫曼编码</span></div><h1>编码</h1><div class=""a"">编码是信息从一种形式转换为另一种形式的过程。在<span class=""hit"">数据</span>压缩中，将字符映射为二进制串。原文是转换前的文本，译文是转换后的结果。</div><div class=""ansbox"">挖空答案：<b>数据</b></div><div class=""pg"">教材页码：P197</div>"	树与二叉树 识记 哈夫曼树及哈夫曼编码 13003数据结构与算法
"<div class=""top""><span class=""chip c1"">章节：树与二叉树</span><span class=""chip c2"">识记</span><span class=""chip c3"">哈夫曼树及哈夫曼编码</span></div><h1>译码</h1><div class=""q"">译码是<span class=""blank"">______</span>的逆过程，将二进制编码串还原为原始字符。在<span class=""blank"">______</span>中，从根开始按编码位选择左（0）右（1）分支，到达<span class=""blank"">______</span>即得到对应字符。</div>"	"<div class=""top""><span class=""chip c1"">章节：树与二叉树</span><span class=""chip c2"">识记</span><span class=""chip c3"">哈夫曼树及哈夫曼编码</span></div><h1>译码</h1><div class=""a"">译码是<span class=""hit"">编码</span>的逆过程，将二进制<span class=""hit"">编码</span>串还原为原始字符。在<span class=""hit"">哈夫曼树</span>中，从根开始按<span class=""hit"">编码</span>位选择左（0）右（1）分支，到达<span class=""hit"">叶结点</span>即得到对应字符。</div><div class=""ansbox"">挖空答案：<b>编码、哈夫曼树、叶结点</b></div><div class=""pg"">教材页码：P201</div>"	树与二叉树 识记 哈夫曼树及哈夫曼编码 13003数据结构与算法
"<div class=""top""><span class=""chip c1"">章节：树与二叉树</span><span class=""chip c2"">识记</span><span class=""chip c3"">哈夫曼树及哈夫曼编码</span></div><h1>字符的权</h1><div class=""q"">字符的权（<span class=""blank"">______</span>）是指该字符在文本中出现的频率或次数，用于构造<span class=""blank"">______</span>。权值越大的字符，在哈夫曼树中应越靠近根，<span class=""blank"">______</span>越短。</div>"	"<div class=""top""><span class=""chip c1"">章节：树与二叉树</span><span class=""chip c2"">识记</span><span class=""chip c3"">哈夫曼树及哈夫曼编码</span></div><h1>字符的权</h1><div class=""a"">字符的权（<span class=""hit"">权值</span>）是指该字符在文本中出现的频率或次数，用于构造<span class=""hit"">哈夫曼树</span>。<span class=""hit"">权值</span>越大的字符，在<span class=""hit"">哈夫曼树</span>中应越靠近根，<span class=""hit"">编码</span>越短。</div><div class=""ansbox"">挖空答案：<b>权值、哈夫曼树、编码</b></div><div class=""pg"">教材页码：P197</div>"	树与二叉树 识记 哈夫曼树及哈夫曼编码 13003数据结构与算法
"<div class=""top""><span class=""chip c1"">章节：树与二叉树</span><span class=""chip c2"">识记</span><span class=""chip c3"">哈夫曼树及哈夫曼编码</span></div><h1>编码树</h1><div class=""q"">编码树是用<span class=""blank"">______</span>表示编码方案的结构。从根到<span class=""blank"">______</span>的路径上标注的0/1组成该叶结点对应字符的编码。满足<span class=""blank"">______</span>的编码方案中，字符只能出现在叶结点。</div>"	"<div class=""top""><span class=""chip c1"">章节：树与二叉树</span><span class=""chip c2"">识记</span><span class=""chip c3"">哈夫曼树及哈夫曼编码</span></div><h1>编码树</h1><div class=""a"">编码树是用<span class=""hit"">二叉树</span>表示编码方案的结构。从根到<span class=""hit"">叶结点</span>的路径上标注的0/1组成该<span class=""hit"">叶结点</span>对应字符的编码。满足<span class=""hit"">前缀特性</span>的编码方案中，字符只能出现在<span class=""hit"">叶结点</span>。</div><div class=""ansbox"">挖空答案：<b>二叉树、叶结点、前缀特性</b></div><div class=""pg"">教材页码：P198</div>"	树与二叉树 识记 哈夫曼树及哈夫曼编码 13003数据结构与算法
"<div class=""top""><span class=""chip c1"">章节：树与二叉树</span><span class=""chip c2"">识记</span><span class=""chip c3"">哈夫曼树及哈夫曼编码</span></div><h1>哈夫曼编码</h1><div class=""q"">哈夫曼编码是在<span class=""blank"">______</span>中，左分支标0、右分支标1，从根到叶结点<span class=""blank"">______</span>上的0/1序列即为该叶结点对应字符的编码。它满足<span class=""blank"">______</span>且总码长最短。</div>"	"<div class=""top""><span class=""chip c1"">章节：树与二叉树</span><span class=""chip c2"">识记</span><span class=""chip c3"">哈夫曼树及哈夫曼编码</span></div><h1>哈夫曼编码</h1><div class=""a"">哈夫曼编码是在<span class=""hit"">哈夫曼树</span>中，左分支标0、右分支标1，从根到叶结点<span class=""hit"">路径</span>上的0/1序列即为该叶结点对应字符的编码。它满足<span class=""hit"">前缀特性</span>且总码长最短。</div><div class=""ansbox"">挖空答案：<b>哈夫曼树、路径、前缀特性</b></div><div class=""pg"">教材页码：P200</div>"	树与二叉树 识记 哈夫曼树及哈夫曼编码 13003数据结构与算法
"<div class=""top""><span class=""chip c1"">章节：树与二叉树</span><span class=""chip c2"">识记</span><span class=""chip c3"">哈夫曼树及哈夫曼编码</span></div><h1>哈夫曼树</h1><div class=""q"">哈夫曼树（<span class=""blank"">______</span>）是给定n个<span class=""blank"">______</span>作为<span class=""blank"">______</span>，构造出WPL最小的二叉树。构造方法：每次选两个权值最小的树合并为新树，新树根权值为两子树根权值之和，重复直到只剩一棵树。</div>"	"<div class=""top""><span class=""chip c1"">章节：树与二叉树</span><span class=""chip c2"">识记</span><span class=""chip c3"">哈夫曼树及哈夫曼编码</span></div><h1>哈夫曼树</h1><div class=""a"">哈夫曼树（<span class=""hit"">最优二叉树</span>）是给定n个<span class=""hit"">权值</span>作为<span class=""hit"">叶结点</span>，构造出WPL最小的二叉树。构造方法：每次选两个<span class=""hit"">权值</span>最小的树合并为新树，新树根<span class=""hit"">权值</span>为两子树根<span class=""hit"">权值</span>之和，重复直到只剩一棵树。</div><div class=""ansbox"">挖空答案：<b>最优二叉树、权值、叶结点</b></div><div class=""pg"">教材页码：P199</div>"	树与二叉树 识记 哈夫曼树及哈夫曼编码 13003数据结构与算法
"<div class=""top""><span class=""chip c1"">章节：树与二叉树</span><span class=""chip c2"">识记</span><span class=""chip c3"">哈夫曼树及哈夫曼编码</span></div><h1>叶结点的带权路径长度</h1><div class=""q"">叶结点的带权路径长度是指叶结点的<span class=""blank"">______</span>乘以其到<span class=""blank"">______</span>的路径长度（边数）。</div>"	"<div class=""top""><span class=""chip c1"">章节：树与二叉树</span><span class=""chip c2"">识记</span><span class=""chip c3"">哈夫曼树及哈夫曼编码</span></div><h1>叶结点的带权路径长度</h1><div class=""a"">叶结点的带权路径长度是指叶结点的<span class=""hit"">权值</span>乘以其到<span class=""hit"">根结点</span>的路径长度（边数）。</div><div class=""ansbox"">挖空答案：<b>权值、根结点</b></div><div class=""pg"">教材页码：P198</div>"	树与二叉树 识记 哈夫曼树及哈夫曼编码 13003数据结构与算法
"<div class=""top""><span class=""chip c1"">章节：树与二叉树</span><span class=""chip c2"">识记</span><span class=""chip c3"">哈夫曼树及哈夫曼编码</span></div><h1>二叉树的外部带权路径长度（WPL</h1><div class=""q"">二叉树的外部<span class=""blank"">______</span>（WPL）是树中所有<span class=""blank"">______</span>之和：WPL=Σw_k·l_k，其中w_k为第k个叶结点的权值，l_k为其路径长度。<span class=""blank"">______</span>的WPL最小。</div>"	"<div class=""top""><span class=""chip c1"">章节：树与二叉树</span><span class=""chip c2"">识记</span><span class=""chip c3"">哈夫曼树及哈夫曼编码</span></div><h1>二叉树的外部带权路径长度（WPL</h1><div class=""a"">二叉树的外部<span class=""hit"">带权路径长度</span>（WPL）是树中所有<span class=""hit"">叶结点的带权路径长度</span>之和：WPL=Σw_k·l_k，其中w_k为第k个叶结点的权值，l_k为其路径长度。<span class=""hit"">哈夫曼树</span>的WPL最小。</div><div class=""ansbox"">挖空答案：<b>带权路径长度、叶结点的带权路径长度、哈夫曼树</b></div><div class=""pg"">教材页码：P198</div>"	树与二叉树 识记 哈夫曼树及哈夫曼编码 13003数据结构与算法
"<div class=""top""><span class=""chip c1"">章节：树与二叉树</span><span class=""chip c2"">识记</span><span class=""chip c3"">哈夫曼树及哈夫曼编码</span></div><h1>带权平均码长</h1><div class=""q"">带权平均码长是译文总位数除以原文字符总数，即WPL/总字符数。使用<span class=""blank"">______</span>时，带权平均码长通常短于<span class=""blank"">______</span>的码长。</div>"	"<div class=""top""><span class=""chip c1"">章节：树与二叉树</span><span class=""chip c2"">识记</span><span class=""chip c3"">哈夫曼树及哈夫曼编码</span></div><h1>带权平均码长</h1><div class=""a"">带权平均码长是译文总位数除以原文字符总数，即WPL/总字符数。使用<span class=""hit"">变长编码</span>时，带权平均码长通常短于<span class=""hit"">定长编码</span>的码长。</div><div class=""ansbox"">挖空答案：<b>变长编码、定长编码</b></div><div class=""pg"">教材页码：P201</div>"	树与二叉树 识记 哈夫曼树及哈夫曼编码 13003数据结构与算法
"<div class=""top""><span class=""chip c1"">章节：树与二叉树</span><span class=""chip c2"">领会</span><span class=""chip c3"">哈夫曼树及哈夫曼编码</span></div><h1>具有前缀特性的编码方案</h1><div class=""q"">具有前缀特性的编码方案保证任何字符编码都不是其他字符编码的前缀，从而译码时不会产生歧义。在对应的<span class=""blank"">______</span>中，字符只能出现在<span class=""blank"">______</span>，不能出现在<span class=""blank"">______</span>。</div>"	"<div class=""top""><span class=""chip c1"">章节：树与二叉树</span><span class=""chip c2"">领会</span><span class=""chip c3"">哈夫曼树及哈夫曼编码</span></div><h1>具有前缀特性的编码方案</h1><div class=""a"">具有前缀特性的编码方案保证任何字符编码都不是其他字符编码的前缀，从而译码时不会产生歧义。在对应的<span class=""hit"">编码树</span>中，字符只能出现在<span class=""hit"">叶结点</span>，不能出现在<span class=""hit"">分支结点</span>。</div><div class=""ansbox"">挖空答案：<b>编码树、叶结点、分支结点</b></div><div class=""pg"">教材页码：P197</div>"	树与二叉树 领会 哈夫曼树及哈夫曼编码 13003数据结构与算法
"<div class=""top""><span class=""chip c1"">章节：树与二叉树</span><span class=""chip c2"">领会</span><span class=""chip c3"">哈夫曼树及哈夫曼编码</span></div><h1>哈夫曼编码及哈夫曼树的不唯一性</h1><div class=""q""><span class=""blank"">______</span>和<span class=""blank"">______</span>不是唯一的。选择权值最小的两棵树时，若权值相等可任意选择；合并时左<span class=""blank"">______</span>可互换；左分支标0右分支标1也可反过来。但不同哈夫曼树的WPL相同。</div>"	"<div class=""top""><span class=""chip c1"">章节：树与二叉树</span><span class=""chip c2"">领会</span><span class=""chip c3"">哈夫曼树及哈夫曼编码</span></div><h1>哈夫曼编码及哈夫曼树的不唯一性</h1><div class=""a""><span class=""hit"">哈夫曼树</span>和<span class=""hit"">哈夫曼编码</span>不是唯一的。选择权值最小的两棵树时，若权值相等可任意选择；合并时左<span class=""hit"">右子树</span>可互换；左分支标0右分支标1也可反过来。但不同<span class=""hit"">哈夫曼树</span>的WPL相同。</div><div class=""ansbox"">挖空答案：<b>哈夫曼树、哈夫曼编码、右子树</b></div><div class=""pg"">教材页码：P200</div>"	树与二叉树 领会 哈夫曼树及哈夫曼编码 13003数据结构与算法
"<div class=""top""><span class=""chip c1"">章节：树与二叉树</span><span class=""chip c2"">简单应用</span><span class=""chip c3"">哈夫曼树及哈夫曼编码</span></div><h1>验证编码方案具有前缀特性</h1><div class=""q"">验证编码方案具有前缀特性的方法：在<span class=""blank"">______</span>中检查字符是否都出现在<span class=""blank"">______</span>。若某字符出现在<span class=""blank"">______</span>，则其编码必是其子孙结点编码的前缀，不满足前缀特性。</div>"	"<div class=""top""><span class=""chip c1"">章节：树与二叉树</span><span class=""chip c2"">简单应用</span><span class=""chip c3"">哈夫曼树及哈夫曼编码</span></div><h1>验证编码方案具有前缀特性</h1><div class=""a"">验证编码方案具有前缀特性的方法：在<span class=""hit"">编码树</span>中检查字符是否都出现在<span class=""hit"">叶结点</span>。若某字符出现在<span class=""hit"">分支结点</span>，则其编码必是其子孙结点编码的前缀，不满足前缀特性。</div><div class=""ansbox"">挖空答案：<b>编码树、叶结点、分支结点</b></div><div class=""pg"">教材页码：P198</div>"	树与二叉树 简单应用 哈夫曼树及哈夫曼编码 13003数据结构与算法
"<div class=""top""><span class=""chip c1"">章节：树与二叉树</span><span class=""chip c2"">简单应用</span><span class=""chip c3"">哈夫曼树及哈夫曼编码</span></div><h1>哈夫曼树的构造</h1><div class=""q""><span class=""blank"">______</span>构造步骤：(1)将n个<span class=""blank"">______</span>各作为单结点树放入<span class=""blank"">______</span>F；(2)选F中两棵权值最小的树作为左右子树合并，新树根权值为两者之和；(3)从F中删除这两棵树，加入新树；(4)重复(2)(3)直到F中只剩一棵树。</div>"	"<div class=""top""><span class=""chip c1"">章节：树与二叉树</span><span class=""chip c2"">简单应用</span><span class=""chip c3"">哈夫曼树及哈夫曼编码</span></div><h1>哈夫曼树的构造</h1><div class=""a""><span class=""hit"">哈夫曼树</span>构造步骤：(1)将n个<span class=""hit"">权值</span>各作为单结点树放入<span class=""hit"">集合</span>F；(2)选F中两棵<span class=""hit"">权值</span>最小的树作为左右子树合并，新树根<span class=""hit"">权值</span>为两者之和；(3)从F中删除这两棵树，加入新树；(4)重复(2)(3)直到F中只剩一棵树。</div><div class=""ansbox"">挖空答案：<b>哈夫曼树、权值、集合</b></div><div class=""pg"">教材页码：P199</div>"	树与二叉树 简单应用 哈夫曼树及哈夫曼编码 13003数据结构与算法
"<div class=""top""><span class=""chip c1"">章节：树与二叉树</span><span class=""chip c2"">简单应用</span><span class=""chip c3"">哈夫曼树及哈夫曼编码</span></div><h1>哈夫曼编码的生成</h1><div class=""q""><span class=""blank"">______</span>生成：构造好<span class=""blank"">______</span>后，在<span class=""blank"">______</span>左分支标0、右分支标1，从根到每个叶结点路径上的0/1串即为该叶结点对应字符的哈夫曼编码。</div>"	"<div class=""top""><span class=""chip c1"">章节：树与二叉树</span><span class=""chip c2"">简单应用</span><span class=""chip c3"">哈夫曼树及哈夫曼编码</span></div><h1>哈夫曼编码的生成</h1><div class=""a""><span class=""hit"">哈夫曼编码</span>生成：构造好<span class=""hit"">哈夫曼树</span>后，在<span class=""hit"">分支结点</span>左分支标0、右分支标1，从根到每个叶结点路径上的0/1串即为该叶结点对应字符的<span class=""hit"">哈夫曼编码</span>。</div><div class=""ansbox"">挖空答案：<b>哈夫曼编码、哈夫曼树、分支结点</b></div><div class=""pg"">教材页码：P200</div>"	树与二叉树 简单应用 哈夫曼树及哈夫曼编码 13003数据结构与算法
"<div class=""top""><span class=""chip c1"">章节：树与二叉树</span><span class=""chip c2"">简单应用</span><span class=""chip c3"">哈夫曼树及哈夫曼编码</span></div><h1>译码</h1><div class=""q"">译码过程：从<span class=""blank"">______</span>的根开始，逐位扫描<span class=""blank"">______</span>，遇到0走左分支，遇到1走右分支。当到达<span class=""blank"">______</span>时，该叶结点保存的字符即为译码结果。重复直到编码全部扫描完毕。</div>"	"<div class=""top""><span class=""chip c1"">章节：树与二叉树</span><span class=""chip c2"">简单应用</span><span class=""chip c3"">哈夫曼树及哈夫曼编码</span></div><h1>译码</h1><div class=""a"">译码过程：从<span class=""hit"">哈夫曼树</span>的根开始，逐位扫描<span class=""hit"">编码</span>，遇到0走左分支，遇到1走右分支。当到达<span class=""hit"">叶结点</span>时，该<span class=""hit"">叶结点</span>保存的字符即为译码结果。重复直到<span class=""hit"">编码</span>全部扫描完毕。</div><div class=""ansbox"">挖空答案：<b>哈夫曼树、编码、叶结点</b></div><div class=""pg"">教材页码：P201</div>"	树与二叉树 简单应用 哈夫曼树及哈夫曼编码 13003数据结构与算法
"<div class=""top""><span class=""chip c1"">章节：树与二叉树</span><span class=""chip c2"">简单应用</span><span class=""chip c3"">哈夫曼树及哈夫曼编码</span></div><h1>树的WPL计算</h1><div class=""q"">WPL计算方法：对每个<span class=""blank"">______</span>，用其权值乘以到根的<span class=""blank"">______</span>（边数），然后将所有<span class=""blank"">______</span>相加，即WPL=Σw_k·l_k。</div>"	"<div class=""top""><span class=""chip c1"">章节：树与二叉树</span><span class=""chip c2"">简单应用</span><span class=""chip c3"">哈夫曼树及哈夫曼编码</span></div><h1>树的WPL计算</h1><div class=""a"">WPL计算方法：对每个<span class=""hit"">叶结点</span>，用其权值乘以到根的<span class=""hit"">路径长度</span>（边数），然后将所有<span class=""hit"">叶结点的带权路径长度</span>相加，即WPL=Σw_k·l_k。</div><div class=""ansbox"">挖空答案：<b>叶结点、路径长度、叶结点的带权路径长度</b></div><div class=""pg"">教材页码：P198</div>"	树与二叉树 简单应用 哈夫曼树及哈夫曼编码 13003数据结构与算法
"<div class=""top""><span class=""chip c1"">章节：树与二叉树</span><span class=""chip c2"">综合应用</span><span class=""chip c3"">哈夫曼树及哈夫曼编码</span></div><h1>借助哈夫曼树及哈夫曼编码的思想来解决具体问题</h1><div class=""q""><span class=""blank"">______</span>的应用：利用哈夫曼树和<span class=""blank"">______</span>实现<span class=""blank"">______</span>压缩。高频字符用短编码，低频字符用长编码，使总码长最短。也可用于决策树、最优判断问题等。</div>"	"<div class=""top""><span class=""chip c1"">章节：树与二叉树</span><span class=""chip c2"">综合应用</span><span class=""chip c3"">哈夫曼树及哈夫曼编码</span></div><h1>借助哈夫曼树及哈夫曼编码的思想来解决具体问题</h1><div class=""a""><span class=""hit"">哈夫曼树</span>的应用：利用<span class=""hit"">哈夫曼树</span>和<span class=""hit"">哈夫曼编码</span>实现<span class=""hit"">数据</span>压缩。高频字符用短编码，低频字符用长编码，使总码长最短。也可用于决策树、最优判断问题等。</div><div class=""ansbox"">挖空答案：<b>哈夫曼树、哈夫曼编码、数据</b></div><div class=""pg"">教材页码：P201</div>"	树与二叉树 综合应用 哈夫曼树及哈夫曼编码 13003数据结构与算法
"<div class=""top""><span class=""chip c1"">章节：树与二叉树</span><span class=""chip c2"">本章重点</span></div><h1>树和森林及二叉树的基本概念和存储方式</h1><div class=""q"">本章重点：树和森林的基本概念（根、子树、度、深度、高度、路径等）及存储方式（<span class=""blank"">______</span>表示法、孩<span class=""blank"">______</span>示法、孩子-兄弟表示法）。<span class=""blank"">______</span>的概念、性质及顺序存储和链式存储方式。</div>"	"<div class=""top""><span class=""chip c1"">章节：树与二叉树</span><span class=""chip c2"">本章重点</span></div><h1>树和森林及二叉树的基本概念和存储方式</h1><div class=""a"">本章重点：树和森林的基本概念（根、子树、度、深度、高度、路径等）及存储方式（<span class=""hit"">父结点</span>表示法、孩<span class=""hit"">子表</span>示法、孩子-兄弟表示法）。<span class=""hit"">二叉树</span>的概念、性质及顺序存储和链式存储方式。</div><div class=""ansbox"">挖空答案：<b>父结点、子表、二叉树</b></div><div class=""pg"">教材页码：P201</div>"	树与二叉树 本章重点 13003数据结构与算法
"<div class=""top""><span class=""chip c1"">章节：树与二叉树</span><span class=""chip c2"">本章重点</span></div><h1>树和森林与二叉树之间的相互转换</h1><div class=""q"">本章重点：树、森林与<span class=""blank"">______</span>之间的相互转换。通过<span class=""blank"">______</span>-兄弟表示法，树可转换为二叉树（根无<span class=""blank"">______</span>），森林可转换为二叉树。转换规则是递归的，可相互还原。</div>"	"<div class=""top""><span class=""chip c1"">章节：树与二叉树</span><span class=""chip c2"">本章重点</span></div><h1>树和森林与二叉树之间的相互转换</h1><div class=""a"">本章重点：树、森林与<span class=""hit"">二叉树</span>之间的相互转换。通过<span class=""hit"">孩子</span>-兄弟表示法，树可转换为<span class=""hit"">二叉树</span>（根无<span class=""hit"">右子树</span>），森林可转换为<span class=""hit"">二叉树</span>。转换规则是递归的，可相互还原。</div><div class=""ansbox"">挖空答案：<b>二叉树、孩子、右子树</b></div><div class=""pg"">教材页码：P193</div>"	树与二叉树 本章重点 13003数据结构与算法
"<div class=""top""><span class=""chip c1"">章节：树与二叉树</span><span class=""chip c2"">本章重点</span></div><h1>二叉树的基本性质</h1><div class=""q"">本章重点：<span class=""blank"">______</span>的四个基本性质：(1)第i层最多2^i个结点；(2)<span class=""blank"">______</span>h的二叉树最多2^h-1个结点；(3)n0=n2+1；(4)n个结点的<span class=""blank"">______</span>高度为⌊log2(n)⌋+1。</div>"	"<div class=""top""><span class=""chip c1"">章节：树与二叉树</span><span class=""chip c2"">本章重点</span></div><h1>二叉树的基本性质</h1><div class=""a"">本章重点：<span class=""hit"">二叉树</span>的四个基本性质：(1)第i层最多2^i个结点；(2)<span class=""hit"">高度</span>h的<span class=""hit"">二叉树</span>最多2^h-1个结点；(3)n0=n2+1；(4)n个结点的<span class=""hit"">完全二叉树</span><span class=""hit"">高度</span>为⌊log2(n)⌋+1。</div><div class=""ansbox"">挖空答案：<b>二叉树、高度、完全二叉树</b></div><div class=""pg"">教材页码：P168</div>"	树与二叉树 本章重点 13003数据结构与算法
"<div class=""top""><span class=""chip c1"">章节：树与二叉树</span><span class=""chip c2"">本章重点</span></div><h1>基于二叉链表的递归程序的实现</h1><div class=""q"">本章重点：基于<span class=""blank"">______</span>的递归程序实现。利用<span class=""blank"">______</span>的递归结构，递归实现遍历（先序、中序、后序）、求<span class=""blank"">______</span>数、求高度等操作。递归出口为空树。</div>"	"<div class=""top""><span class=""chip c1"">章节：树与二叉树</span><span class=""chip c2"">本章重点</span></div><h1>基于二叉链表的递归程序的实现</h1><div class=""a"">本章重点：基于<span class=""hit"">二叉链表</span>的递归程序实现。利用<span class=""hit"">二叉树</span>的递归结构，递归实现遍历（先序、中序、后序）、求<span class=""hit"">叶结点</span>数、求高度等操作。递归出口为空树。</div><div class=""ansbox"">挖空答案：<b>二叉链表、二叉树、叶结点</b></div><div class=""pg"">教材页码：P176</div>"	树与二叉树 本章重点 13003数据结构与算法
"<div class=""top""><span class=""chip c1"">章节：树与二叉树</span><span class=""chip c2"">本章重点</span></div><h1>堆的概念及基本操作的实现</h1><div class=""q"">本章重点：堆的概念（<span class=""blank"">______</span>、父子结点有序性）及基本操作：建堆（自下而上ShiftDown）、插入（向上调整）、删除堆顶（向下调整）。<span class=""blank"">______</span>均为O(<span class=""blank"">______</span>)。</div>"	"<div class=""top""><span class=""chip c1"">章节：树与二叉树</span><span class=""chip c2"">本章重点</span></div><h1>堆的概念及基本操作的实现</h1><div class=""a"">本章重点：堆的概念（<span class=""hit"">完全二叉树</span>、父子结点有序性）及基本操作：建堆（自下而上ShiftDown）、插入（向上调整）、删除堆顶（向下调整）。<span class=""hit"">时间复杂度</span>均为O(<span class=""hit"">log n</span>)。</div><div class=""ansbox"">挖空答案：<b>完全二叉树、时间复杂度、log n</b></div><div class=""pg"">教材页码：P183</div>"	树与二叉树 本章重点 13003数据结构与算法
"<div class=""top""><span class=""chip c1"">章节：树与二叉树</span><span class=""chip c2"">本章重点</span></div><h1>树和森林及二叉树的遍历</h1><div class=""q"">本章重点：<span class=""blank"">______</span>的三种递归遍历（先序、中序、后序）及层序遍历。树的先序/<span class=""blank"">______</span>，<span class=""blank"">______</span>的先序/后序遍历。遍历是二叉树各种操作的基础。</div>"	"<div class=""top""><span class=""chip c1"">章节：树与二叉树</span><span class=""chip c2"">本章重点</span></div><h1>树和森林及二叉树的遍历</h1><div class=""a"">本章重点：<span class=""hit"">二叉树</span>的三种递归遍历（先序、中序、后序）及层序遍历。树的先序/<span class=""hit"">后序遍历</span>，<span class=""hit"">森林</span>的先序/<span class=""hit"">后序遍历</span>。遍历是<span class=""hit"">二叉树</span>各种操作的基础。</div><div class=""ansbox"">挖空答案：<b>二叉树、后序遍历、森林</b></div><div class=""pg"">教材页码：P174</div>"	树与二叉树 本章重点 13003数据结构与算法
"<div class=""top""><span class=""chip c1"">章节：树与二叉树</span><span class=""chip c2"">本章重点</span></div><h1>哈夫曼树及哈夫曼编码的构造</h1><div class=""q"">本章重点：<span class=""blank"">______</span>（每次选两个最小权值树合并）及<span class=""blank"">______</span>（左0右1，根到叶路径为编码）。哈夫曼树WPL最小，编码具有<span class=""blank"">______</span>。</div>"	"<div class=""top""><span class=""chip c1"">章节：树与二叉树</span><span class=""chip c2"">本章重点</span></div><h1>哈夫曼树及哈夫曼编码的构造</h1><div class=""a"">本章重点：<span class=""hit"">哈夫曼树的构造</span>（每次选两个最小权值树合并）及<span class=""hit"">哈夫曼编码的生成</span>（左0右1，根到叶路径为编码）。哈夫曼树WPL最小，编码具有<span class=""hit"">前缀特性</span>。</div><div class=""ansbox"">挖空答案：<b>哈夫曼树的构造、哈夫曼编码的生成、前缀特性</b></div><div class=""pg"">教材页码：P199</div>"	树与二叉树 本章重点 13003数据结构与算法
"<div class=""top""><span class=""chip c1"">章节：树与二叉树</span><span class=""chip c2"">本章难点</span></div><h1>树和森林与二叉树之间的相互转换</h1><div class=""q"">本章难点：树和森林与<span class=""blank"">______</span>之间的相互转换规则。森林转二叉树：第一棵树为根及其<span class=""blank"">______</span>，其余树为<span class=""blank"">______</span>。需要理解孩子-兄弟表示法作为转换的桥梁。</div>"	"<div class=""top""><span class=""chip c1"">章节：树与二叉树</span><span class=""chip c2"">本章难点</span></div><h1>树和森林与二叉树之间的相互转换</h1><div class=""a"">本章难点：树和森林与<span class=""hit"">二叉树</span>之间的相互转换规则。森林转<span class=""hit"">二叉树</span>：第一棵树为根及其<span class=""hit"">左子树</span>，其余树为<span class=""hit"">右子树</span>。需要理解孩子-兄弟表示法作为转换的桥梁。</div><div class=""ansbox"">挖空答案：<b>二叉树、左子树、右子树</b></div><div class=""pg"">教材页码：P193</div>"	树与二叉树 本章难点 13003数据结构与算法
"<div class=""top""><span class=""chip c1"">章节：树与二叉树</span><span class=""chip c2"">本章难点</span></div><h1>基于二叉链表的递归程序的实现</h1><div class=""q"">本章难点：基于<span class=""blank"">______</span>的<span class=""blank"">______</span>程序实现。需要理解递归思想，将问题分解为对左<span class=""blank"">______</span>的子问题。注意递归出口为空树的处理，以及非递归遍历中栈的使用。</div>"	"<div class=""top""><span class=""chip c1"">章节：树与二叉树</span><span class=""chip c2"">本章难点</span></div><h1>基于二叉链表的递归程序的实现</h1><div class=""a"">本章难点：基于<span class=""hit"">二叉链表</span>的<span class=""hit"">递归</span>程序实现。需要理解<span class=""hit"">递归</span>思想，将问题分解为对左<span class=""hit"">右子树</span>的子问题。注意<span class=""hit"">递归</span>出口为空树的处理，以及非<span class=""hit"">递归</span>遍历中栈的使用。</div><div class=""ansbox"">挖空答案：<b>二叉链表、递归、右子树</b></div><div class=""pg"">教材页码：P176</div>"	树与二叉树 本章难点 13003数据结构与算法
"<div class=""top""><span class=""chip c1"">章节：树与二叉树</span><span class=""chip c2"">本章难点</span></div><h1>堆基本操作的实现</h1><div class=""q"">本章难点：堆基本操作的实现。建堆时自下而上ShiftDown的过程，插入时向上调整，<span class=""blank"">______</span>时向下调整。需要理解<span class=""blank"">______</span>及调整过程中交换的方向。</div>"	"<div class=""top""><span class=""chip c1"">章节：树与二叉树</span><span class=""chip c2"">本章难点</span></div><h1>堆基本操作的实现</h1><div class=""a"">本章难点：堆基本操作的实现。建堆时自下而上ShiftDown的过程，插入时向上调整，<span class=""hit"">删除堆顶</span>时向下调整。需要理解<span class=""hit"">堆的有序性</span>及调整过程中交换的方向。</div><div class=""ansbox"">挖空答案：<b>删除堆顶、堆的有序性</b></div><div class=""pg"">教材页码：P186</div>"	树与二叉树 本章难点 13003数据结构与算法
"<div class=""top""><span class=""chip c1"">章节：树与二叉树</span><span class=""chip c2"">本章难点</span></div><h1>哈夫曼树及哈夫曼编码的构造</h1><div class=""q"">本章难点：<span class=""blank"">______</span>过程及<span class=""blank"">______</span>。每次选两个最小<span class=""blank"">______</span>合并的步骤，以及从根到叶路径生成编码的方法。理解WPL的计算及最优性。</div>"	"<div class=""top""><span class=""chip c1"">章节：树与二叉树</span><span class=""chip c2"">本章难点</span></div><h1>哈夫曼树及哈夫曼编码的构造</h1><div class=""a"">本章难点：<span class=""hit"">哈夫曼树的构造</span>过程及<span class=""hit"">哈夫曼编码的生成</span>。每次选两个最小<span class=""hit"">权值</span>合并的步骤，以及从根到叶路径生成编码的方法。理解WPL的计算及最优性。</div><div class=""ansbox"">挖空答案：<b>哈夫曼树的构造、哈夫曼编码的生成、权值</b></div><div class=""pg"">教材页码：P199</div>"	树与二叉树 本章难点 13003数据结构与算法
"<div class=""top""><span class=""chip c1"">章节：图结构</span><span class=""chip c2"">识记</span><span class=""chip c3"">图的基本概念与基本操作</span></div><h1>图</h1><div class=""q"">图（<span class=""blank"">______</span>）由顶点和边组成，一般地，用G=(V,E)来表示，其中V表示<span class=""blank"">______</span>，是一个有限非空集合；E表示边集，E中的每条边都是V中某一对顶点的连接。图结构是一种非<span class=""blank"">______</span>，元素之间的关系可以看成多对多的，图中任意两个不同顶点之间允许有边但不能超过一条。</div>"	"<div class=""top""><span class=""chip c1"">章节：图结构</span><span class=""chip c2"">识记</span><span class=""chip c3"">图的基本概念与基本操作</span></div><h1>图</h1><div class=""a"">图（<span class=""hit"">graph</span>）由顶点和边组成，一般地，用G=(V,E)来表示，其中V表示<span class=""hit"">顶点集</span>，是一个有限非空集合；E表示边集，E中的每条边都是V中某一对顶点的连接。图结构是一种非<span class=""hit"">线性结构</span>，元素之间的关系可以看成多对多的，图中任意两个不同顶点之间允许有边但不能超过一条。</div><div class=""ansbox"">挖空答案：<b>graph、顶点集、线性结构</b></div><div class=""pg"">教材页码：P207</div>"	图结构 识记 图的基本概念与基本操作 13003数据结构与算法
"<div class=""top""><span class=""chip c1"">章节：图结构</span><span class=""chip c2"">识记</span><span class=""chip c3"">图的基本概念与基本操作</span></div><h1>子图</h1><div class=""q"">若两个图G=(V,E)和G&#x27;=(V&#x27;,E&#x27;)满足条件V&#x27;⊆V，E&#x27;⊆E，且E&#x27;中边依附的<span class=""blank"">______</span>均属于V&#x27;，则称G&#x27;为G的子图。一个图G的子图是指由图G中选出其<span class=""blank"">______</span>的一个子集V&#x27;以及仅与V&#x27;中顶点相<span class=""blank"">______</span>的一些边所构成的图。图本身也是它自身的子图。</div>"	"<div class=""top""><span class=""chip c1"">章节：图结构</span><span class=""chip c2"">识记</span><span class=""chip c3"">图的基本概念与基本操作</span></div><h1>子图</h1><div class=""a"">若两个图G=(V,E)和G&#x27;=(V&#x27;,E&#x27;)满足条件V&#x27;⊆V，E&#x27;⊆E，且E&#x27;中边依附的<span class=""hit"">顶点</span>均属于V&#x27;，则称G&#x27;为G的子图。一个图G的子图是指由图G中选出其<span class=""hit"">顶点集</span>的一个子集V&#x27;以及仅与V&#x27;中<span class=""hit"">顶点</span>相<span class=""hit"">关联</span>的一些边所构成的图。图本身也是它自身的子图。</div><div class=""ansbox"">挖空答案：<b>顶点、顶点集、关联</b></div><div class=""pg"">教材页码：P210</div>"	图结构 识记 图的基本概念与基本操作 13003数据结构与算法
"<div class=""top""><span class=""chip c1"">章节：图结构</span><span class=""chip c2"">识记</span><span class=""chip c3"">图的基本概念与基本操作</span></div><h1>边</h1><div class=""q"">边是图中<span class=""blank"">______</span>之间的连接，当顶点分别是u和v时，连接这两个顶点的边可以表示为一个二元组(u,v)，有时也将边称为顶点的偶对。边可以是<span class=""blank"">______</span>（不限定方向）或<span class=""blank"">______</span>（限定方向，又称弧）。</div>"	"<div class=""top""><span class=""chip c1"">章节：图结构</span><span class=""chip c2"">识记</span><span class=""chip c3"">图的基本概念与基本操作</span></div><h1>边</h1><div class=""a"">边是图中<span class=""hit"">顶点</span>之间的连接，当<span class=""hit"">顶点</span>分别是u和v时，连接这两个<span class=""hit"">顶点</span>的边可以表示为一个二元组(u,v)，有时也将边称为<span class=""hit"">顶点</span>的偶对。边可以是<span class=""hit"">无向边</span>（不限定方向）或<span class=""hit"">有向边</span>（限定方向，又称弧）。</div><div class=""ansbox"">挖空答案：<b>顶点、无向边、有向边</b></div><div class=""pg"">教材页码：P208</div>"	图结构 识记 图的基本概念与基本操作 13003数据结构与算法
"<div class=""top""><span class=""chip c1"">章节：图结构</span><span class=""chip c2"">识记</span><span class=""chip c3"">图的基本概念与基本操作</span></div><h1>顶点</h1><div class=""q"">顶点是图的基本构成元素，图由顶点和边组成。<span class=""blank"">______</span>V是一个有限非空<span class=""blank"">______</span>。图中两个顶点之间允许有边连接，顶点可以带有标号以标识其名称。</div>"	"<div class=""top""><span class=""chip c1"">章节：图结构</span><span class=""chip c2"">识记</span><span class=""chip c3"">图的基本概念与基本操作</span></div><h1>顶点</h1><div class=""a"">顶点是图的基本构成元素，图由顶点和边组成。<span class=""hit"">顶点集</span>V是一个有限非空<span class=""hit"">集合</span>。图中两个顶点之间允许有边连接，顶点可以带有标号以标识其名称。</div><div class=""ansbox"">挖空答案：<b>顶点集、集合</b></div><div class=""pg"">教材页码：P207</div>"	图结构 识记 图的基本概念与基本操作 13003数据结构与算法
"<div class=""top""><span class=""chip c1"">章节：图结构</span><span class=""chip c2"">识记</span><span class=""chip c3"">图的基本概念与基本操作</span></div><h1>边集</h1><div class=""q"">E表示边集，E中的每条边都是V中某一对<span class=""blank"">______</span>的连接。在图G=(V,E)中，边的总数记为|E|。边集可以是<span class=""blank"">______</span>的集合或<span class=""blank"">______</span>（弧）的集合。</div>"	"<div class=""top""><span class=""chip c1"">章节：图结构</span><span class=""chip c2"">识记</span><span class=""chip c3"">图的基本概念与基本操作</span></div><h1>边集</h1><div class=""a"">E表示边集，E中的每条边都是V中某一对<span class=""hit"">顶点</span>的连接。在图G=(V,E)中，边的总数记为|E|。边集可以是<span class=""hit"">无向边</span>的集合或<span class=""hit"">有向边</span>（弧）的集合。</div><div class=""ansbox"">挖空答案：<b>顶点、无向边、有向边</b></div><div class=""pg"">教材页码：P208</div>"	图结构 识记 图的基本概念与基本操作 13003数据结构与算法
"<div class=""top""><span class=""chip c1"">章节：图结构</span><span class=""chip c2"">识记</span><span class=""chip c3"">图的基本概念与基本操作</span></div><h1>顶点集</h1><div class=""q"">V表示顶点集，是一个有限非空<span class=""blank"">______</span>。在图G=(V,E)中，顶点的总数记为|V|。顶点集包含图中的所有顶点，可以用<span class=""blank"">______</span>保存各顶点信息。</div>"	"<div class=""top""><span class=""chip c1"">章节：图结构</span><span class=""chip c2"">识记</span><span class=""chip c3"">图的基本概念与基本操作</span></div><h1>顶点集</h1><div class=""a"">V表示顶点集，是一个有限非空<span class=""hit"">集合</span>。在图G=(V,E)中，顶点的总数记为|V|。顶点集包含图中的所有顶点，可以用<span class=""hit"">一维数组</span>保存各顶点信息。</div><div class=""ansbox"">挖空答案：<b>集合、一维数组</b></div><div class=""pg"">教材页码：P207</div>"	图结构 识记 图的基本概念与基本操作 13003数据结构与算法
"<div class=""top""><span class=""chip c1"">章节：图结构</span><span class=""chip c2"">识记</span><span class=""chip c3"">图的基本概念与基本操作</span></div><h1>稀疏图</h1><div class=""q"">如果图中边的数目较少（相对于<span class=""blank"">______</span>数来说），则图称为稀疏图。当图中边数的数量级不高于顶点数的数量级时，就可以认为图是稀疏图。稀疏图适合用<span class=""blank"">______</span>存储。</div>"	"<div class=""top""><span class=""chip c1"">章节：图结构</span><span class=""chip c2"">识记</span><span class=""chip c3"">图的基本概念与基本操作</span></div><h1>稀疏图</h1><div class=""a"">如果图中边的数目较少（相对于<span class=""hit"">顶点</span>数来说），则图称为稀疏图。当图中边数的数量级不高于<span class=""hit"">顶点</span>数的数量级时，就可以认为图是稀疏图。稀疏图适合用<span class=""hit"">邻接表</span>存储。</div><div class=""ansbox"">挖空答案：<b>顶点、邻接表</b></div><div class=""pg"">教材页码：P208</div>"	图结构 识记 图的基本概念与基本操作 13003数据结构与算法
"<div class=""top""><span class=""chip c1"">章节：图结构</span><span class=""chip c2"">识记</span><span class=""chip c3"">图的基本概念与基本操作</span></div><h1>密集图</h1><div class=""q"">边数较多的图称为密集图或稠密图。至于边数多到多少是密集图并没有严格的界定。稠密图适合使用<span class=""blank"">______</span>求<span class=""blank"">______</span>，其<span class=""blank"">______</span>不会造成过多空间浪费。</div>"	"<div class=""top""><span class=""chip c1"">章节：图结构</span><span class=""chip c2"">识记</span><span class=""chip c3"">图的基本概念与基本操作</span></div><h1>密集图</h1><div class=""a"">边数较多的图称为密集图或稠密图。至于边数多到多少是密集图并没有严格的界定。稠密图适合使用<span class=""hit"">普里姆算法</span>求<span class=""hit"">最小生成树</span>，其<span class=""hit"">邻接矩阵</span>不会造成过多空间浪费。</div><div class=""ansbox"">挖空答案：<b>普里姆算法、最小生成树、邻接矩阵</b></div><div class=""pg"">教材页码：P208</div>"	图结构 识记 图的基本概念与基本操作 13003数据结构与算法
"<div class=""top""><span class=""chip c1"">章节：图结构</span><span class=""chip c2"">识记</span><span class=""chip c3"">图的基本概念与基本操作</span></div><h1>有向边</h1><div class=""q"">当图中的边限定为从一个<span class=""blank"">______</span>指向另一个顶点时，称为有向边，或称为弧（<span class=""blank"">______</span>）。组成有向边的顶点二元组是有序的，有向边(u,v)表示从顶点u指向顶点v的边。</div>"	"<div class=""top""><span class=""chip c1"">章节：图结构</span><span class=""chip c2"">识记</span><span class=""chip c3"">图的基本概念与基本操作</span></div><h1>有向边</h1><div class=""a"">当图中的边限定为从一个<span class=""hit"">顶点</span>指向另一个<span class=""hit"">顶点</span>时，称为有向边，或称为弧（<span class=""hit"">arc</span>）。组成有向边的<span class=""hit"">顶点</span>二元组是有序的，有向边(u,v)表示从<span class=""hit"">顶点</span>u指向<span class=""hit"">顶点</span>v的边。</div><div class=""ansbox"">挖空答案：<b>顶点、arc</b></div><div class=""pg"">教材页码：P208</div>"	图结构 识记 图的基本概念与基本操作 13003数据结构与算法
"<div class=""top""><span class=""chip c1"">章节：图结构</span><span class=""chip c2"">识记</span><span class=""chip c3"">图的基本概念与基本操作</span></div><h1>弧头</h1><div class=""q"">对于<span class=""blank"">______</span>(u,v)，v称为弧头（<span class=""blank"">______</span>），即箭头指向的<span class=""blank"">______</span>。有向边的弧头是有向边所指向的那个顶点。</div>"	"<div class=""top""><span class=""chip c1"">章节：图结构</span><span class=""chip c2"">识记</span><span class=""chip c3"">图的基本概念与基本操作</span></div><h1>弧头</h1><div class=""a"">对于<span class=""hit"">有向边</span>(u,v)，v称为弧头（<span class=""hit"">head</span>），即箭头指向的<span class=""hit"">顶点</span>。<span class=""hit"">有向边</span>的弧头是<span class=""hit"">有向边</span>所指向的那个<span class=""hit"">顶点</span>。</div><div class=""ansbox"">挖空答案：<b>有向边、head、顶点</b></div><div class=""pg"">教材页码：P208</div>"	图结构 识记 图的基本概念与基本操作 13003数据结构与算法
"<div class=""top""><span class=""chip c1"">章节：图结构</span><span class=""chip c2"">识记</span><span class=""chip c3"">图的基本概念与基本操作</span></div><h1>弧尾</h1><div class=""q"">对于<span class=""blank"">______</span>(u,v)，u称为弧尾（<span class=""blank"">______</span>），即箭头出发的顶点。有向边的弧尾是有向边的起点，有向边从弧尾指向弧头。在<span class=""blank"">______</span>中，以某顶点为弧尾的弧称为该顶点的出边。</div>"	"<div class=""top""><span class=""chip c1"">章节：图结构</span><span class=""chip c2"">识记</span><span class=""chip c3"">图的基本概念与基本操作</span></div><h1>弧尾</h1><div class=""a"">对于<span class=""hit"">有向边</span>(u,v)，u称为弧尾（<span class=""hit"">tail</span>），即箭头出发的顶点。<span class=""hit"">有向边</span>的弧尾是<span class=""hit"">有向边</span>的起点，<span class=""hit"">有向边</span>从弧尾指向弧头。在<span class=""hit"">有向图</span>中，以某顶点为弧尾的弧称为该顶点的出边。</div><div class=""ansbox"">挖空答案：<b>有向边、tail、有向图</b></div><div class=""pg"">教材页码：P208</div>"	图结构 识记 图的基本概念与基本操作 13003数据结构与算法
"<div class=""top""><span class=""chip c1"">章节：图结构</span><span class=""chip c2"">识记</span><span class=""chip c3"">图的基本概念与基本操作</span></div><h1>无向边</h1><div class=""q"">不限定方向的边称为无向边。实际上，一条无向边可以看成两条方向相反的<span class=""blank"">______</span>。组成无向边的<span class=""blank"">______</span>二元组是无序的，(u,v)与(v,u)等价。</div>"	"<div class=""top""><span class=""chip c1"">章节：图结构</span><span class=""chip c2"">识记</span><span class=""chip c3"">图的基本概念与基本操作</span></div><h1>无向边</h1><div class=""a"">不限定方向的边称为无向边。实际上，一条无向边可以看成两条方向相反的<span class=""hit"">有向边</span>。组成无向边的<span class=""hit"">顶点</span>二元组是无序的，(u,v)与(v,u)等价。</div><div class=""ansbox"">挖空答案：<b>有向边、顶点</b></div><div class=""pg"">教材页码：P208</div>"	图结构 识记 图的基本概念与基本操作 13003数据结构与算法
"<div class=""top""><span class=""chip c1"">章节：图结构</span><span class=""chip c2"">识记</span><span class=""chip c3"">图的基本概念与基本操作</span></div><h1>有向图</h1><div class=""q"">含有<span class=""blank"">______</span>的图称为有向图（<span class=""blank"">______</span>）。如果一个图中既含有有向边又含有<span class=""blank"">______</span>，可以将无向边表示为一对方向相反的有向边。提到有向图，则表明其中所含的边全部都是有向边。</div>"	"<div class=""top""><span class=""chip c1"">章节：图结构</span><span class=""chip c2"">识记</span><span class=""chip c3"">图的基本概念与基本操作</span></div><h1>有向图</h1><div class=""a"">含有<span class=""hit"">有向边</span>的图称为有向图（<span class=""hit"">directed graph</span>）。如果一个图中既含有<span class=""hit"">有向边</span>又含有<span class=""hit"">无向边</span>，可以将<span class=""hit"">无向边</span>表示为一对方向相反的<span class=""hit"">有向边</span>。提到有向图，则表明其中所含的边全部都是<span class=""hit"">有向边</span>。</div><div class=""ansbox"">挖空答案：<b>有向边、directed graph、无向边</b></div><div class=""pg"">教材页码：P208</div>"	图结构 识记 图的基本概念与基本操作 13003数据结构与算法
"<div class=""top""><span class=""chip c1"">章节：图结构</span><span class=""chip c2"">识记</span><span class=""chip c3"">图的基本概念与基本操作</span></div><h1>无向图</h1><div class=""q"">如果图中的边都是<span class=""blank"">______</span>，则图称为无向图（<span class=""blank"">______</span>）。无向图中边没有方向性，<span class=""blank"">______</span>是对称矩阵。</div>"	"<div class=""top""><span class=""chip c1"">章节：图结构</span><span class=""chip c2"">识记</span><span class=""chip c3"">图的基本概念与基本操作</span></div><h1>无向图</h1><div class=""a"">如果图中的边都是<span class=""hit"">无向边</span>，则图称为无向图（<span class=""hit"">undirected graph</span>）。无向图中边没有方向性，<span class=""hit"">邻接矩阵</span>是对称矩阵。</div><div class=""ansbox"">挖空答案：<b>无向边、undirected graph、邻接矩阵</b></div><div class=""pg"">教材页码：P208</div>"	图结构 识记 图的基本概念与基本操作 13003数据结构与算法
"<div class=""top""><span class=""chip c1"">章节：图结构</span><span class=""chip c2"">识记</span><span class=""chip c3"">图的基本概念与基本操作</span></div><h1>带权图</h1><div class=""q"">在有些应用中，给边赋予一个非负的数值，这个非负数值称为<span class=""blank"">______</span>，相应的图称为带权图（<span class=""blank"">______</span>）或加权图，有些教材称之为网（<span class=""blank"">______</span>）。权值可以根据需要自行定义其代表的意义。</div>"	"<div class=""top""><span class=""chip c1"">章节：图结构</span><span class=""chip c2"">识记</span><span class=""chip c3"">图的基本概念与基本操作</span></div><h1>带权图</h1><div class=""a"">在有些应用中，给边赋予一个非负的数值，这个非负数值称为<span class=""hit"">边的权</span>，相应的图称为带权图（<span class=""hit"">weighted graph</span>）或加权图，有些教材称之为网（<span class=""hit"">network</span>）。权值可以根据需要自行定义其代表的意义。</div><div class=""ansbox"">挖空答案：<b>边的权、weighted graph、network</b></div><div class=""pg"">教材页码：P208</div>"	图结构 识记 图的基本概念与基本操作 13003数据结构与算法
"<div class=""top""><span class=""chip c1"">章节：图结构</span><span class=""chip c2"">识记</span><span class=""chip c3"">图的基本概念与基本操作</span></div><h1>邻接点</h1><div class=""q"">若<span class=""blank"">______</span>G中含有边(u,v)，则u和v互为邻接（<span class=""blank"">______</span>）点。对于有向图中的<span class=""blank"">______</span>(u,v)，称顶点v是顶点u的邻接点，即u邻接到v，或v邻接自u。</div>"	"<div class=""top""><span class=""chip c1"">章节：图结构</span><span class=""chip c2"">识记</span><span class=""chip c3"">图的基本概念与基本操作</span></div><h1>邻接点</h1><div class=""a"">若<span class=""hit"">无向图</span>G中含有边(u,v)，则u和v互为邻接（<span class=""hit"">adjacent</span>）点。对于有向图中的<span class=""hit"">有向边</span>(u,v)，称顶点v是顶点u的邻接点，即u邻接到v，或v邻接自u。</div><div class=""ansbox"">挖空答案：<b>无向图、adjacent、有向边</b></div><div class=""pg"">教材页码：P208</div>"	图结构 识记 图的基本概念与基本操作 13003数据结构与算法
"<div class=""top""><span class=""chip c1"">章节：图结构</span><span class=""chip c2"">识记</span><span class=""chip c3"">图的基本概念与基本操作</span></div><h1>关联</h1><div class=""q"">边(u,v)称为与顶点u和v相关联（<span class=""blank"">______</span>），也可以说边(u,v)依附于顶点u和v。在<span class=""blank"">______</span>中，与顶点v相关联的边的数目称为<span class=""blank"">______</span>。</div>"	"<div class=""top""><span class=""chip c1"">章节：图结构</span><span class=""chip c2"">识记</span><span class=""chip c3"">图的基本概念与基本操作</span></div><h1>关联</h1><div class=""a"">边(u,v)称为与顶点u和v相关联（<span class=""hit"">incident</span>），也可以说边(u,v)依附于顶点u和v。在<span class=""hit"">无向图</span>中，与顶点v相关联的边的数目称为<span class=""hit"">顶点的度</span>。</div><div class=""ansbox"">挖空答案：<b>incident、无向图、顶点的度</b></div><div class=""pg"">教材页码：P208</div>"	图结构 识记 图的基本概念与基本操作 13003数据结构与算法
"<div class=""top""><span class=""chip c1"">章节：图结构</span><span class=""chip c2"">识记</span><span class=""chip c3"">图的基本概念与基本操作</span></div><h1>边的权</h1><div class=""q"">在有些应用中，为了表明图中边的某些特性，往往给边赋予一个非负的数值，这个非负数值称为边的权（<span class=""blank"">______</span>）。<span class=""blank"">______</span>可以表示距离、成本、时间等实际意义。</div>"	"<div class=""top""><span class=""chip c1"">章节：图结构</span><span class=""chip c2"">识记</span><span class=""chip c3"">图的基本概念与基本操作</span></div><h1>边的权</h1><div class=""a"">在有些应用中，为了表明图中边的某些特性，往往给边赋予一个非负的数值，这个非负数值称为边的权（<span class=""hit"">weight</span>）。<span class=""hit"">权值</span>可以表示距离、成本、时间等实际意义。</div><div class=""ansbox"">挖空答案：<b>weight、权值</b></div><div class=""pg"">教材页码：P208</div>"	图结构 识记 图的基本概念与基本操作 13003数据结构与算法
"<div class=""top""><span class=""chip c1"">章节：图结构</span><span class=""chip c2"">识记</span><span class=""chip c3"">图的基本概念与基本操作</span></div><h1>顶点的度</h1><div class=""q"">在<span class=""blank"">______</span>中，与顶点v相关联的边的数目称为顶点的度（<span class=""blank"">______</span>）。在有向图中，顶点的度分为出度和入度，一个<span class=""blank"">______</span>与入度之和称为该顶点的度。</div>"	"<div class=""top""><span class=""chip c1"">章节：图结构</span><span class=""chip c2"">识记</span><span class=""chip c3"">图的基本概念与基本操作</span></div><h1>顶点的度</h1><div class=""a"">在<span class=""hit"">无向图</span>中，与顶点v相关联的边的数目称为顶点的度（<span class=""hit"">degree</span>）。在有向图中，顶点的度分为出度和入度，一个<span class=""hit"">顶点的出度</span>与入度之和称为该顶点的度。</div><div class=""ansbox"">挖空答案：<b>无向图、degree、顶点的出度</b></div><div class=""pg"">教材页码：P209</div>"	图结构 识记 图的基本概念与基本操作 13003数据结构与算法
"<div class=""top""><span class=""chip c1"">章节：图结构</span><span class=""chip c2"">识记</span><span class=""chip c3"">图的基本概念与基本操作</span></div><h1>顶点的入度</h1><div class=""q"">在<span class=""blank"">______</span>中，以某<span class=""blank"">______</span>为<span class=""blank"">______</span>的弧称为该顶点的入边，入边的数目称为该顶点的入度。所有顶点的入度之和等于图中所含的边数。</div>"	"<div class=""top""><span class=""chip c1"">章节：图结构</span><span class=""chip c2"">识记</span><span class=""chip c3"">图的基本概念与基本操作</span></div><h1>顶点的入度</h1><div class=""a"">在<span class=""hit"">有向图</span>中，以某<span class=""hit"">顶点</span>为<span class=""hit"">弧头</span>的弧称为该<span class=""hit"">顶点</span>的入边，入边的数目称为该<span class=""hit"">顶点</span>的入度。所有<span class=""hit"">顶点</span>的入度之和等于图中所含的边数。</div><div class=""ansbox"">挖空答案：<b>有向图、顶点、弧头</b></div><div class=""pg"">教材页码：P209</div>"	图结构 识记 图的基本概念与基本操作 13003数据结构与算法
"<div class=""top""><span class=""chip c1"">章节：图结构</span><span class=""chip c2"">识记</span><span class=""chip c3"">图的基本概念与基本操作</span></div><h1>顶点的出度</h1><div class=""q"">在<span class=""blank"">______</span>中，以某<span class=""blank"">______</span>为<span class=""blank"">______</span>的弧称为该顶点的出边，出边的数目称为该顶点的出度。所有顶点的出度之和等于图中所含的边数。</div>"	"<div class=""top""><span class=""chip c1"">章节：图结构</span><span class=""chip c2"">识记</span><span class=""chip c3"">图的基本概念与基本操作</span></div><h1>顶点的出度</h1><div class=""a"">在<span class=""hit"">有向图</span>中，以某<span class=""hit"">顶点</span>为<span class=""hit"">弧尾</span>的弧称为该<span class=""hit"">顶点</span>的出边，出边的数目称为该<span class=""hit"">顶点</span>的出度。所有<span class=""hit"">顶点</span>的出度之和等于图中所含的边数。</div><div class=""ansbox"">挖空答案：<b>有向图、顶点、弧尾</b></div><div class=""pg"">教材页码：P209</div>"	图结构 识记 图的基本概念与基本操作 13003数据结构与算法
"<div class=""top""><span class=""chip c1"">章节：图结构</span><span class=""chip c2"">识记</span><span class=""chip c3"">图的基本概念与基本操作</span></div><h1>完全图</h1><div class=""q"">在有几个顶点的<span class=""blank"">______</span>中，边数最多可达n(n-1)/2；有向图中边数最多为n(n-1)。包含所有可能边的图称为完全图（<span class=""blank"">______</span>）。在完全图中，各<span class=""blank"">______</span>均达到最大。</div>"	"<div class=""top""><span class=""chip c1"">章节：图结构</span><span class=""chip c2"">识记</span><span class=""chip c3"">图的基本概念与基本操作</span></div><h1>完全图</h1><div class=""a"">在有几个顶点的<span class=""hit"">无向图</span>中，边数最多可达n(n-1)/2；有向图中边数最多为n(n-1)。包含所有可能边的图称为完全图（<span class=""hit"">complete graph</span>）。在完全图中，各<span class=""hit"">顶点的度</span>均达到最大。</div><div class=""ansbox"">挖空答案：<b>无向图、complete graph、顶点的度</b></div><div class=""pg"">教材页码：P209</div>"	图结构 识记 图的基本概念与基本操作 13003数据结构与算法
"<div class=""top""><span class=""chip c1"">章节：图结构</span><span class=""chip c2"">识记</span><span class=""chip c3"">图的基本概念与基本操作</span></div><h1>路径</h1><div class=""q"">在图G=(V,E)中，如果(v0,v1),(v1,v2),...,(vm-2,vm-1)都是E中的边，则<span class=""blank"">______</span>序列(v0,v1,...,vm-1)称为从顶点v0到顶点vm-1的路径（<span class=""blank"">______</span>）。</div>"	"<div class=""top""><span class=""chip c1"">章节：图结构</span><span class=""chip c2"">识记</span><span class=""chip c3"">图的基本概念与基本操作</span></div><h1>路径</h1><div class=""a"">在图G=(V,E)中，如果(v0,v1),(v1,v2),...,(vm-2,vm-1)都是E中的边，则<span class=""hit"">顶点</span>序列(v0,v1,...,vm-1)称为从<span class=""hit"">顶点</span>v0到<span class=""hit"">顶点</span>vm-1的路径（<span class=""hit"">path</span>）。</div><div class=""ansbox"">挖空答案：<b>顶点、path</b></div><div class=""pg"">教材页码：P210</div>"	图结构 识记 图的基本概念与基本操作 13003数据结构与算法
"<div class=""top""><span class=""chip c1"">章节：图结构</span><span class=""chip c2"">识记</span><span class=""chip c3"">图的基本概念与基本操作</span></div><h1>有向路径</h1><div class=""q"">若图G是<span class=""blank"">______</span>，则<span class=""blank"">______</span>也要求是有向的，且<span class=""blank"">______</span>必须是方向一致的，即有向路径(v0,v1,...,vm-1)是由E中的弧(v0,v1),(v1,v2),...,(vm-2,vm-1)组成的。</div>"	"<div class=""top""><span class=""chip c1"">章节：图结构</span><span class=""chip c2"">识记</span><span class=""chip c3"">图的基本概念与基本操作</span></div><h1>有向路径</h1><div class=""a"">若图G是<span class=""hit"">有向图</span>，则<span class=""hit"">路径</span>也要求是有向的，且<span class=""hit"">有向边</span>必须是方向一致的，即有向<span class=""hit"">路径</span>(v0,v1,...,vm-1)是由E中的弧(v0,v1),(v1,v2),...,(vm-2,vm-1)组成的。</div><div class=""ansbox"">挖空答案：<b>有向图、路径、有向边</b></div><div class=""pg"">教材页码：P210</div>"	图结构 识记 图的基本概念与基本操作 13003数据结构与算法
"<div class=""top""><span class=""chip c1"">章节：图结构</span><span class=""chip c2"">识记</span><span class=""chip c3"">图的基本概念与基本操作</span></div><h1>简单路径</h1><div class=""q"">路径(v0,v1,...,vm-1)中包含的边或弧的数目m称为<span class=""blank"">______</span>。如果路径上各<span class=""blank"">______</span>均不同，则称此路径为简单路径（<span class=""blank"">______</span>）。</div>"	"<div class=""top""><span class=""chip c1"">章节：图结构</span><span class=""chip c2"">识记</span><span class=""chip c3"">图的基本概念与基本操作</span></div><h1>简单路径</h1><div class=""a"">路径(v0,v1,...,vm-1)中包含的边或弧的数目m称为<span class=""hit"">路径长度</span>。如果路径上各<span class=""hit"">顶点</span>均不同，则称此路径为简单路径（<span class=""hit"">simple path</span>）。</div><div class=""ansbox"">挖空答案：<b>路径长度、顶点、simple path</b></div><div class=""pg"">教材页码：P210</div>"	图结构 识记 图的基本概念与基本操作 13003数据结构与算法
"<div class=""top""><span class=""chip c1"">章节：图结构</span><span class=""chip c2"">识记</span><span class=""chip c3"">图的基本概念与基本操作</span></div><h1>回路</h1><div class=""q"">第一个顶点和最后一个顶点相同的路径称为回路（<span class=""blank"">______</span>），也称为环。不带回路的图称为无环图，不带回路的有向图称为<span class=""blank"">______</span>（DAG）。回路是图中重要的概念，<span class=""blank"">______</span>的前提就是有向图中不存在回路。</div>"	"<div class=""top""><span class=""chip c1"">章节：图结构</span><span class=""chip c2"">识记</span><span class=""chip c3"">图的基本概念与基本操作</span></div><h1>回路</h1><div class=""a"">第一个顶点和最后一个顶点相同的路径称为回路（<span class=""hit"">cycle</span>），也称为环。不带回路的图称为无环图，不带回路的有向图称为<span class=""hit"">有向无环图</span>（DAG）。回路是图中重要的概念，<span class=""hit"">拓扑排序</span>的前提就是有向图中不存在回路。</div><div class=""ansbox"">挖空答案：<b>cycle、有向无环图、拓扑排序</b></div><div class=""pg"">教材页码：P210</div>"	图结构 识记 图的基本概念与基本操作 13003数据结构与算法
"<div class=""top""><span class=""chip c1"">章节：图结构</span><span class=""chip c2"">识记</span><span class=""chip c3"">图的基本概念与基本操作</span></div><h1>简单回路</h1><div class=""q"">如果一个<span class=""blank"">______</span>中除第一个<span class=""blank"">______</span>和最后一个顶点以外，其余顶点均不相同，则称为简单回路（<span class=""blank"">______</span>）或简单环。</div>"	"<div class=""top""><span class=""chip c1"">章节：图结构</span><span class=""chip c2"">识记</span><span class=""chip c3"">图的基本概念与基本操作</span></div><h1>简单回路</h1><div class=""a"">如果一个<span class=""hit"">回路</span>中除第一个<span class=""hit"">顶点</span>和最后一个<span class=""hit"">顶点</span>以外，其余<span class=""hit"">顶点</span>均不相同，则称为简单<span class=""hit"">回路</span>（<span class=""hit"">simple cycle</span>）或简单环。</div><div class=""ansbox"">挖空答案：<b>回路、顶点、simple cycle</b></div><div class=""pg"">教材页码：P210</div>"	图结构 识记 图的基本概念与基本操作 13003数据结构与算法
"<div class=""top""><span class=""chip c1"">章节：图结构</span><span class=""chip c2"">识记</span><span class=""chip c3"">图的基本概念与基本操作</span></div><h1>路径长度</h1><div class=""q""><span class=""blank"">______</span>(v0,v1,...,vm-1)中包含的边或弧的数目m称为路径长度。在<span class=""blank"">______</span>中，路径长度定义为路径上各边<span class=""blank"">______</span>之和。</div>"	"<div class=""top""><span class=""chip c1"">章节：图结构</span><span class=""chip c2"">识记</span><span class=""chip c3"">图的基本概念与基本操作</span></div><h1>路径长度</h1><div class=""a""><span class=""hit"">路径</span>(v0,v1,...,vm-1)中包含的边或弧的数目m称为<span class=""hit"">路径</span>长度。在<span class=""hit"">带权图</span>中，<span class=""hit"">路径</span>长度定义为<span class=""hit"">路径</span>上各边<span class=""hit"">权值</span>之和。</div><div class=""ansbox"">挖空答案：<b>路径、带权图、权值</b></div><div class=""pg"">教材页码：P210</div>"	图结构 识记 图的基本概念与基本操作 13003数据结构与算法
"<div class=""top""><span class=""chip c1"">章节：图结构</span><span class=""chip c2"">识记</span><span class=""chip c3"">图的基本概念与基本操作</span></div><h1>有向无环图</h1><div class=""q"">不带回路的<span class=""blank"">______</span>称为有向无环图（Directed Acyclic Graph，DAG）。有向无环图可用来表示有先后关系的事件集合，其两个重要应用是<span class=""blank"">______</span>和<span class=""blank"">______</span>。</div>"	"<div class=""top""><span class=""chip c1"">章节：图结构</span><span class=""chip c2"">识记</span><span class=""chip c3"">图的基本概念与基本操作</span></div><h1>有向无环图</h1><div class=""a"">不带回路的<span class=""hit"">有向图</span>称为有向无环图（Directed Acyclic Graph，DAG）。有向无环图可用来表示有先后关系的事件集合，其两个重要应用是<span class=""hit"">拓扑排序</span>和<span class=""hit"">关键路径</span>。</div><div class=""ansbox"">挖空答案：<b>有向图、拓扑排序、关键路径</b></div><div class=""pg"">教材页码：P210</div>"	图结构 识记 图的基本概念与基本操作 13003数据结构与算法
"<div class=""top""><span class=""chip c1"">章节：图结构</span><span class=""chip c2"">识记</span><span class=""chip c3"">图的基本概念与基本操作</span></div><h1>连通图</h1><div class=""q"">对于<span class=""blank"">______</span>G，如果<span class=""blank"">______</span>u和顶点v之间有路径，则称这两个顶点是连通的；如果无向图G中任意一个顶点到其他任意顶点都至少存在一条路径，则称图G为连通图（<span class=""blank"">______</span>）。</div>"	"<div class=""top""><span class=""chip c1"">章节：图结构</span><span class=""chip c2"">识记</span><span class=""chip c3"">图的基本概念与基本操作</span></div><h1>连通图</h1><div class=""a"">对于<span class=""hit"">无向图</span>G，如果<span class=""hit"">顶点</span>u和<span class=""hit"">顶点</span>v之间有路径，则称这两个<span class=""hit"">顶点</span>是连通的；如果<span class=""hit"">无向图</span>G中任意一个<span class=""hit"">顶点</span>到其他任意<span class=""hit"">顶点</span>都至少存在一条路径，则称图G为连通图（<span class=""hit"">connected graph</span>）。</div><div class=""ansbox"">挖空答案：<b>无向图、顶点、connected graph</b></div><div class=""pg"">教材页码：P211</div>"	图结构 识记 图的基本概念与基本操作 13003数据结构与算法
"<div class=""top""><span class=""chip c1"">章节：图结构</span><span class=""chip c2"">识记</span><span class=""chip c3"">图的基本概念与基本操作</span></div><h1>连通分量</h1><div class=""q""><span class=""blank"">______</span>中的极大连通子图称为连通分量（<span class=""blank"">______</span>）。一个非<span class=""blank"">______</span>可以有多个连通分量，连通图的连通分量个数为1。</div>"	"<div class=""top""><span class=""chip c1"">章节：图结构</span><span class=""chip c2"">识记</span><span class=""chip c3"">图的基本概念与基本操作</span></div><h1>连通分量</h1><div class=""a""><span class=""hit"">无向图</span>中的极大连通子图称为连通分量（<span class=""hit"">connected component</span>）。一个非<span class=""hit"">连通图</span>可以有多个连通分量，<span class=""hit"">连通图</span>的连通分量个数为1。</div><div class=""ansbox"">挖空答案：<b>无向图、connected component、连通图</b></div><div class=""pg"">教材页码：P211</div>"	图结构 识记 图的基本概念与基本操作 13003数据结构与算法
"<div class=""top""><span class=""chip c1"">章节：图结构</span><span class=""chip c2"">识记</span><span class=""chip c3"">图的基本概念与基本操作</span></div><h1>强连通图</h1><div class=""q"">在<span class=""blank"">______</span>G中，如果每对顶点u与v之间均有从u到v的<span class=""blank"">______</span>，则称G为强连通图（strongly connected graph）。有向图的最大强连通子图称为<span class=""blank"">______</span>。</div>"	"<div class=""top""><span class=""chip c1"">章节：图结构</span><span class=""chip c2"">识记</span><span class=""chip c3"">图的基本概念与基本操作</span></div><h1>强连通图</h1><div class=""a"">在<span class=""hit"">有向图</span>G中，如果每对顶点u与v之间均有从u到v的<span class=""hit"">有向路径</span>，则称G为强连通图（strongly connected graph）。<span class=""hit"">有向图</span>的最大强连通子图称为<span class=""hit"">强连通分量</span>。</div><div class=""ansbox"">挖空答案：<b>有向图、有向路径、强连通分量</b></div><div class=""pg"">教材页码：P211</div>"	图结构 识记 图的基本概念与基本操作 13003数据结构与算法
"<div class=""top""><span class=""chip c1"">章节：图结构</span><span class=""chip c2"">识记</span><span class=""chip c3"">图的基本概念与基本操作</span></div><h1>弱连通图</h1><div class=""q"">如果对于<span class=""blank"">______</span>中每对<span class=""blank"">______</span>u和v，存在顶点序列使得(u,vi)或(vi,u)等边交替存在，则称图G为弱连通图（weakly connected graph）。弱连通图是指将有向图视为<span class=""blank"">______</span>后是连通的，但本身不是强连通的。</div>"	"<div class=""top""><span class=""chip c1"">章节：图结构</span><span class=""chip c2"">识记</span><span class=""chip c3"">图的基本概念与基本操作</span></div><h1>弱连通图</h1><div class=""a"">如果对于<span class=""hit"">有向图</span>中每对<span class=""hit"">顶点</span>u和v，存在<span class=""hit"">顶点</span>序列使得(u,vi)或(vi,u)等边交替存在，则称图G为弱连通图（weakly connected graph）。弱连通图是指将<span class=""hit"">有向图</span>视为<span class=""hit"">无向图</span>后是连通的，但本身不是强连通的。</div><div class=""ansbox"">挖空答案：<b>有向图、顶点、无向图</b></div><div class=""pg"">教材页码：P211</div>"	图结构 识记 图的基本概念与基本操作 13003数据结构与算法
"<div class=""top""><span class=""chip c1"">章节：图结构</span><span class=""chip c2"">领会</span><span class=""chip c3"">图的基本概念与基本操作</span></div><h1>顶点与边的关联性</h1><div class=""q"">边与顶点的关联性是指边依附于顶点的关系。在图中，每条边都关联两个顶点，边(u,v)与顶点u和v相关联。在<span class=""blank"">______</span>中，<span class=""blank"">______</span>数等于与其相关联的边数。理解关联性是理解<span class=""blank"">______</span>中顶点与边关系的基础。</div>"	"<div class=""top""><span class=""chip c1"">章节：图结构</span><span class=""chip c2"">领会</span><span class=""chip c3"">图的基本概念与基本操作</span></div><h1>顶点与边的关联性</h1><div class=""a"">边与顶点的关联性是指边依附于顶点的关系。在图中，每条边都关联两个顶点，边(u,v)与顶点u和v相关联。在<span class=""hit"">无向图</span>中，<span class=""hit"">顶点的度</span>数等于与其相关联的边数。理解关联性是理解<span class=""hit"">图结构</span>中顶点与边关系的基础。</div><div class=""ansbox"">挖空答案：<b>无向图、顶点的度、图结构</b></div><div class=""pg"">教材页码：P208</div>"	图结构 领会 图的基本概念与基本操作 13003数据结构与算法
"<div class=""top""><span class=""chip c1"">章节：图结构</span><span class=""chip c2"">领会</span><span class=""chip c3"">图的基本概念与基本操作</span></div><h1>邻接的含义</h1><div class=""q"">邻接是指两个顶点之间有边相连的关系。若<span class=""blank"">______</span>中有边(u,v)，则u和v互为<span class=""blank"">______</span>。对于有向图，<span class=""blank"">______</span>(u,v)表示u邻接到v或v邻接自u。邻接关系反映了顶点之间的直接联系。</div>"	"<div class=""top""><span class=""chip c1"">章节：图结构</span><span class=""chip c2"">领会</span><span class=""chip c3"">图的基本概念与基本操作</span></div><h1>邻接的含义</h1><div class=""a"">邻接是指两个顶点之间有边相连的关系。若<span class=""hit"">无向图</span>中有边(u,v)，则u和v互为<span class=""hit"">邻接点</span>。对于有向图，<span class=""hit"">有向边</span>(u,v)表示u邻接到v或v邻接自u。邻接关系反映了顶点之间的直接联系。</div><div class=""ansbox"">挖空答案：<b>无向图、邻接点、有向边</b></div><div class=""pg"">教材页码：P208</div>"	图结构 领会 图的基本概念与基本操作 13003数据结构与算法
"<div class=""top""><span class=""chip c1"">章节：图结构</span><span class=""chip c2"">领会</span><span class=""chip c3"">图的基本概念与基本操作</span></div><h1>边与顶点的度的关系</h1><div class=""q""><span class=""blank"">______</span>中所有顶点度数之和等于边数的两倍，即Σdeg(vi)=2e。<span class=""blank"">______</span>中所有<span class=""blank"">______</span>之和等于入度之和，并且等于图中所含的边数。这一关系可用于验证图中顶点度数与边数的对应关系。</div>"	"<div class=""top""><span class=""chip c1"">章节：图结构</span><span class=""chip c2"">领会</span><span class=""chip c3"">图的基本概念与基本操作</span></div><h1>边与顶点的度的关系</h1><div class=""a""><span class=""hit"">无向图</span>中所有顶点度数之和等于边数的两倍，即Σdeg(vi)=2e。<span class=""hit"">有向图</span>中所有<span class=""hit"">顶点的出度</span>之和等于入度之和，并且等于图中所含的边数。这一关系可用于验证图中顶点度数与边数的对应关系。</div><div class=""ansbox"">挖空答案：<b>无向图、有向图、顶点的出度</b></div><div class=""pg"">教材页码：P209</div>"	图结构 领会 图的基本概念与基本操作 13003数据结构与算法
"<div class=""top""><span class=""chip c1"">章节：图结构</span><span class=""chip c2"">领会</span><span class=""chip c3"">图的基本概念与基本操作</span></div><h1>有向路径</h1><div class=""q"">有向路径是指在<span class=""blank"">______</span>中方向一致的路径。有向路径上的<span class=""blank"">______</span>方向必须一致，即每条弧都从前一个<span class=""blank"">______</span>指向后一个顶点。若边的方向不一致，则不能构成有向路径。</div>"	"<div class=""top""><span class=""chip c1"">章节：图结构</span><span class=""chip c2"">领会</span><span class=""chip c3"">图的基本概念与基本操作</span></div><h1>有向路径</h1><div class=""a"">有向路径是指在<span class=""hit"">有向图</span>中方向一致的路径。有向路径上的<span class=""hit"">有向边</span>方向必须一致，即每条弧都从前一个<span class=""hit"">顶点</span>指向后一个<span class=""hit"">顶点</span>。若边的方向不一致，则不能构成有向路径。</div><div class=""ansbox"">挖空答案：<b>有向图、有向边、顶点</b></div><div class=""pg"">教材页码：P210</div>"	图结构 领会 图的基本概念与基本操作 13003数据结构与算法
"<div class=""top""><span class=""chip c1"">章节：图结构</span><span class=""chip c2"">简单应用</span><span class=""chip c3"">图的基本概念与基本操作</span></div><h1>与图的特性相关的简单应用</h1><div class=""q"">利用<span class=""blank"">______</span>可以解决<span class=""blank"">______</span>问题，如根据顶点数和边数判断图的性质、计算<span class=""blank"">______</span>个数等。例如：设无向图G含有10个顶点和6条边，则G中连通分量的个数最多可能是7个（4个顶点组成完全图，其余6个为孤立顶点），最少为1个。</div>"	"<div class=""top""><span class=""chip c1"">章节：图结构</span><span class=""chip c2"">简单应用</span><span class=""chip c3"">图的基本概念与基本操作</span></div><h1>与图的特性相关的简单应用</h1><div class=""a"">利用<span class=""hit"">图的基本概念</span>可以解决<span class=""hit"">简单应用</span>问题，如根据顶点数和边数判断图的性质、计算<span class=""hit"">连通分量</span>个数等。例如：设无向图G含有10个顶点和6条边，则G中<span class=""hit"">连通分量</span>的个数最多可能是7个（4个顶点组成完全图，其余6个为孤立顶点），最少为1个。</div><div class=""ansbox"">挖空答案：<b>图的基本概念、简单应用、连通分量</b></div><div class=""pg"">教材页码：P211</div>"	图结构 简单应用 图的基本概念与基本操作 13003数据结构与算法
"<div class=""top""><span class=""chip c1"">章节：图结构</span><span class=""chip c2"">识记</span><span class=""chip c3"">图的存储结构及基本操作的实现</span></div><h1>邻接矩阵</h1><div class=""q""><span class=""blank"">______</span>（<span class=""blank"">______</span>）是一个n阶矩阵，矩阵元素表示图中各顶点之间的邻接关系。如果从vi到vj存在一条边，则邻接矩阵中i行j列的元素值为1（或<span class=""blank"">______</span>），否则值为0（或∞）。邻接矩阵的存储空间为O(n²)。</div>"	"<div class=""top""><span class=""chip c1"">章节：图结构</span><span class=""chip c2"">识记</span><span class=""chip c3"">图的存储结构及基本操作的实现</span></div><h1>邻接矩阵</h1><div class=""a""><span class=""hit"">图的邻接矩阵</span>（<span class=""hit"">adjacency matrix</span>）是一个n阶矩阵，矩阵元素表示图中各顶点之间的邻接关系。如果从vi到vj存在一条边，则邻接矩阵中i行j列的元素值为1（或<span class=""hit"">权值</span>），否则值为0（或∞）。邻接矩阵的存储空间为O(n²)。</div><div class=""ansbox"">挖空答案：<b>图的邻接矩阵、adjacency matrix、权值</b></div><div class=""pg"">教材页码：P212</div>"	图结构 识记 图的存储结构及基本操作的实现 13003数据结构与算法
"<div class=""top""><span class=""chip c1"">章节：图结构</span><span class=""chip c2"">识记</span><span class=""chip c3"">图的存储结构及基本操作的实现</span></div><h1>邻接表</h1><div class=""q"">邻接表（<span class=""blank"">______</span>）是图的链式存储表示方法，它使用单链表存储图中顶点的邻接点，每个顶点的所有邻接点存储在一个单链表中。使用一个数组保存这些单链表的表头。邻接表由一个<span class=""blank"">______</span>和n个链表组成，<span class=""blank"">______</span>为O(n+e)。</div>"	"<div class=""top""><span class=""chip c1"">章节：图结构</span><span class=""chip c2"">识记</span><span class=""chip c3"">图的存储结构及基本操作的实现</span></div><h1>邻接表</h1><div class=""a"">邻接表（<span class=""hit"">adjacency list</span>）是图的链式存储表示方法，它使用单链表存储图中顶点的邻接点，每个顶点的所有邻接点存储在一个单链表中。使用一个数组保存这些单链表的表头。邻接表由一个<span class=""hit"">一维数组</span>和n个链表组成，<span class=""hit"">空间复杂度</span>为O(n+e)。</div><div class=""ansbox"">挖空答案：<b>adjacency list、一维数组、空间复杂度</b></div><div class=""pg"">教材页码：P213</div>"	图结构 识记 图的存储结构及基本操作的实现 13003数据结构与算法
"<div class=""top""><span class=""chip c1"">章节：图结构</span><span class=""chip c2"">识记</span><span class=""chip c3"">图的存储结构及基本操作的实现</span></div><h1>逆邻接表</h1><div class=""q"">对于<span class=""blank"">______</span>，如果将所有有向弧的方向转向，则得到的新图的<span class=""blank"">______</span>称为原图的逆邻接表。使用逆邻接表求顶点入度的过程类似于在邻接表中求<span class=""blank"">______</span>，非常方便。</div>"	"<div class=""top""><span class=""chip c1"">章节：图结构</span><span class=""chip c2"">识记</span><span class=""chip c3"">图的存储结构及基本操作的实现</span></div><h1>逆邻接表</h1><div class=""a"">对于<span class=""hit"">有向图</span>，如果将所有有向弧的方向转向，则得到的新图的<span class=""hit"">邻接表</span>称为原图的逆<span class=""hit"">邻接表</span>。使用逆<span class=""hit"">邻接表</span>求顶点入度的过程类似于在<span class=""hit"">邻接表</span>中求<span class=""hit"">出度</span>，非常方便。</div><div class=""ansbox"">挖空答案：<b>有向图、邻接表、出度</b></div><div class=""pg"">教材页码：P214</div>"	图结构 识记 图的存储结构及基本操作的实现 13003数据结构与算法
"<div class=""top""><span class=""chip c1"">章节：图结构</span><span class=""chip c2"">识记</span><span class=""chip c3"">图的存储结构及基本操作的实现</span></div><h1>表结点</h1><div class=""q""><span class=""blank"">______</span>表的表结点是<span class=""blank"">______</span>中单链表的结点，每个结点都有两个域：一个是顶点域，存储邻接顶点在数组中的下标；另一个是指针域，指向下一个邻接顶点。对于<span class=""blank"">______</span>，还需增加一个权值域。</div>"	"<div class=""top""><span class=""chip c1"">章节：图结构</span><span class=""chip c2"">识记</span><span class=""chip c3"">图的存储结构及基本操作的实现</span></div><h1>表结点</h1><div class=""a""><span class=""hit"">邻接点</span>表的表结点是<span class=""hit"">邻接表</span>中单链表的结点，每个结点都有两个域：一个是顶点域，存储邻接顶点在数组中的下标；另一个是指针域，指向下一个邻接顶点。对于<span class=""hit"">带权图</span>，还需增加一个权值域。</div><div class=""ansbox"">挖空答案：<b>邻接点、邻接表、带权图</b></div><div class=""pg"">教材页码：P214</div>"	图结构 识记 图的存储结构及基本操作的实现 13003数据结构与算法
"<div class=""top""><span class=""chip c1"">章节：图结构</span><span class=""chip c2"">领会</span><span class=""chip c3"">图的存储结构及基本操作的实现</span></div><h1>邻接矩阵</h1><div class=""q"">邻接矩阵的特点：<span class=""blank"">______</span>的邻接矩阵是对称矩阵，可压缩存储为下三角（或上三角）；有向图的邻接矩阵不保证对称。利用邻接矩阵可方便判断两顶点间是否有边，也容易求得各<span class=""blank"">______</span>（无向图：行或列非零元素个数；有向图：行非零为出度，列非零为入度）。<span class=""blank"">______</span>O(n²)。</div>"	"<div class=""top""><span class=""chip c1"">章节：图结构</span><span class=""chip c2"">领会</span><span class=""chip c3"">图的存储结构及基本操作的实现</span></div><h1>邻接矩阵</h1><div class=""a"">邻接矩阵的特点：<span class=""hit"">无向图</span>的邻接矩阵是对称矩阵，可压缩存储为下三角（或上三角）；有向图的邻接矩阵不保证对称。利用邻接矩阵可方便判断两顶点间是否有边，也容易求得各<span class=""hit"">顶点的度</span>（<span class=""hit"">无向图</span>：行或列非零元素个数；有向图：行非零为出度，列非零为入度）。<span class=""hit"">空间复杂度</span>O(n²)。</div><div class=""ansbox"">挖空答案：<b>无向图、顶点的度、空间复杂度</b></div><div class=""pg"">教材页码：P212</div>"	图结构 领会 图的存储结构及基本操作的实现 13003数据结构与算法
"<div class=""top""><span class=""chip c1"">章节：图结构</span><span class=""chip c2"">领会</span><span class=""chip c3"">图的存储结构及基本操作的实现</span></div><h1>邻接表</h1><div class=""q"">邻接表由一个<span class=""blank"">______</span>（表头结点表）和n个单链表组成。无向图的邻接表中表结点总数为2e（每条边出现两次）；有向图中表结点总数为e。在邻接表中求无向图顶点的度很方便（单链表长度），求有向图<span class=""blank"">______</span>方便，但求入度需遍历所有链表。<span class=""blank"">______</span>O(n+e)。</div>"	"<div class=""top""><span class=""chip c1"">章节：图结构</span><span class=""chip c2"">领会</span><span class=""chip c3"">图的存储结构及基本操作的实现</span></div><h1>邻接表</h1><div class=""a"">邻接表由一个<span class=""hit"">一维数组</span>（表头结点表）和n个单链表组成。无向图的邻接表中表结点总数为2e（每条边出现两次）；有向图中表结点总数为e。在邻接表中求无向图顶点的度很方便（单链表长度），求有向图<span class=""hit"">顶点的出度</span>方便，但求入度需遍历所有链表。<span class=""hit"">空间复杂度</span>O(n+e)。</div><div class=""ansbox"">挖空答案：<b>一维数组、顶点的出度、空间复杂度</b></div><div class=""pg"">教材页码：P213</div>"	图结构 领会 图的存储结构及基本操作的实现 13003数据结构与算法
"<div class=""top""><span class=""chip c1"">章节：图结构</span><span class=""chip c2"">领会</span><span class=""chip c3"">图的存储结构及基本操作的实现</span></div><h1>逆邻接表与图的对应关系</h1><div class=""q""><span class=""blank"">______</span>是将<span class=""blank"">______</span>所有有向弧方向反转后得到的邻接表。在逆邻接表中，<span class=""blank"">______</span>为i的元素指向的单链表中结点的个数即为顶点vi的入度。使用逆邻接表求入度类似于在邻接表中求出度，非常方便。</div>"	"<div class=""top""><span class=""chip c1"">章节：图结构</span><span class=""chip c2"">领会</span><span class=""chip c3"">图的存储结构及基本操作的实现</span></div><h1>逆邻接表与图的对应关系</h1><div class=""a""><span class=""hit"">逆邻接表</span>是将<span class=""hit"">有向图</span>所有有向弧方向反转后得到的邻接表。在<span class=""hit"">逆邻接表</span>中，<span class=""hit"">数组下标</span>为i的元素指向的单链表中结点的个数即为顶点vi的入度。使用<span class=""hit"">逆邻接表</span>求入度类似于在邻接表中求出度，非常方便。</div><div class=""ansbox"">挖空答案：<b>逆邻接表、有向图、数组下标</b></div><div class=""pg"">教材页码：P214</div>"	图结构 领会 图的存储结构及基本操作的实现 13003数据结构与算法
"<div class=""top""><span class=""chip c1"">章节：图结构</span><span class=""chip c2"">简单应用</span><span class=""chip c3"">图的存储结构及基本操作的实现</span></div><h1>根据图的存储结构实现图的基本操作</h1><div class=""q"">在<span class=""blank"">______</span>存储结构下，可以实现图的各种<span class=""blank"">______</span>，包括创建图CreateGraph、输出图信息PrintGraph、返回边的权值GetWeight、查找第一个<span class=""blank"">______</span>FirstNeighbor、查找下一个邻接点NextNeighbor、返回顶点数getNumVertices、返回边数getNumEdges等。</div>"	"<div class=""top""><span class=""chip c1"">章节：图结构</span><span class=""chip c2"">简单应用</span><span class=""chip c3"">图的存储结构及基本操作的实现</span></div><h1>根据图的存储结构实现图的基本操作</h1><div class=""a"">在<span class=""hit"">邻接矩阵</span>存储结构下，可以实现图的各种<span class=""hit"">基本操作</span>，包括创建图CreateGraph、输出图信息PrintGraph、返回边的权值GetWeight、查找第一个<span class=""hit"">邻接点</span>FirstNeighbor、查找下一个<span class=""hit"">邻接点</span>NextNeighbor、返回顶点数getNumVertices、返回边数getNumEdges等。</div><div class=""ansbox"">挖空答案：<b>邻接矩阵、基本操作、邻接点</b></div><div class=""pg"">教材页码：P215</div>"	图结构 简单应用 图的存储结构及基本操作的实现 13003数据结构与算法
"<div class=""top""><span class=""chip c1"">章节：图结构</span><span class=""chip c2"">简单应用</span><span class=""chip c3"">图的存储结构及基本操作的实现</span></div><h1>根据邻接矩阵</h1><div class=""q"">根据邻接矩阵可以方便地获取图的基本信息：通过检查矩阵元素可判断两<span class=""blank"">______</span>间是否存在边；通过统计一行（或一列）中非零元素个数可得到<span class=""blank"">______</span>或<span class=""blank"">______</span>；通过统计矩阵中所有非零元素可得到边数。邻接矩阵适合稠密图。</div>"	"<div class=""top""><span class=""chip c1"">章节：图结构</span><span class=""chip c2"">简单应用</span><span class=""chip c3"">图的存储结构及基本操作的实现</span></div><h1>根据邻接矩阵</h1><div class=""a"">根据邻接矩阵可以方便地获取图的基本信息：通过检查矩阵元素可判断两<span class=""hit"">顶点</span>间是否存在边；通过统计一行（或一列）中非零元素个数可得到<span class=""hit"">顶点的出度</span>或<span class=""hit"">入度</span>；通过统计矩阵中所有非零元素可得到边数。邻接矩阵适合稠密图。</div><div class=""ansbox"">挖空答案：<b>顶点、顶点的出度、入度</b></div><div class=""pg"">教材页码：P216</div>"	图结构 简单应用 图的存储结构及基本操作的实现 13003数据结构与算法
"<div class=""top""><span class=""chip c1"">章节：图结构</span><span class=""chip c2"">简单应用</span><span class=""chip c3"">图的存储结构及基本操作的实现</span></div><h1>邻接表</h1><div class=""q"">根据邻接表可以获取图的基本信息：每个顶点对应的单链表长度即为该<span class=""blank"">______</span>（有向图）或度（<span class=""blank"">______</span>）；遍历所有单链表可统计边数。邻接表适合<span class=""blank"">______</span>，节省存储空间，但查找两顶点间是否有边需遍历单链表。</div>"	"<div class=""top""><span class=""chip c1"">章节：图结构</span><span class=""chip c2"">简单应用</span><span class=""chip c3"">图的存储结构及基本操作的实现</span></div><h1>邻接表</h1><div class=""a"">根据邻接表可以获取图的基本信息：每个顶点对应的单链表长度即为该<span class=""hit"">顶点的出度</span>（有向图）或度（<span class=""hit"">无向图</span>）；遍历所有单链表可统计边数。邻接表适合<span class=""hit"">稀疏图</span>，节省存储空间，但查找两顶点间是否有边需遍历单链表。</div><div class=""ansbox"">挖空答案：<b>顶点的出度、无向图、稀疏图</b></div><div class=""pg"">教材页码：P213</div>"	图结构 简单应用 图的存储结构及基本操作的实现 13003数据结构与算法
"<div class=""top""><span class=""chip c1"">章节：图结构</span><span class=""chip c2"">简单应用</span><span class=""chip c3"">图的存储结构及基本操作的实现</span></div><h1>逆邻接表获取图的基本信息</h1><div class=""q"">根据<span class=""blank"">______</span>可以方便地获取有向图各<span class=""blank"">______</span>信息：在逆邻接表中，<span class=""blank"">______</span>为i的元素指向的单链表中结点的个数即为顶点vi的入度。这弥补了邻接表中求入度不方便的不足。</div>"	"<div class=""top""><span class=""chip c1"">章节：图结构</span><span class=""chip c2"">简单应用</span><span class=""chip c3"">图的存储结构及基本操作的实现</span></div><h1>逆邻接表获取图的基本信息</h1><div class=""a"">根据<span class=""hit"">逆邻接表</span>可以方便地获取有向图各<span class=""hit"">顶点的入度</span>信息：在<span class=""hit"">逆邻接表</span>中，<span class=""hit"">数组下标</span>为i的元素指向的单链表中结点的个数即为顶点vi的入度。这弥补了邻接表中求入度不方便的不足。</div><div class=""ansbox"">挖空答案：<b>逆邻接表、顶点的入度、数组下标</b></div><div class=""pg"">教材页码：P215</div>"	图结构 简单应用 图的存储结构及基本操作的实现 13003数据结构与算法
"<div class=""top""><span class=""chip c1"">章节：图结构</span><span class=""chip c2"">综合应用</span><span class=""chip c3"">图的存储结构及基本操作的实现</span></div><h1>针对具体应用问题，选择图的存储结构并设计算法来解决问题</h1><div class=""q"">针对具体应用问题选择图的<span class=""blank"">______</span>时需考虑：若图为稠密图（边数接近n²），选<span class=""blank"">______</span>更合适，存储空间O(n²)可接受，且查找边方便；若图为<span class=""blank"">______</span>（边数远小于n²），选邻接表更节省空间，为O(n+e)。需综合考虑操作频率和图的规模。</div>"	"<div class=""top""><span class=""chip c1"">章节：图结构</span><span class=""chip c2"">综合应用</span><span class=""chip c3"">图的存储结构及基本操作的实现</span></div><h1>针对具体应用问题，选择图的存储结构并设计算法来解决问题</h1><div class=""a"">针对具体应用问题选择图的<span class=""hit"">存储结构</span>时需考虑：若图为稠密图（边数接近n²），选<span class=""hit"">邻接矩阵</span>更合适，存储空间O(n²)可接受，且查找边方便；若图为<span class=""hit"">稀疏图</span>（边数远小于n²），选邻接表更节省空间，为O(n+e)。需综合考虑操作频率和图的规模。</div><div class=""ansbox"">挖空答案：<b>存储结构、邻接矩阵、稀疏图</b></div><div class=""pg"">教材页码：P212</div>"	图结构 综合应用 图的存储结构及基本操作的实现 13003数据结构与算法
"<div class=""top""><span class=""chip c1"">章节：图结构</span><span class=""chip c2"">识记</span><span class=""chip c3"">图的搜索</span></div><h1>图的搜索</h1><div class=""q"">给定一个<span class=""blank"">______</span>G=(V,E)，从图中的某个<span class=""blank"">______</span>出发，经过一定的路线，访问图中的所有顶点，使每个顶点被访问且只访问一次，这一过程称为图的搜索（<span class=""blank"">______</span>）。图的搜索是指顶点的遍历。</div>"	"<div class=""top""><span class=""chip c1"">章节：图结构</span><span class=""chip c2"">识记</span><span class=""chip c3"">图的搜索</span></div><h1>图的搜索</h1><div class=""a"">给定一个<span class=""hit"">连通图</span>G=(V,E)，从图中的某个<span class=""hit"">顶点</span>出发，经过一定的路线，访问图中的所有<span class=""hit"">顶点</span>，使每个<span class=""hit"">顶点</span>被访问且只访问一次，这一过程称为图的搜索（<span class=""hit"">traversal</span>）。图的搜索是指<span class=""hit"">顶点</span>的遍历。</div><div class=""ansbox"">挖空答案：<b>连通图、顶点、traversal</b></div><div class=""pg"">教材页码：P220</div>"	图结构 识记 图的搜索 13003数据结构与算法
"<div class=""top""><span class=""chip c1"">章节：图结构</span><span class=""chip c2"">识记</span><span class=""chip c3"">图的搜索</span></div><h1>深度优先搜索</h1><div class=""q"">深度优先搜索（<span class=""blank"">______</span>）类似于树的<span class=""blank"">______</span>。从起始顶点出发，访问当前顶点后，选择其未被访问的<span class=""blank"">______</span>继续深入，在不能再向前时回退（回溯），直到所有顶点都被访问。DFS是一个递归过程，使用栈保存访问顺序。</div>"	"<div class=""top""><span class=""chip c1"">章节：图结构</span><span class=""chip c2"">识记</span><span class=""chip c3"">图的搜索</span></div><h1>深度优先搜索</h1><div class=""a"">深度优先搜索（<span class=""hit"">DFS</span>）类似于树的<span class=""hit"">先序遍历</span>。从起始顶点出发，访问当前顶点后，选择其未被访问的<span class=""hit"">邻接点</span>继续深入，在不能再向前时回退（回溯），直到所有顶点都被访问。<span class=""hit"">DFS</span>是一个递归过程，使用栈保存访问顺序。</div><div class=""ansbox"">挖空答案：<b>DFS、先序遍历、邻接点</b></div><div class=""pg"">教材页码：P221</div>"	图结构 识记 图的搜索 13003数据结构与算法
"<div class=""top""><span class=""chip c1"">章节：图结构</span><span class=""chip c2"">识记</span><span class=""chip c3"">图的搜索</span></div><h1>广度优先搜索</h1><div class=""q"">广度优先搜索（<span class=""blank"">______</span>）又称为宽度优先搜索，类似于树的层序遍历。从起始顶点v开始，先访问v，然后访问与v相邻接的所有未访问顶点，再依次访问这些顶点的<span class=""blank"">______</span>，由近及远逐层进行。使用队列作为辅助<span class=""blank"">______</span>。</div>"	"<div class=""top""><span class=""chip c1"">章节：图结构</span><span class=""chip c2"">识记</span><span class=""chip c3"">图的搜索</span></div><h1>广度优先搜索</h1><div class=""a"">广度优先搜索（<span class=""hit"">BFS</span>）又称为宽度优先搜索，类似于树的层序遍历。从起始顶点v开始，先访问v，然后访问与v相邻接的所有未访问顶点，再依次访问这些顶点的<span class=""hit"">邻接点</span>，由近及远逐层进行。使用队列作为辅助<span class=""hit"">存储结构</span>。</div><div class=""ansbox"">挖空答案：<b>BFS、邻接点、存储结构</b></div><div class=""pg"">教材页码：P224</div>"	图结构 识记 图的搜索 13003数据结构与算法
"<div class=""top""><span class=""chip c1"">章节：图结构</span><span class=""chip c2"">领会</span><span class=""chip c3"">图的搜索</span></div><h1>图搜索的特性</h1><div class=""q"">图搜索与树遍历的区别：(1)树遍历一般从根开始，<span class=""blank"">______</span>可从任一顶点出发；(2)图可能包含回路，需用访问标志<span class=""blank"">______</span>防止重复访问；(3)图可能不连通，需从不同<span class=""blank"">______</span>分别开始遍历。</div>"	"<div class=""top""><span class=""chip c1"">章节：图结构</span><span class=""chip c2"">领会</span><span class=""chip c3"">图的搜索</span></div><h1>图搜索的特性</h1><div class=""a"">图搜索与树遍历的区别：(1)树遍历一般从根开始，<span class=""hit"">图的搜索</span>可从任一顶点出发；(2)图可能包含回路，需用访问标志<span class=""hit"">数组</span>防止重复访问；(3)图可能不连通，需从不同<span class=""hit"">连通分量</span>分别开始遍历。</div><div class=""ansbox"">挖空答案：<b>图的搜索、数组、连通分量</b></div><div class=""pg"">教材页码：P220</div>"	图结构 领会 图的搜索 13003数据结构与算法
"<div class=""top""><span class=""chip c1"">章节：图结构</span><span class=""chip c2"">领会</span><span class=""chip c3"">图的搜索</span></div><h1>图的搜索序列</h1><div class=""q"">图的搜索序列即遍历过程中<span class=""blank"">______</span>被访问的顺序。DFS和BFS的搜索序列都可能不唯一，这取决于<span class=""blank"">______</span>中<span class=""blank"">______</span>的存储顺序及选择算法，也取决于起始顶点的选择。当邻接表及选择算法确定后，遍历顺序就确定了。</div>"	"<div class=""top""><span class=""chip c1"">章节：图结构</span><span class=""chip c2"">领会</span><span class=""chip c3"">图的搜索</span></div><h1>图的搜索序列</h1><div class=""a"">图的搜索序列即遍历过程中<span class=""hit"">顶点</span>被访问的顺序。DFS和BFS的搜索序列都可能不唯一，这取决于<span class=""hit"">邻接表</span>中<span class=""hit"">邻接点</span>的存储顺序及选择算法，也取决于起始<span class=""hit"">顶点</span>的选择。当<span class=""hit"">邻接表</span>及选择算法确定后，遍历顺序就确定了。</div><div class=""ansbox"">挖空答案：<b>顶点、邻接表、邻接点</b></div><div class=""pg"">教材页码：P222</div>"	图结构 领会 图的搜索 13003数据结构与算法
"<div class=""top""><span class=""chip c1"">章节：图结构</span><span class=""chip c2"">领会</span><span class=""chip c3"">图的搜索</span></div><h1>图搜索时使用的辅助数据结构</h1><div class=""q"">图搜索时使用的辅助<span class=""blank"">______</span>包括：(1)访问标志数组visited[]，标记顶点是否已访问，防止重复访问；(2)<span class=""blank"">______</span>使用栈（系统栈或递归栈）保存访问顺序以支持回溯；(3)<span class=""blank"">______</span>使用队列保存待访问的顶点。</div>"	"<div class=""top""><span class=""chip c1"">章节：图结构</span><span class=""chip c2"">领会</span><span class=""chip c3"">图的搜索</span></div><h1>图搜索时使用的辅助数据结构</h1><div class=""a"">图搜索时使用的辅助<span class=""hit"">数据结构</span>包括：(1)访问标志数组visited[]，标记顶点是否已访问，防止重复访问；(2)<span class=""hit"">深度优先搜索</span>使用栈（系统栈或递归栈）保存访问顺序以支持回溯；(3)<span class=""hit"">广度优先搜索</span>使用队列保存待访问的顶点。</div><div class=""ansbox"">挖空答案：<b>数据结构、深度优先搜索、广度优先搜索</b></div><div class=""pg"">教材页码：P220</div>"	图结构 领会 图的搜索 13003数据结构与算法
"<div class=""top""><span class=""chip c1"">章节：图结构</span><span class=""chip c2"">简单应用</span><span class=""chip c3"">图的搜索</span></div><h1>实现图的搜索算法</h1><div class=""q"">实现图的搜索算法：DFS通过递归函数DFS1实现，访问顶点后将其标记，递归访问未访问的邻接点，主函数DFS遍历所有顶点处理非<span class=""blank"">______</span>。BFS通过队列实现，顶点入队后逐个出队访问，将未访问邻接点入队。<span class=""blank"">______</span>：<span class=""blank"">______</span>O(n²)，邻接表O(n+e)。</div>"	"<div class=""top""><span class=""chip c1"">章节：图结构</span><span class=""chip c2"">简单应用</span><span class=""chip c3"">图的搜索</span></div><h1>实现图的搜索算法</h1><div class=""a"">实现图的搜索算法：DFS通过递归函数DFS1实现，访问顶点后将其标记，递归访问未访问的邻接点，主函数DFS遍历所有顶点处理非<span class=""hit"">连通图</span>。BFS通过队列实现，顶点入队后逐个出队访问，将未访问邻接点入队。<span class=""hit"">时间复杂度</span>：<span class=""hit"">邻接矩阵</span>O(n²)，邻接表O(n+e)。</div><div class=""ansbox"">挖空答案：<b>连通图、时间复杂度、邻接矩阵</b></div><div class=""pg"">教材页码：P223</div>"	图结构 简单应用 图的搜索 13003数据结构与算法
"<div class=""top""><span class=""chip c1"">章节：图结构</span><span class=""chip c2"">简单应用</span><span class=""chip c3"">图的搜索</span></div><h1>基于图搜索思想的算法的实现</h1><div class=""q"">基于图搜索思想可实现多种算法，如利用DFS求<span class=""blank"">______</span>、利用BFS求最短<span class=""blank"">______</span>等。当图不连通时，一次DFS或BFS只能访问一个连通分量，需反复调用直到所有<span class=""blank"">______</span>都被访问。每次调用得到一个连通分量。</div>"	"<div class=""top""><span class=""chip c1"">章节：图结构</span><span class=""chip c2"">简单应用</span><span class=""chip c3"">图的搜索</span></div><h1>基于图搜索思想的算法的实现</h1><div class=""a"">基于图搜索思想可实现多种算法，如利用DFS求<span class=""hit"">连通分量</span>、利用BFS求最短<span class=""hit"">路径</span>等。当图不连通时，一次DFS或BFS只能访问一个<span class=""hit"">连通分量</span>，需反复调用直到所有<span class=""hit"">顶点</span>都被访问。每次调用得到一个<span class=""hit"">连通分量</span>。</div><div class=""ansbox"">挖空答案：<b>连通分量、路径、顶点</b></div><div class=""pg"">教材页码：P223</div>"	图结构 简单应用 图的搜索 13003数据结构与算法
"<div class=""top""><span class=""chip c1"">章节：图结构</span><span class=""chip c2"">综合应用</span><span class=""chip c3"">图的搜索</span></div><h1>基于图搜索思想，设计算法解决相关问题</h1><div class=""q"">基于图搜索思想设计算法解决相关问题：可利用DFS或BFS的遍历框架，在访问<span class=""blank"">______</span>时加入特定处理逻辑来解决问题。如判断图是否连通、求<span class=""blank"">______</span>个数、判断两顶点间是否存在<span class=""blank"">______</span>等。需根据问题特点选择DFS或BFS策略。</div>"	"<div class=""top""><span class=""chip c1"">章节：图结构</span><span class=""chip c2"">综合应用</span><span class=""chip c3"">图的搜索</span></div><h1>基于图搜索思想，设计算法解决相关问题</h1><div class=""a"">基于图搜索思想设计算法解决相关问题：可利用DFS或BFS的遍历框架，在访问<span class=""hit"">顶点</span>时加入特定处理逻辑来解决问题。如判断图是否连通、求<span class=""hit"">连通分量</span>个数、判断两<span class=""hit"">顶点</span>间是否存在<span class=""hit"">路径</span>等。需根据问题特点选择DFS或BFS策略。</div><div class=""ansbox"">挖空答案：<b>顶点、连通分量、路径</b></div><div class=""pg"">教材页码：P223</div>"	图结构 综合应用 图的搜索 13003数据结构与算法
"<div class=""top""><span class=""chip c1"">章节：图结构</span><span class=""chip c2"">识记</span><span class=""chip c3"">图的生成树</span></div><h1>生成树</h1><div class=""q"">设G=(V,E)是一个连通的<span class=""blank"">______</span>，包含图中全部<span class=""blank"">______</span>的极小连通<span class=""blank"">______</span>称为图的生成树。极小连通子图是指含有图中所有顶点并使图仍保持连通性的最小子图。生成树包含全部n个顶点和n-1条边。</div>"	"<div class=""top""><span class=""chip c1"">章节：图结构</span><span class=""chip c2"">识记</span><span class=""chip c3"">图的生成树</span></div><h1>生成树</h1><div class=""a"">设G=(V,E)是一个连通的<span class=""hit"">无向图</span>，包含图中全部<span class=""hit"">顶点</span>的极小连通<span class=""hit"">子图</span>称为图的生成树。极小连通<span class=""hit"">子图</span>是指含有图中所有<span class=""hit"">顶点</span>并使图仍保持连通性的最小<span class=""hit"">子图</span>。生成树包含全部n个<span class=""hit"">顶点</span>和n-1条边。</div><div class=""ansbox"">挖空答案：<b>无向图、顶点、子图</b></div><div class=""pg"">教材页码：P226</div>"	图结构 识记 图的生成树 13003数据结构与算法
"<div class=""top""><span class=""chip c1"">章节：图结构</span><span class=""chip c2"">识记</span><span class=""chip c3"">图的生成树</span></div><h1>深度优先生成树</h1><div class=""q"">进行<span class=""blank"">______</span>时得到的<span class=""blank"">______</span>称为深度优先生成树。从<span class=""blank"">______</span>中任一顶点出发，按照深度优先搜索策略访问全部顶点，遍历过程中所经过的边集即构成一棵深度优先生成树。深度优先生成树可能不唯一。</div>"	"<div class=""top""><span class=""chip c1"">章节：图结构</span><span class=""chip c2"">识记</span><span class=""chip c3"">图的生成树</span></div><h1>深度优先生成树</h1><div class=""a"">进行<span class=""hit"">深度优先搜索</span>时得到的<span class=""hit"">生成树</span>称为深度优先<span class=""hit"">生成树</span>。从<span class=""hit"">连通图</span>中任一顶点出发，按照<span class=""hit"">深度优先搜索</span>策略访问全部顶点，遍历过程中所经过的边集即构成一棵深度优先<span class=""hit"">生成树</span>。深度优先<span class=""hit"">生成树</span>可能不唯一。</div><div class=""ansbox"">挖空答案：<b>深度优先搜索、生成树、连通图</b></div><div class=""pg"">教材页码：P227</div>"	图结构 识记 图的生成树 13003数据结构与算法
"<div class=""top""><span class=""chip c1"">章节：图结构</span><span class=""chip c2"">识记</span><span class=""chip c3"">图的生成树</span></div><h1>广度优先生成树</h1><div class=""q"">进行<span class=""blank"">______</span>时得到的<span class=""blank"">______</span>称为广度优先生成树。从<span class=""blank"">______</span>中任一顶点出发，按照广度优先搜索策略访问全部顶点，遍历过程中所经过的边集即构成一棵广度优先生成树。广度优先生成树也可能不唯一。</div>"	"<div class=""top""><span class=""chip c1"">章节：图结构</span><span class=""chip c2"">识记</span><span class=""chip c3"">图的生成树</span></div><h1>广度优先生成树</h1><div class=""a"">进行<span class=""hit"">广度优先搜索</span>时得到的<span class=""hit"">生成树</span>称为广度优先<span class=""hit"">生成树</span>。从<span class=""hit"">连通图</span>中任一顶点出发，按照<span class=""hit"">广度优先搜索</span>策略访问全部顶点，遍历过程中所经过的边集即构成一棵广度优先<span class=""hit"">生成树</span>。广度优先<span class=""hit"">生成树</span>也可能不唯一。</div><div class=""ansbox"">挖空答案：<b>广度优先搜索、生成树、连通图</b></div><div class=""pg"">教材页码：P227</div>"	图结构 识记 图的生成树 13003数据结构与算法
"<div class=""top""><span class=""chip c1"">章节：图结构</span><span class=""chip c2"">识记</span><span class=""chip c3"">图的生成树</span></div><h1>最小生成树</h1><div class=""q"">将边的<span class=""blank"">______</span>之和最小的<span class=""blank"">______</span>称为最小代价生成树（Minimum-cost Spanning Tree，MST），简称为最小生成树。MST包含图的所有顶点，边子集保证图连通且权值之和最小。它是带权无向<span class=""blank"">______</span>的一个重要结构。</div>"	"<div class=""top""><span class=""chip c1"">章节：图结构</span><span class=""chip c2"">识记</span><span class=""chip c3"">图的生成树</span></div><h1>最小生成树</h1><div class=""a"">将边的<span class=""hit"">权值</span>之和最小的<span class=""hit"">生成树</span>称为最小代价<span class=""hit"">生成树</span>（Minimum-cost Spanning Tree，MST），简称为最小<span class=""hit"">生成树</span>。MST包含图的所有顶点，边子集保证图连通且<span class=""hit"">权值</span>之和最小。它是带权无向<span class=""hit"">连通图</span>的一个重要结构。</div><div class=""ansbox"">挖空答案：<b>权值、生成树、连通图</b></div><div class=""pg"">教材页码：P228</div>"	图结构 识记 图的生成树 13003数据结构与算法
"<div class=""top""><span class=""chip c1"">章节：图结构</span><span class=""chip c2"">领会</span><span class=""chip c3"">图的生成树</span></div><h1>生成树的特性</h1><div class=""q"">生成树的特性：(1)包含图中全部n个<span class=""blank"">______</span>；(2)含有的边数为n-1条；(3)没有<span class=""blank"">______</span>；(4)任意增加一条边必形成回路；(5)去掉任意一条边则破坏连通性。若图不连通，则得到的是<span class=""blank"">______</span>。</div>"	"<div class=""top""><span class=""chip c1"">章节：图结构</span><span class=""chip c2"">领会</span><span class=""chip c3"">图的生成树</span></div><h1>生成树的特性</h1><div class=""a"">生成树的特性：(1)包含图中全部n个<span class=""hit"">顶点</span>；(2)含有的边数为n-1条；(3)没有<span class=""hit"">回路</span>；(4)任意增加一条边必形成<span class=""hit"">回路</span>；(5)去掉任意一条边则破坏连通性。若图不连通，则得到的是<span class=""hit"">生成森林</span>。</div><div class=""ansbox"">挖空答案：<b>顶点、回路、生成森林</b></div><div class=""pg"">教材页码：P227</div>"	图结构 领会 图的生成树 13003数据结构与算法
"<div class=""top""><span class=""chip c1"">章节：图结构</span><span class=""chip c2"">领会</span><span class=""chip c3"">图的生成树</span></div><h1>最小生成树的特性</h1><div class=""q"">最小生成树的特性：(1)含有图中所有n个<span class=""blank"">______</span>；(2)没有<span class=""blank"">______</span>；(3)含有的边数为n-1；(4)在所有连通子图中边<span class=""blank"">______</span>之和最小；(5)去掉一条边换为另一条不在MST中的边，权值总和不会更小。</div>"	"<div class=""top""><span class=""chip c1"">章节：图结构</span><span class=""chip c2"">领会</span><span class=""chip c3"">图的生成树</span></div><h1>最小生成树的特性</h1><div class=""a"">最小生成树的特性：(1)含有图中所有n个<span class=""hit"">顶点</span>；(2)没有<span class=""hit"">回路</span>；(3)含有的边数为n-1；(4)在所有连通子图中边<span class=""hit"">权值</span>之和最小；(5)去掉一条边换为另一条不在MST中的边，<span class=""hit"">权值</span>总和不会更小。</div><div class=""ansbox"">挖空答案：<b>顶点、回路、权值</b></div><div class=""pg"">教材页码：P228</div>"	图结构 领会 图的生成树 13003数据结构与算法
"<div class=""top""><span class=""chip c1"">章节：图结构</span><span class=""chip c2"">领会</span><span class=""chip c3"">图的生成树</span></div><h1>普里姆算法的求解策略</h1><div class=""q"">普里姆（<span class=""blank"">______</span>）算法的求解策略：从图中任选一个初始顶点开始，定义集合U（已加入MST的顶点）和T（MST的边集）。每次从一个端点在U中、另一个端点在V-U中的边里选择<span class=""blank"">______</span>最小的边，将新顶点加入U，边加入T，直到U=V。算法共需n-1步，<span class=""blank"">______</span>O(n²)，适合稠密图。</div>"	"<div class=""top""><span class=""chip c1"">章节：图结构</span><span class=""chip c2"">领会</span><span class=""chip c3"">图的生成树</span></div><h1>普里姆算法的求解策略</h1><div class=""a"">普里姆（<span class=""hit"">Prim</span>）算法的求解策略：从图中任选一个初始顶点开始，定义集合U（已加入MST的顶点）和T（MST的边集）。每次从一个端点在U中、另一个端点在V-U中的边里选择<span class=""hit"">权值</span>最小的边，将新顶点加入U，边加入T，直到U=V。算法共需n-1步，<span class=""hit"">时间复杂度</span>O(n²)，适合稠密图。</div><div class=""ansbox"">挖空答案：<b>Prim、权值、时间复杂度</b></div><div class=""pg"">教材页码：P228</div>"	图结构 领会 图的生成树 13003数据结构与算法
"<div class=""top""><span class=""chip c1"">章节：图结构</span><span class=""chip c2"">领会</span><span class=""chip c3"">图的生成树</span></div><h1>克鲁斯卡尔算法的求解策略</h1><div class=""q"">克鲁斯卡尔（<span class=""blank"">______</span>）算法的求解策略：初始时将所有边按权值不减的顺序排序，将所有顶点加入生成树但不包含任何边。依次选择权值最小的边，若该边的两个端点不在同一个连通分量上，则将该边加入生成树并合并两个连通分量；否则舍弃。直到生成树中含n-1条边。<span class=""blank"">______</span>O(<span class=""blank"">______</span>)，适合稀疏图。</div>"	"<div class=""top""><span class=""chip c1"">章节：图结构</span><span class=""chip c2"">领会</span><span class=""chip c3"">图的生成树</span></div><h1>克鲁斯卡尔算法的求解策略</h1><div class=""a"">克鲁斯卡尔（<span class=""hit"">Kruskal</span>）算法的求解策略：初始时将所有边按权值不减的顺序排序，将所有顶点加入生成树但不包含任何边。依次选择权值最小的边，若该边的两个端点不在同一个连通分量上，则将该边加入生成树并合并两个连通分量；否则舍弃。直到生成树中含n-1条边。<span class=""hit"">时间复杂度</span>O(<span class=""hit"">eloge</span>)，适合稀疏图。</div><div class=""ansbox"">挖空答案：<b>Kruskal、时间复杂度、eloge</b></div><div class=""pg"">教材页码：P232</div>"	图结构 领会 图的生成树 13003数据结构与算法
"<div class=""top""><span class=""chip c1"">章节：图结构</span><span class=""chip c2"">领会</span><span class=""chip c3"">图的生成树</span></div><h1>最小生成树代价的计算</h1><div class=""q"">最小生成树代价的计算：最小生成树的代价即MST中所有边的<span class=""blank"">______</span>之和。在<span class=""blank"">______</span>中，每选中一条边就将其权值累加到totalcost中；在<span class=""blank"">______</span>中同样累加选中边的权值。最终得到的总和即为最小生成树的代价。</div>"	"<div class=""top""><span class=""chip c1"">章节：图结构</span><span class=""chip c2"">领会</span><span class=""chip c3"">图的生成树</span></div><h1>最小生成树代价的计算</h1><div class=""a"">最小生成树代价的计算：最小生成树的代价即MST中所有边的<span class=""hit"">权值</span>之和。在<span class=""hit"">普里姆算法</span>中，每选中一条边就将其<span class=""hit"">权值</span>累加到totalcost中；在<span class=""hit"">克鲁斯卡尔算法</span>中同样累加选中边的<span class=""hit"">权值</span>。最终得到的总和即为最小生成树的代价。</div><div class=""ansbox"">挖空答案：<b>权值、普里姆算法、克鲁斯卡尔算法</b></div><div class=""pg"">教材页码：P230</div>"	图结构 领会 图的生成树 13003数据结构与算法
"<div class=""top""><span class=""chip c1"">章节：图结构</span><span class=""chip c2"">简单应用</span><span class=""chip c3"">图的生成树</span></div><h1>求图的生成树</h1><div class=""q"">求图的生成树可借助图的搜索算法：从<span class=""blank"">______</span>中任一顶点出发，按深度优先或广度优先策略访问全部顶点，遍历过程中所经过的边集即构成一棵生成树。深度优先得到<span class=""blank"">______</span>，广度优先得到<span class=""blank"">______</span>。</div>"	"<div class=""top""><span class=""chip c1"">章节：图结构</span><span class=""chip c2"">简单应用</span><span class=""chip c3"">图的生成树</span></div><h1>求图的生成树</h1><div class=""a"">求图的生成树可借助图的搜索算法：从<span class=""hit"">连通图</span>中任一顶点出发，按深度优先或广度优先策略访问全部顶点，遍历过程中所经过的边集即构成一棵生成树。深度优先得到<span class=""hit"">深度优先生成树</span>，广度优先得到<span class=""hit"">广度优先生成树</span>。</div><div class=""ansbox"">挖空答案：<b>连通图、深度优先生成树、广度优先生成树</b></div><div class=""pg"">教材页码：P227</div>"	图结构 简单应用 图的生成树 13003数据结构与算法
"<div class=""top""><span class=""chip c1"">章节：图结构</span><span class=""chip c2"">简单应用</span><span class=""chip c3"">图的生成树</span></div><h1>根据普里姆算法求图的最小生成树</h1><div class=""q"">根据<span class=""blank"">______</span>求图的<span class=""blank"">______</span>的步骤：(1)初始化T=∅，U={v0}；(2)在一个端点在U、另一端点在V-U的边中选权最小的边(vi,vj)，将vj加入U，边加入T；(3)重复步骤(2)直到U=V。使用辅助数组closedge记录候选边的最小<span class=""blank"">______</span>。</div>"	"<div class=""top""><span class=""chip c1"">章节：图结构</span><span class=""chip c2"">简单应用</span><span class=""chip c3"">图的生成树</span></div><h1>根据普里姆算法求图的最小生成树</h1><div class=""a"">根据<span class=""hit"">普里姆算法</span>求图的<span class=""hit"">最小生成树</span>的步骤：(1)初始化T=∅，U={v0}；(2)在一个端点在U、另一端点在V-U的边中选权最小的边(vi,vj)，将vj加入U，边加入T；(3)重复步骤(2)直到U=V。使用辅助数组closedge记录候选边的最小<span class=""hit"">权值</span>。</div><div class=""ansbox"">挖空答案：<b>普里姆算法、最小生成树、权值</b></div><div class=""pg"">教材页码：P229</div>"	图结构 简单应用 图的生成树 13003数据结构与算法
"<div class=""top""><span class=""chip c1"">章节：图结构</span><span class=""chip c2"">简单应用</span><span class=""chip c3"">图的生成树</span></div><h1>普里姆算法的实现</h1><div class=""q"">普里姆算法的实现：使用辅助<span class=""blank"">______</span>closedge[vtxnum]，每个元素含vex和lowcost两个域。每轮循环从lowcost非零的元素中选最小者对应的<span class=""blank"">______</span>k加入U，然后更新V-U中各顶点的lowcost值。算法共进行n-1轮选边，<span class=""blank"">______</span>O(n²)。</div>"	"<div class=""top""><span class=""chip c1"">章节：图结构</span><span class=""chip c2"">简单应用</span><span class=""chip c3"">图的生成树</span></div><h1>普里姆算法的实现</h1><div class=""a"">普里姆算法的实现：使用辅助<span class=""hit"">数组</span>closedge[vtxnum]，每个元素含vex和lowcost两个域。每轮循环从lowcost非零的元素中选最小者对应的<span class=""hit"">顶点</span>k加入U，然后更新V-U中各<span class=""hit"">顶点</span>的lowcost值。算法共进行n-1轮选边，<span class=""hit"">时间复杂度</span>O(n²)。</div><div class=""ansbox"">挖空答案：<b>数组、顶点、时间复杂度</b></div><div class=""pg"">教材页码：P231</div>"	图结构 简单应用 图的生成树 13003数据结构与算法
"<div class=""top""><span class=""chip c1"">章节：图结构</span><span class=""chip c2"">简单应用</span><span class=""chip c3"">图的生成树</span></div><h1>根据克鲁斯卡尔算法求图的最小生成树</h1><div class=""q"">根据<span class=""blank"">______</span>求图的<span class=""blank"">______</span>的步骤：(1)将所有边按权值从小到大排序；(2)初始化所有顶点各自为一个<span class=""blank"">______</span>；(3)依次取权值最小的边，若两端点在不同连通分量则加入T并合并连通分量；(4)直到T中有n-1条边。</div>"	"<div class=""top""><span class=""chip c1"">章节：图结构</span><span class=""chip c2"">简单应用</span><span class=""chip c3"">图的生成树</span></div><h1>根据克鲁斯卡尔算法求图的最小生成树</h1><div class=""a"">根据<span class=""hit"">克鲁斯卡尔算法</span>求图的<span class=""hit"">最小生成树</span>的步骤：(1)将所有边按权值从小到大排序；(2)初始化所有顶点各自为一个<span class=""hit"">连通分量</span>；(3)依次取权值最小的边，若两端点在不同<span class=""hit"">连通分量</span>则加入T并合并<span class=""hit"">连通分量</span>；(4)直到T中有n-1条边。</div><div class=""ansbox"">挖空答案：<b>克鲁斯卡尔算法、最小生成树、连通分量</b></div><div class=""pg"">教材页码：P233</div>"	图结构 简单应用 图的生成树 13003数据结构与算法
"<div class=""top""><span class=""chip c1"">章节：图结构</span><span class=""chip c2"">简单应用</span><span class=""chip c3"">图的生成树</span></div><h1>克鲁斯卡尔算法的实现</h1><div class=""q"">克鲁斯卡尔算法的实现：先调用edgeSort对边按权值排序，然后使用flag数组标记各顶点所属<span class=""blank"">______</span>。依次检查排序后的边，若两端点flag值不同则选中该边并合并连通分量（将flag统一）。<span class=""blank"">______</span>O(<span class=""blank"">______</span>)，适合稀疏图。</div>"	"<div class=""top""><span class=""chip c1"">章节：图结构</span><span class=""chip c2"">简单应用</span><span class=""chip c3"">图的生成树</span></div><h1>克鲁斯卡尔算法的实现</h1><div class=""a"">克鲁斯卡尔算法的实现：先调用edgeSort对边按权值排序，然后使用flag数组标记各顶点所属<span class=""hit"">连通分量</span>。依次检查排序后的边，若两端点flag值不同则选中该边并合并<span class=""hit"">连通分量</span>（将flag统一）。<span class=""hit"">时间复杂度</span>O(<span class=""hit"">eloge</span>)，适合稀疏图。</div><div class=""ansbox"">挖空答案：<b>连通分量、时间复杂度、eloge</b></div><div class=""pg"">教材页码：P234</div>"	图结构 简单应用 图的生成树 13003数据结构与算法
"<div class=""top""><span class=""chip c1"">章节：图结构</span><span class=""chip c2"">综合应用</span><span class=""chip c3"">图的生成树</span></div><h1>基于求图生成树的算法策略，设计算法解决相关问题</h1><div class=""q"">基于求图<span class=""blank"">______</span>的<span class=""blank"">______</span>设计算法解决相关问题：利用MST的贪心思想（每次选最小代价边），可解决如最小代价布线、网络建设等优化问题。根据图的稠密程度选择Prim或Kruskal算法，Prim适合稠密图O(n²)，Kruskal适合稀疏图O(<span class=""blank"">______</span>)。</div>"	"<div class=""top""><span class=""chip c1"">章节：图结构</span><span class=""chip c2"">综合应用</span><span class=""chip c3"">图的生成树</span></div><h1>基于求图生成树的算法策略，设计算法解决相关问题</h1><div class=""a"">基于求图<span class=""hit"">生成树</span>的<span class=""hit"">算法策略</span>设计算法解决相关问题：利用MST的贪心思想（每次选最小代价边），可解决如最小代价布线、网络建设等优化问题。根据图的稠密程度选择Prim或Kruskal算法，Prim适合稠密图O(n²)，Kruskal适合稀疏图O(<span class=""hit"">eloge</span>)。</div><div class=""ansbox"">挖空答案：<b>生成树、算法策略、eloge</b></div><div class=""pg"">教材页码：P228</div>"	图结构 综合应用 图的生成树 13003数据结构与算法
"<div class=""top""><span class=""chip c1"">章节：图结构</span><span class=""chip c2"">识记</span><span class=""chip c3"">有向无环图及其应用</span></div><h1>AOV网</h1><div class=""q"">在<span class=""blank"">______</span>中，以顶点表示活动，<span class=""blank"">______</span>表示活动之间的优先关系，这样的有向图称为顶点表示活动的网络（Activity On Vertex network），简称为AOV网。AOV网中不允许出现回路，必须是<span class=""blank"">______</span>。</div>"	"<div class=""top""><span class=""chip c1"">章节：图结构</span><span class=""chip c2"">识记</span><span class=""chip c3"">有向无环图及其应用</span></div><h1>AOV网</h1><div class=""a"">在<span class=""hit"">有向图</span>中，以顶点表示活动，<span class=""hit"">有向边</span>表示活动之间的优先关系，这样的<span class=""hit"">有向图</span>称为顶点表示活动的网络（Activity On Vertex network），简称为AOV网。AOV网中不允许出现回路，必须是<span class=""hit"">有向无环图</span>。</div><div class=""ansbox"">挖空答案：<b>有向图、有向边、有向无环图</b></div><div class=""pg"">教材页码：P237</div>"	图结构 识记 有向无环图及其应用 13003数据结构与算法
"<div class=""top""><span class=""chip c1"">章节：图结构</span><span class=""chip c2"">识记</span><span class=""chip c3"">有向无环图及其应用</span></div><h1>源点</h1><div class=""q"">在<span class=""blank"">______</span>中，<span class=""blank"">______</span>为0的点称为起始点或源点。一个工程只有一个开始点，通常AOE网中只有一个源点。源点的<span class=""blank"">______</span>为0。</div>"	"<div class=""top""><span class=""chip c1"">章节：图结构</span><span class=""chip c2"">识记</span><span class=""chip c3"">有向无环图及其应用</span></div><h1>源点</h1><div class=""a"">在<span class=""hit"">AOE网</span>中，<span class=""hit"">入度</span>为0的点称为起始点或源点。一个工程只有一个开始点，通常<span class=""hit"">AOE网</span>中只有一个源点。源点的<span class=""hit"">最早开始时间</span>为0。</div><div class=""ansbox"">挖空答案：<b>AOE网、入度、最早开始时间</b></div><div class=""pg"">教材页码：P242</div>"	图结构 识记 有向无环图及其应用 13003数据结构与算法
"<div class=""top""><span class=""chip c1"">章节：图结构</span><span class=""chip c2"">识记</span><span class=""chip c3"">有向无环图及其应用</span></div><h1>汇点</h1><div class=""q"">在<span class=""blank"">______</span>中，<span class=""blank"">______</span>为0的点称为结束点或汇点。一个工程只有一个完成点，通常AOE网中只有一个汇点。汇点的<span class=""blank"">______</span>等于整个工程的完成时间。</div>"	"<div class=""top""><span class=""chip c1"">章节：图结构</span><span class=""chip c2"">识记</span><span class=""chip c3"">有向无环图及其应用</span></div><h1>汇点</h1><div class=""a"">在<span class=""hit"">AOE网</span>中，<span class=""hit"">出度</span>为0的点称为结束点或汇点。一个工程只有一个完成点，通常<span class=""hit"">AOE网</span>中只有一个汇点。汇点的<span class=""hit"">最早开始时间</span>等于整个工程的完成时间。</div><div class=""ansbox"">挖空答案：<b>AOE网、出度、最早开始时间</b></div><div class=""pg"">教材页码：P242</div>"	图结构 识记 有向无环图及其应用 13003数据结构与算法
"<div class=""top""><span class=""chip c1"">章节：图结构</span><span class=""chip c2"">识记</span><span class=""chip c3"">有向无环图及其应用</span></div><h1>前驱</h1><div class=""q"">在<span class=""blank"">______</span>中，若从顶点vi到vj有一条<span class=""blank"">______</span>，则称vi是vj的前驱。前驱活动必须在<span class=""blank"">______</span>活动开始之前结束。</div>"	"<div class=""top""><span class=""chip c1"">章节：图结构</span><span class=""chip c2"">识记</span><span class=""chip c3"">有向无环图及其应用</span></div><h1>前驱</h1><div class=""a"">在<span class=""hit"">AOV网</span>中，若从顶点vi到vj有一条<span class=""hit"">有向路径</span>，则称vi是vj的前驱。前驱活动必须在<span class=""hit"">后继</span>活动开始之前结束。</div><div class=""ansbox"">挖空答案：<b>AOV网、有向路径、后继</b></div><div class=""pg"">教材页码：P237</div>"	图结构 识记 有向无环图及其应用 13003数据结构与算法
"<div class=""top""><span class=""chip c1"">章节：图结构</span><span class=""chip c2"">识记</span><span class=""chip c3"">有向无环图及其应用</span></div><h1>后继</h1><div class=""q"">在<span class=""blank"">______</span>中，若从<span class=""blank"">______</span>vi到vj有一条<span class=""blank"">______</span>，则称vj是vi的后继。后继活动必须在前驱活动结束之后才能开始。</div>"	"<div class=""top""><span class=""chip c1"">章节：图结构</span><span class=""chip c2"">识记</span><span class=""chip c3"">有向无环图及其应用</span></div><h1>后继</h1><div class=""a"">在<span class=""hit"">AOV网</span>中，若从<span class=""hit"">顶点</span>vi到vj有一条<span class=""hit"">有向路径</span>，则称vj是vi的后继。后继活动必须在前驱活动结束之后才能开始。</div><div class=""ansbox"">挖空答案：<b>AOV网、顶点、有向路径</b></div><div class=""pg"">教材页码：P237</div>"	图结构 识记 有向无环图及其应用 13003数据结构与算法
"<div class=""top""><span class=""chip c1"">章节：图结构</span><span class=""chip c2"">识记</span><span class=""chip c3"">有向无环图及其应用</span></div><h1>直接前驱</h1><div class=""q"">若(vi,vj)是<span class=""blank"">______</span>中的一条弧，则称vi是vj的直接前驱。直接前驱是指有直接弧指向的前驱<span class=""blank"">______</span>。</div>"	"<div class=""top""><span class=""chip c1"">章节：图结构</span><span class=""chip c2"">识记</span><span class=""chip c3"">有向无环图及其应用</span></div><h1>直接前驱</h1><div class=""a"">若(vi,vj)是<span class=""hit"">AOV网</span>中的一条弧，则称vi是vj的直接前驱。直接前驱是指有直接弧指向的前驱<span class=""hit"">顶点</span>。</div><div class=""ansbox"">挖空答案：<b>AOV网、顶点</b></div><div class=""pg"">教材页码：P237</div>"	图结构 识记 有向无环图及其应用 13003数据结构与算法
"<div class=""top""><span class=""chip c1"">章节：图结构</span><span class=""chip c2"">识记</span><span class=""chip c3"">有向无环图及其应用</span></div><h1>直接后继</h1><div class=""q"">若(vi,vj)是<span class=""blank"">______</span>中的一条弧，则称vj是vi的直接后继。直接后继是指有直接弧从其出发的后继<span class=""blank"">______</span>。</div>"	"<div class=""top""><span class=""chip c1"">章节：图结构</span><span class=""chip c2"">识记</span><span class=""chip c3"">有向无环图及其应用</span></div><h1>直接后继</h1><div class=""a"">若(vi,vj)是<span class=""hit"">AOV网</span>中的一条弧，则称vj是vi的直接后继。直接后继是指有直接弧从其出发的后继<span class=""hit"">顶点</span>。</div><div class=""ansbox"">挖空答案：<b>AOV网、顶点</b></div><div class=""pg"">教材页码：P237</div>"	图结构 识记 有向无环图及其应用 13003数据结构与算法
"<div class=""top""><span class=""chip c1"">章节：图结构</span><span class=""chip c2"">识记</span><span class=""chip c3"">有向无环图及其应用</span></div><h1>活动</h1><div class=""q"">在工程管理中，大的工程往往分解成若干个子工程，这些子工程被称为活动（<span class=""blank"">______</span>）。当所有的活动都完成时，整个工程即告结束。在<span class=""blank"">______</span>中，用弧表示活动，边上的<span class=""blank"">______</span>表示活动持续的时间。</div>"	"<div class=""top""><span class=""chip c1"">章节：图结构</span><span class=""chip c2"">识记</span><span class=""chip c3"">有向无环图及其应用</span></div><h1>活动</h1><div class=""a"">在工程管理中，大的工程往往分解成若干个子工程，这些子工程被称为活动（<span class=""hit"">activity</span>）。当所有的活动都完成时，整个工程即告结束。在<span class=""hit"">AOE网</span>中，用弧表示活动，边上的<span class=""hit"">权值</span>表示活动持续的时间。</div><div class=""ansbox"">挖空答案：<b>activity、AOE网、权值</b></div><div class=""pg"">教材页码：P237</div>"	图结构 识记 有向无环图及其应用 13003数据结构与算法
"<div class=""top""><span class=""chip c1"">章节：图结构</span><span class=""chip c2"">识记</span><span class=""chip c3"">有向无环图及其应用</span></div><h1>拓扑排序</h1><div class=""q"">求有向无环图<span class=""blank"">______</span>的过程称为拓扑排序。在拓扑序列中，每个顶点都排在它的所有<span class=""blank"">______</span>顶点之前。如果<span class=""blank"">______</span>中存在回路，则不能给出拓扑序列。</div>"	"<div class=""top""><span class=""chip c1"">章节：图结构</span><span class=""chip c2"">识记</span><span class=""chip c3"">有向无环图及其应用</span></div><h1>拓扑排序</h1><div class=""a"">求有向无环图<span class=""hit"">拓扑序列</span>的过程称为拓扑排序。在<span class=""hit"">拓扑序列</span>中，每个顶点都排在它的所有<span class=""hit"">后继</span>顶点之前。如果<span class=""hit"">有向图</span>中存在回路，则不能给出<span class=""hit"">拓扑序列</span>。</div><div class=""ansbox"">挖空答案：<b>拓扑序列、后继、有向图</b></div><div class=""pg"">教材页码：P237</div>"	图结构 识记 有向无环图及其应用 13003数据结构与算法
"<div class=""top""><span class=""chip c1"">章节：图结构</span><span class=""chip c2"">识记</span><span class=""chip c3"">有向无环图及其应用</span></div><h1>拓扑序列</h1><div class=""q""><span class=""blank"">______</span>G=(V,E)的拓扑序列是G中<span class=""blank"">______</span>的一个线性序列，满足：对于G中的所有顶点v和w，如果(v,w)∈E，则在线性序列中v排在w之前。拓扑序列可能不唯一。</div>"	"<div class=""top""><span class=""chip c1"">章节：图结构</span><span class=""chip c2"">识记</span><span class=""chip c3"">有向无环图及其应用</span></div><h1>拓扑序列</h1><div class=""a""><span class=""hit"">有向无环图</span>G=(V,E)的拓扑序列是G中<span class=""hit"">顶点</span>的一个线性序列，满足：对于G中的所有<span class=""hit"">顶点</span>v和w，如果(v,w)∈E，则在线性序列中v排在w之前。拓扑序列可能不唯一。</div><div class=""ansbox"">挖空答案：<b>有向无环图、顶点</b></div><div class=""pg"">教材页码：P237</div>"	图结构 识记 有向无环图及其应用 13003数据结构与算法
"<div class=""top""><span class=""chip c1"">章节：图结构</span><span class=""chip c2"">识记</span><span class=""chip c3"">有向无环图及其应用</span></div><h1>入度值表</h1><div class=""q"">入度值表是记录AOV网中各顶点入度的<span class=""blank"">______</span>，用于<span class=""blank"">______</span>。初始化时填入各<span class=""blank"">______</span>。每当输出一个顶点时，将其所有直接后继顶点的入度减1。入度为0的顶点可以输出。</div>"	"<div class=""top""><span class=""chip c1"">章节：图结构</span><span class=""chip c2"">识记</span><span class=""chip c3"">有向无环图及其应用</span></div><h1>入度值表</h1><div class=""a"">入度值表是记录AOV网中各顶点入度的<span class=""hit"">一维数组</span>，用于<span class=""hit"">拓扑排序</span>。初始化时填入各<span class=""hit"">顶点的入度</span>。每当输出一个顶点时，将其所有直接后继<span class=""hit"">顶点的入度</span>减1。入度为0的顶点可以输出。</div><div class=""ansbox"">挖空答案：<b>一维数组、拓扑排序、顶点的入度</b></div><div class=""pg"">教材页码：P239</div>"	图结构 识记 有向无环图及其应用 13003数据结构与算法
"<div class=""top""><span class=""chip c1"">章节：图结构</span><span class=""chip c2"">识记</span><span class=""chip c3"">有向无环图及其应用</span></div><h1>关键路径</h1><div class=""q"">将从源点到<span class=""blank"">______</span>具有最大长度的路径称为关键路径。关键路径的长度即该路径上所有活动持续时间之和，也就是完成整个工程所需的最少时间。<span class=""blank"">______</span>是带权<span class=""blank"">______</span>的重要应用。</div>"	"<div class=""top""><span class=""chip c1"">章节：图结构</span><span class=""chip c2"">识记</span><span class=""chip c3"">有向无环图及其应用</span></div><h1>关键路径</h1><div class=""a"">将从源点到<span class=""hit"">汇点</span>具有最大长度的路径称为关键路径。关键路径的长度即该路径上所有活动持续时间之和，也就是完成整个工程所需的最少时间。<span class=""hit"">求关键路径</span>是带权<span class=""hit"">有向无环图</span>的重要应用。</div><div class=""ansbox"">挖空答案：<b>汇点、求关键路径、有向无环图</b></div><div class=""pg"">教材页码：P242</div>"	图结构 识记 有向无环图及其应用 13003数据结构与算法
"<div class=""top""><span class=""chip c1"">章节：图结构</span><span class=""chip c2"">识记</span><span class=""chip c3"">有向无环图及其应用</span></div><h1>关键活动</h1><div class=""q""><span class=""blank"">______</span>上的所有活动称为关键活动。关键<span class=""blank"">______</span>和<span class=""blank"">______</span>相等，即时间余量为0。关键活动的推延将直接导致整个工程的推延。</div>"	"<div class=""top""><span class=""chip c1"">章节：图结构</span><span class=""chip c2"">识记</span><span class=""chip c3"">有向无环图及其应用</span></div><h1>关键活动</h1><div class=""a""><span class=""hit"">关键路径</span>上的所有活动称为关键活动。关键<span class=""hit"">活动的最早开始时间</span>和<span class=""hit"">最迟开始时间</span>相等，即时间余量为0。关键活动的推延将直接导致整个工程的推延。</div><div class=""ansbox"">挖空答案：<b>关键路径、活动的最早开始时间、最迟开始时间</b></div><div class=""pg"">教材页码：P243</div>"	图结构 识记 有向无环图及其应用 13003数据结构与算法
"<div class=""top""><span class=""chip c1"">章节：图结构</span><span class=""chip c2"">识记</span><span class=""chip c3"">有向无环图及其应用</span></div><h1>事件</h1><div class=""q"">在<span class=""blank"">______</span>中，用顶点表示事件，用弧表示活动，边上的权值表示活动持续的时间。事件的<span class=""blank"">______</span>和<span class=""blank"">______</span>是计算活动最早和最迟开始时间的基础。</div>"	"<div class=""top""><span class=""chip c1"">章节：图结构</span><span class=""chip c2"">识记</span><span class=""chip c3"">有向无环图及其应用</span></div><h1>事件</h1><div class=""a"">在<span class=""hit"">AOE网</span>中，用顶点表示事件，用弧表示活动，边上的权值表示活动持续的时间。事件的<span class=""hit"">最早开始时间</span>和<span class=""hit"">最迟开始时间</span>是计算活动最早和<span class=""hit"">最迟开始时间</span>的基础。</div><div class=""ansbox"">挖空答案：<b>AOE网、最早开始时间、最迟开始时间</b></div><div class=""pg"">教材页码：P242</div>"	图结构 识记 有向无环图及其应用 13003数据结构与算法
"<div class=""top""><span class=""chip c1"">章节：图结构</span><span class=""chip c2"">识记</span><span class=""chip c3"">有向无环图及其应用</span></div><h1>最早开始时间</h1><div class=""q"">在<span class=""blank"">______</span>中，从源点到任意顶点vk的最长<span class=""blank"">______</span>称为事件vk的最早开始时间，记为ve(k)。它决定了所有以vk为尾的弧所表示<span class=""blank"">______</span>。ve按拓扑序列从前向后递推计算。</div>"	"<div class=""top""><span class=""chip c1"">章节：图结构</span><span class=""chip c2"">识记</span><span class=""chip c3"">有向无环图及其应用</span></div><h1>最早开始时间</h1><div class=""a"">在<span class=""hit"">AOE网</span>中，从源点到任意顶点vk的最长<span class=""hit"">路径长度</span>称为事件vk的最早开始时间，记为ve(k)。它决定了所有以vk为尾的弧所表示<span class=""hit"">活动的最早开始时间</span>。ve按拓扑序列从前向后递推计算。</div><div class=""ansbox"">挖空答案：<b>AOE网、路径长度、活动的最早开始时间</b></div><div class=""pg"">教材页码：P242</div>"	图结构 识记 有向无环图及其应用 13003数据结构与算法
"<div class=""top""><span class=""chip c1"">章节：图结构</span><span class=""chip c2"">识记</span><span class=""chip c3"">有向无环图及其应用</span></div><h1>最迟开始时间</h1><div class=""q"">在不推迟整个工程完成的前提下，<span class=""blank"">______</span>ak最迟必须开始进行的时间称作活动ak的最迟开始时间，记为l(k)。<span class=""blank"">______</span>的最迟开始时间记为vl(k)，按逆<span class=""blank"">______</span>从后向前递推计算。</div>"	"<div class=""top""><span class=""chip c1"">章节：图结构</span><span class=""chip c2"">识记</span><span class=""chip c3"">有向无环图及其应用</span></div><h1>最迟开始时间</h1><div class=""a"">在不推迟整个工程完成的前提下，<span class=""hit"">活动</span>ak最迟必须开始进行的时间称作<span class=""hit"">活动</span>ak的最迟开始时间，记为l(k)。<span class=""hit"">事件</span>的最迟开始时间记为vl(k)，按逆<span class=""hit"">拓扑序列</span>从后向前递推计算。</div><div class=""ansbox"">挖空答案：<b>活动、事件、拓扑序列</b></div><div class=""pg"">教材页码：P243</div>"	图结构 识记 有向无环图及其应用 13003数据结构与算法
"<div class=""top""><span class=""chip c1"">章节：图结构</span><span class=""chip c2"">识记</span><span class=""chip c3"">有向无环图及其应用</span></div><h1>时间余量</h1><div class=""q"">活动ak的<span class=""blank"">______</span>l(k)与<span class=""blank"">______</span>e(k)之差l(k)-e(k)表示完成活动ak的时间余量。活动的实际开始时间可以在e(k)到l(k)之间任意调整而不影响整个工程的完成时间。时间余量为0的活动是<span class=""blank"">______</span>。</div>"	"<div class=""top""><span class=""chip c1"">章节：图结构</span><span class=""chip c2"">识记</span><span class=""chip c3"">有向无环图及其应用</span></div><h1>时间余量</h1><div class=""a"">活动ak的<span class=""hit"">最迟开始时间</span>l(k)与<span class=""hit"">最早开始时间</span>e(k)之差l(k)-e(k)表示完成活动ak的时间余量。活动的实际开始时间可以在e(k)到l(k)之间任意调整而不影响整个工程的完成时间。时间余量为0的活动是<span class=""hit"">关键活动</span>。</div><div class=""ansbox"">挖空答案：<b>最迟开始时间、最早开始时间、关键活动</b></div><div class=""pg"">教材页码：P243</div>"	图结构 识记 有向无环图及其应用 13003数据结构与算法
"<div class=""top""><span class=""chip c1"">章节：图结构</span><span class=""chip c2"">识记</span><span class=""chip c3"">有向无环图及其应用</span></div><h1>活动的持续时间</h1><div class=""q"">活动的持续时间即完成该活动所需的时间，在<span class=""blank"">______</span>中表示为弧上的权值。设活动ak由弧&lt;vj,vk&gt;表示，其持续时间记为dut(j,k)。<span class=""blank"">______</span>和<span class=""blank"">______</span>均与持续时间相关。</div>"	"<div class=""top""><span class=""chip c1"">章节：图结构</span><span class=""chip c2"">识记</span><span class=""chip c3"">有向无环图及其应用</span></div><h1>活动的持续时间</h1><div class=""a"">活动的持续时间即完成该活动所需的时间，在<span class=""hit"">AOE网</span>中表示为弧上的权值。设活动ak由弧&lt;vj,vk&gt;表示，其持续时间记为dut(j,k)。<span class=""hit"">活动的最早开始时间</span>和<span class=""hit"">最迟开始时间</span>均与持续时间相关。</div><div class=""ansbox"">挖空答案：<b>AOE网、活动的最早开始时间、最迟开始时间</b></div><div class=""pg"">教材页码：P242</div>"	图结构 识记 有向无环图及其应用 13003数据结构与算法
"<div class=""top""><span class=""chip c1"">章节：图结构</span><span class=""chip c2"">领会</span><span class=""chip c3"">有向无环图及其应用</span></div><h1>拓扑排序的过程</h1><div class=""q"">拓扑排序的过程：(1)初始化记录所有<span class=""blank"">______</span>；(2)选择一个入度为0（没有<span class=""blank"">______</span>）的顶点并输出；(3)从图中删除该顶点和以它为尾的所有弧，即将其所有<span class=""blank"">______</span>的入度减1；(4)重复(2)(3)直到输出全部顶点（排序完成）或找不到入度为0的顶点（说明有回路）。</div>"	"<div class=""top""><span class=""chip c1"">章节：图结构</span><span class=""chip c2"">领会</span><span class=""chip c3"">有向无环图及其应用</span></div><h1>拓扑排序的过程</h1><div class=""a"">拓扑排序的过程：(1)初始化记录所有<span class=""hit"">顶点的入度</span>；(2)选择一个入度为0（没有<span class=""hit"">前驱</span>）的顶点并输出；(3)从图中删除该顶点和以它为尾的所有弧，即将其所有<span class=""hit"">直接后继</span>的入度减1；(4)重复(2)(3)直到输出全部顶点（排序完成）或找不到入度为0的顶点（说明有回路）。</div><div class=""ansbox"">挖空答案：<b>顶点的入度、前驱、直接后继</b></div><div class=""pg"">教材页码：P238</div>"	图结构 领会 有向无环图及其应用 13003数据结构与算法
"<div class=""top""><span class=""chip c1"">章节：图结构</span><span class=""chip c2"">领会</span><span class=""chip c3"">有向无环图及其应用</span></div><h1>组成关键路径的关键活动</h1><div class=""q"">组成关键路径的关键活动是指<span class=""blank"">______</span>为0（即l(k)=e(k)）的活动。关键路径上的所有活动都是关键活动。若有多个关键路径，则需同时缩短所有关键路径的<span class=""blank"">______</span>才能缩短整个工程工期。</div>"	"<div class=""top""><span class=""chip c1"">章节：图结构</span><span class=""chip c2"">领会</span><span class=""chip c3"">有向无环图及其应用</span></div><h1>组成关键路径的关键活动</h1><div class=""a"">组成关键路径的关键活动是指<span class=""hit"">时间余量</span>为0（即l(k)=e(k)）的活动。关键路径上的所有活动都是关键活动。若有多个关键路径，则需同时缩短所有关键路径的<span class=""hit"">长度</span>才能缩短整个工程工期。</div><div class=""ansbox"">挖空答案：<b>时间余量、长度</b></div><div class=""pg"">教材页码：P243</div>"	图结构 领会 有向无环图及其应用 13003数据结构与算法
"<div class=""top""><span class=""chip c1"">章节：图结构</span><span class=""chip c2"">领会</span><span class=""chip c3"">有向无环图及其应用</span></div><h1>求解关键路径</h1><div class=""q"">求解关键路径的算法步骤：(1)建立AOE网的存储结构；(2)从源点出发按拓扑序列求各事件最早开始时间ve(i)；(3)从汇点出发按逆拓扑序列求各事件<span class=""blank"">______</span>vl(i)；(4)根据ve和vl求各<span class=""blank"">______</span>e和最迟开始时间l；(5)e=l的活动为<span class=""blank"">______</span>，构成关键路径。</div>"	"<div class=""top""><span class=""chip c1"">章节：图结构</span><span class=""chip c2"">领会</span><span class=""chip c3"">有向无环图及其应用</span></div><h1>求解关键路径</h1><div class=""a"">求解关键路径的算法步骤：(1)建立AOE网的存储结构；(2)从源点出发按拓扑序列求各事件最早开始时间ve(i)；(3)从汇点出发按逆拓扑序列求各事件<span class=""hit"">最迟开始时间</span>vl(i)；(4)根据ve和vl求各<span class=""hit"">活动的最早开始时间</span>e和<span class=""hit"">最迟开始时间</span>l；(5)e=l的活动为<span class=""hit"">关键活动</span>，构成关键路径。</div><div class=""ansbox"">挖空答案：<b>最迟开始时间、活动的最早开始时间、关键活动</b></div><div class=""pg"">教材页码：P243</div>"	图结构 领会 有向无环图及其应用 13003数据结构与算法
"<div class=""top""><span class=""chip c1"">章节：图结构</span><span class=""chip c2"">简单应用</span><span class=""chip c3"">有向无环图及其应用</span></div><h1>判断有向图中是否存在环</h1><div class=""q"">判断有向图中是否存在环的方法：对有向图进行<span class=""blank"">______</span>。若拓扑排序能够输出全部<span class=""blank"">______</span>，则说明图中不存在环，是<span class=""blank"">______</span>；若还没有输出全部顶点但已找不到入度为0的顶点，则说明图中含有回路（环）。</div>"	"<div class=""top""><span class=""chip c1"">章节：图结构</span><span class=""chip c2"">简单应用</span><span class=""chip c3"">有向无环图及其应用</span></div><h1>判断有向图中是否存在环</h1><div class=""a"">判断有向图中是否存在环的方法：对有向图进行<span class=""hit"">拓扑排序</span>。若<span class=""hit"">拓扑排序</span>能够输出全部<span class=""hit"">顶点</span>，则说明图中不存在环，是<span class=""hit"">有向无环图</span>；若还没有输出全部<span class=""hit"">顶点</span>但已找不到入度为0的<span class=""hit"">顶点</span>，则说明图中含有回路（环）。</div><div class=""ansbox"">挖空答案：<b>拓扑排序、顶点、有向无环图</b></div><div class=""pg"">教材页码：P239</div>"	图结构 简单应用 有向无环图及其应用 13003数据结构与算法
"<div class=""top""><span class=""chip c1"">章节：图结构</span><span class=""chip c2"">简单应用</span><span class=""chip c3"">有向无环图及其应用</span></div><h1>求有向无环图的拓扑序列</h1><div class=""q"">求有向无环图的拓扑序列：先建立各<span class=""blank"">______</span>表，反复选择入度为0的顶点输出，然后将其所有<span class=""blank"">______</span>的入度减1，直到所有顶点都输出。当有多个入度为0的顶点时，选择任意一个都可以，因此拓扑序列可能不唯一。</div>"	"<div class=""top""><span class=""chip c1"">章节：图结构</span><span class=""chip c2"">简单应用</span><span class=""chip c3"">有向无环图及其应用</span></div><h1>求有向无环图的拓扑序列</h1><div class=""a"">求有向无环图的拓扑序列：先建立各<span class=""hit"">顶点的入度</span>表，反复选择入度为0的顶点输出，然后将其所有<span class=""hit"">直接后继</span>的入度减1，直到所有顶点都输出。当有多个入度为0的顶点时，选择任意一个都可以，因此拓扑序列可能不唯一。</div><div class=""ansbox"">挖空答案：<b>顶点的入度、直接后继</b></div><div class=""pg"">教材页码：P239</div>"	图结构 简单应用 有向无环图及其应用 13003数据结构与算法
"<div class=""top""><span class=""chip c1"">章节：图结构</span><span class=""chip c2"">简单应用</span><span class=""chip c3"">有向无环图及其应用</span></div><h1>求关键路径</h1><div class=""q"">求关键路径的步骤：先按拓扑序列求出各事件的<span class=""blank"">______</span>ve，再按逆拓扑序列求出各事件的<span class=""blank"">______</span>vl，然后计算各<span class=""blank"">______</span>e=ve(j)和最迟开始时间l=vl(k)-dut(j,k)，最后找出e=l的关键活动，这些活动组成的从源点到汇点的最长路径即为关键路径。</div>"	"<div class=""top""><span class=""chip c1"">章节：图结构</span><span class=""chip c2"">简单应用</span><span class=""chip c3"">有向无环图及其应用</span></div><h1>求关键路径</h1><div class=""a"">求关键路径的步骤：先按拓扑序列求出各事件的<span class=""hit"">最早开始时间</span>ve，再按逆拓扑序列求出各事件的<span class=""hit"">最迟开始时间</span>vl，然后计算各<span class=""hit"">活动的最早开始时间</span>e=ve(j)和<span class=""hit"">最迟开始时间</span>l=vl(k)-dut(j,k)，最后找出e=l的关键活动，这些活动组成的从源点到汇点的最长路径即为关键路径。</div><div class=""ansbox"">挖空答案：<b>最早开始时间、最迟开始时间、活动的最早开始时间</b></div><div class=""pg"">教材页码：P243</div>"	图结构 简单应用 有向无环图及其应用 13003数据结构与算法
"<div class=""top""><span class=""chip c1"">章节：图结构</span><span class=""chip c2"">识记</span><span class=""chip c3"">最短路径</span></div><h1>源点</h1><div class=""q"">在最短路径问题中，路径的开始<span class=""blank"">______</span>称为源点。在<span class=""blank"">______</span>问题中，从某个给定源点到图中其他各顶点的最短路径。在<span class=""blank"">______</span>中，源点指入度为0的事件点。</div>"	"<div class=""top""><span class=""chip c1"">章节：图结构</span><span class=""chip c2"">识记</span><span class=""chip c3"">最短路径</span></div><h1>源点</h1><div class=""a"">在最短路径问题中，路径的开始<span class=""hit"">顶点</span>称为源点。在<span class=""hit"">单源最短路径</span>问题中，从某个给定源点到图中其他各<span class=""hit"">顶点</span>的最短路径。在<span class=""hit"">AOE网</span>中，源点指入度为0的事件点。</div><div class=""ansbox"">挖空答案：<b>顶点、单源最短路径、AOE网</b></div><div class=""pg"">教材页码：P246</div>"	图结构 识记 最短路径 13003数据结构与算法
"<div class=""top""><span class=""chip c1"">章节：图结构</span><span class=""chip c2"">识记</span><span class=""chip c3"">最短路径</span></div><h1>终点</h1><div class=""q"">在最短<span class=""blank"">______</span>问题中，路径的目的<span class=""blank"">______</span>称为终点。给定图中的两个顶点A和B，B即为终点，求从<span class=""blank"">______</span>A到终点B的最短路径。</div>"	"<div class=""top""><span class=""chip c1"">章节：图结构</span><span class=""chip c2"">识记</span><span class=""chip c3"">最短路径</span></div><h1>终点</h1><div class=""a"">在最短<span class=""hit"">路径</span>问题中，<span class=""hit"">路径</span>的目的<span class=""hit"">顶点</span>称为终点。给定图中的两个<span class=""hit"">顶点</span>A和B，B即为终点，求从<span class=""hit"">源点</span>A到终点B的最短<span class=""hit"">路径</span>。</div><div class=""ansbox"">挖空答案：<b>路径、顶点、源点</b></div><div class=""pg"">教材页码：P246</div>"	图结构 识记 最短路径 13003数据结构与算法
"<div class=""top""><span class=""chip c1"">章节：图结构</span><span class=""chip c2"">识记</span><span class=""chip c3"">最短路径</span></div><h1>带权图中的路径长度</h1><div class=""q"">对于<span class=""blank"">______</span>，两个顶点之间的<span class=""blank"">______</span>定义为两顶点间路径上各边的<span class=""blank"">______</span>之和。路径长度不再是边的数目，而是权值的累加和。</div>"	"<div class=""top""><span class=""chip c1"">章节：图结构</span><span class=""chip c2"">识记</span><span class=""chip c3"">最短路径</span></div><h1>带权图中的路径长度</h1><div class=""a"">对于<span class=""hit"">带权图</span>，两个顶点之间的<span class=""hit"">路径长度</span>定义为两顶点间路径上各边的<span class=""hit"">权值</span>之和。<span class=""hit"">路径长度</span>不再是边的数目，而是<span class=""hit"">权值</span>的累加和。</div><div class=""ansbox"">挖空答案：<b>带权图、路径长度、权值</b></div><div class=""pg"">教材页码：P246</div>"	图结构 识记 最短路径 13003数据结构与算法
"<div class=""top""><span class=""chip c1"">章节：图结构</span><span class=""chip c2"">识记</span><span class=""chip c3"">最短路径</span></div><h1>单源最短路径</h1><div class=""q"">将求从某个<span class=""blank"">______</span>到图中其他各<span class=""blank"">______</span>的最短<span class=""blank"">______</span>的问题称为单源最短路径（single-source shortest path）问题。即已知图G=(V,E)，找出从某个给定源点v0∈V到V中其他任一顶点的最短路径。</div>"	"<div class=""top""><span class=""chip c1"">章节：图结构</span><span class=""chip c2"">识记</span><span class=""chip c3"">最短路径</span></div><h1>单源最短路径</h1><div class=""a"">将求从某个<span class=""hit"">源点</span>到图中其他各<span class=""hit"">顶点</span>的最短<span class=""hit"">路径</span>的问题称为单源最短<span class=""hit"">路径</span>（single-source shortest path）问题。即已知图G=(V,E)，找出从某个给定<span class=""hit"">源点</span>v0∈V到V中其他任一<span class=""hit"">顶点</span>的最短<span class=""hit"">路径</span>。</div><div class=""ansbox"">挖空答案：<b>源点、顶点、路径</b></div><div class=""pg"">教材页码：P247</div>"	图结构 识记 最短路径 13003数据结构与算法
"<div class=""top""><span class=""chip c1"">章节：图结构</span><span class=""chip c2"">识记</span><span class=""chip c3"">最短路径</span></div><h1>所有点对间的最短路径</h1><div class=""q"">所有点对间的最短路径是指求图中任意两个<span class=""blank"">______</span>之间的最短路径。可以通过将<span class=""blank"">______</span>对每个顶点分别执行一次来求得，也可以使用弗洛伊德（<span class=""blank"">______</span>）算法一次性求得所有点对间的最短路径。</div>"	"<div class=""top""><span class=""chip c1"">章节：图结构</span><span class=""chip c2"">识记</span><span class=""chip c3"">最短路径</span></div><h1>所有点对间的最短路径</h1><div class=""a"">所有点对间的最短路径是指求图中任意两个<span class=""hit"">顶点</span>之间的最短路径。可以通过将<span class=""hit"">迪杰斯特拉算法</span>对每个<span class=""hit"">顶点</span>分别执行一次来求得，也可以使用弗洛伊德（<span class=""hit"">Floyd</span>）算法一次性求得所有点对间的最短路径。</div><div class=""ansbox"">挖空答案：<b>顶点、迪杰斯特拉算法、Floyd</b></div><div class=""pg"">教材页码：P249</div>"	图结构 识记 最短路径 13003数据结构与算法
"<div class=""top""><span class=""chip c1"">章节：图结构</span><span class=""chip c2"">领会</span><span class=""chip c3"">最短路径</span></div><h1>迪杰斯特拉算法的求解过程</h1><div class=""q"">迪杰斯特拉（<span class=""blank"">______</span>）算法的求解过程：将顶点分为集合S（已求得最短路径）和V-S（未确定）。初始S={源点}，dist[i]为源点到各顶点的直接边<span class=""blank"">______</span>。每次从V-S中选dist最小的顶点u加入S，然后用u作为中间点更新V-S中各顶点的dist值。重复直到所有顶点加入S。<span class=""blank"">______</span>O(n²)。</div>"	"<div class=""top""><span class=""chip c1"">章节：图结构</span><span class=""chip c2"">领会</span><span class=""chip c3"">最短路径</span></div><h1>迪杰斯特拉算法的求解过程</h1><div class=""a"">迪杰斯特拉（<span class=""hit"">Dijkstra</span>）算法的求解过程：将顶点分为集合S（已求得最短路径）和V-S（未确定）。初始S={源点}，dist[i]为源点到各顶点的直接边<span class=""hit"">权值</span>。每次从V-S中选dist最小的顶点u加入S，然后用u作为中间点更新V-S中各顶点的dist值。重复直到所有顶点加入S。<span class=""hit"">时间复杂度</span>O(n²)。</div><div class=""ansbox"">挖空答案：<b>Dijkstra、权值、时间复杂度</b></div><div class=""pg"">教材页码：P247</div>"	图结构 领会 最短路径 13003数据结构与算法
"<div class=""top""><span class=""chip c1"">章节：图结构</span><span class=""chip c2"">领会</span><span class=""chip c3"">最短路径</span></div><h1>弗洛伊德算法的求解过程</h1><div class=""q"">弗洛伊德（<span class=""blank"">______</span>）算法的求解过程：设A(k)[i][j]表示从vi到vj中间顶点序号不大于k的最短路径长度。初始A(0)[i][j]=cost[i][j]（邻接矩阵）。对每个k，判断A(i-1)[i][k]+A(i-1)[k][j]是否小于A(i-1)[i][j]，若是则更新。三重循环，最终A(n)[i][j]即为<span class=""blank"">______</span>。<span class=""blank"">______</span>O(n³)。</div>"	"<div class=""top""><span class=""chip c1"">章节：图结构</span><span class=""chip c2"">领会</span><span class=""chip c3"">最短路径</span></div><h1>弗洛伊德算法的求解过程</h1><div class=""a"">弗洛伊德（<span class=""hit"">Floyd</span>）算法的求解过程：设A(k)[i][j]表示从vi到vj中间顶点序号不大于k的最短路径长度。初始A(0)[i][j]=cost[i][j]（邻接矩阵）。对每个k，判断A(i-1)[i][k]+A(i-1)[k][j]是否小于A(i-1)[i][j]，若是则更新。三重循环，最终A(n)[i][j]即为<span class=""hit"">所有点对间的最短路径</span>。<span class=""hit"">时间复杂度</span>O(n³)。</div><div class=""ansbox"">挖空答案：<b>Floyd、所有点对间的最短路径、时间复杂度</b></div><div class=""pg"">教材页码：P250</div>"	图结构 领会 最短路径 13003数据结构与算法
"<div class=""top""><span class=""chip c1"">章节：图结构</span><span class=""chip c2"">简单应用</span><span class=""chip c3"">最短路径</span></div><h1>使用迪杰斯特拉算法求图的单源最短路径</h1><div class=""q"">使用<span class=""blank"">______</span>求<span class=""blank"">______</span>：初始化dist数组为源点到各顶点的直接边<span class=""blank"">______</span>，S={源点}。反复从V-S中选dist最小的顶点加入S，并以该顶点为中间点更新其余顶点的dist值（若dist[u]+cost[u][v]&lt;dist[v]则更新）。直到所有可达顶点都加入S。</div>"	"<div class=""top""><span class=""chip c1"">章节：图结构</span><span class=""chip c2"">简单应用</span><span class=""chip c3"">最短路径</span></div><h1>使用迪杰斯特拉算法求图的单源最短路径</h1><div class=""a"">使用<span class=""hit"">迪杰斯特拉算法</span>求<span class=""hit"">单源最短路径</span>：初始化dist数组为源点到各顶点的直接边<span class=""hit"">权值</span>，S={源点}。反复从V-S中选dist最小的顶点加入S，并以该顶点为中间点更新其余顶点的dist值（若dist[u]+cost[u][v]&lt;dist[v]则更新）。直到所有可达顶点都加入S。</div><div class=""ansbox"">挖空答案：<b>迪杰斯特拉算法、单源最短路径、权值</b></div><div class=""pg"">教材页码：P248</div>"	图结构 简单应用 最短路径 13003数据结构与算法
"<div class=""top""><span class=""chip c1"">章节：图结构</span><span class=""chip c2"">简单应用</span><span class=""chip c3"">最短路径</span></div><h1>使用弗洛伊德算法求图所有点对间的最短路径</h1><div class=""q"">使用<span class=""blank"">______</span>求<span class=""blank"">______</span>：以<span class=""blank"">______</span>cost为初始矩阵A(0)。依次以每个顶点k为中间顶点，对每对(i,j)判断经过k是否能缩短路径：若A[i][k]+A[k][j]&lt;A[i][j]，则A[i][j]=A[i][k]+A[k][j]。最终矩阵中每对顶点间的值即为最短路径长度。</div>"	"<div class=""top""><span class=""chip c1"">章节：图结构</span><span class=""chip c2"">简单应用</span><span class=""chip c3"">最短路径</span></div><h1>使用弗洛伊德算法求图所有点对间的最短路径</h1><div class=""a"">使用<span class=""hit"">弗洛伊德算法</span>求<span class=""hit"">所有点对间的最短路径</span>：以<span class=""hit"">邻接矩阵</span>cost为初始矩阵A(0)。依次以每个顶点k为中间顶点，对每对(i,j)判断经过k是否能缩短路径：若A[i][k]+A[k][j]&lt;A[i][j]，则A[i][j]=A[i][k]+A[k][j]。最终矩阵中每对顶点间的值即为最短路径长度。</div><div class=""ansbox"">挖空答案：<b>弗洛伊德算法、所有点对间的最短路径、邻接矩阵</b></div><div class=""pg"">教材页码：P251</div>"	图结构 简单应用 最短路径 13003数据结构与算法
"<div class=""top""><span class=""chip c1"">章节：图结构</span><span class=""chip c2"">本章重点</span><span class=""chip c3"">图的基本概念与基本操作</span></div><h1>图的基本概念</h1><div class=""q"">图的基本概念是本章重点，包括：图的定义（G=(V,E)，V为有限非空顶点集，E为边集）、图的分类（有向图/无向图/带权图）、顶点与边的关系（邻接、关联、度/入度/出度）、路径与回路（简单路径、回路、<span class=""blank"">______</span>）、连通性（连通图、<span class=""blank"">______</span>、<span class=""blank"">______</span>）等。</div>"	"<div class=""top""><span class=""chip c1"">章节：图结构</span><span class=""chip c2"">本章重点</span><span class=""chip c3"">图的基本概念与基本操作</span></div><h1>图的基本概念</h1><div class=""a"">图的基本概念是本章重点，包括：图的定义（G=(V,E)，V为有限非空顶点集，E为边集）、图的分类（有向图/无向图/带权图）、顶点与边的关系（邻接、关联、度/入度/出度）、路径与回路（简单路径、回路、<span class=""hit"">简单回路</span>）、连通性（连通图、<span class=""hit"">连通分量</span>、<span class=""hit"">强连通图</span>）等。</div><div class=""ansbox"">挖空答案：<b>简单回路、连通分量、强连通图</b></div><div class=""pg"">教材页码：P207</div>"	图结构 本章重点 图的基本概念与基本操作 13003数据结构与算法
"<div class=""top""><span class=""chip c1"">章节：图结构</span><span class=""chip c2"">本章重点</span><span class=""chip c3"">图的基本概念与基本操作</span></div><h1>图的邻接矩阵</h1><div class=""q"">图的邻接矩阵是本章重点<span class=""blank"">______</span>之一：用n阶矩阵表示图中各顶点间的邻接关系，有边处为1（或权值），无边处为0（或∞）。无向图邻接矩阵对称，有向图不一定对称。可方便判断边的存在和求<span class=""blank"">______</span>，<span class=""blank"">______</span>O(n²)，适合稠密图。</div>"	"<div class=""top""><span class=""chip c1"">章节：图结构</span><span class=""chip c2"">本章重点</span><span class=""chip c3"">图的基本概念与基本操作</span></div><h1>图的邻接矩阵</h1><div class=""a"">图的邻接矩阵是本章重点<span class=""hit"">存储结构</span>之一：用n阶矩阵表示图中各顶点间的邻接关系，有边处为1（或权值），无边处为0（或∞）。无向图邻接矩阵对称，有向图不一定对称。可方便判断边的存在和求<span class=""hit"">顶点的度</span>，<span class=""hit"">空间复杂度</span>O(n²)，适合稠密图。</div><div class=""ansbox"">挖空答案：<b>存储结构、顶点的度、空间复杂度</b></div><div class=""pg"">教材页码：P212</div>"	图结构 本章重点 图的基本概念与基本操作 13003数据结构与算法
"<div class=""top""><span class=""chip c1"">章节：图结构</span><span class=""chip c2"">本章重点</span><span class=""chip c3"">图的基本概念与基本操作</span></div><h1>邻接表及逆邻接表存储结构</h1><div class=""q"">邻接表及逆邻接表是本章重点的链式存储结构：邻接表由顶点数组和各顶点的邻接点单链表组成，<span class=""blank"">______</span>O(n+e)，适合稀疏图。逆邻接表将弧方向反转，便于求<span class=""blank"">______</span>。两者结合可方便地求出<span class=""blank"">______</span>和入度。</div>"	"<div class=""top""><span class=""chip c1"">章节：图结构</span><span class=""chip c2"">本章重点</span><span class=""chip c3"">图的基本概念与基本操作</span></div><h1>邻接表及逆邻接表存储结构</h1><div class=""a"">邻接表及逆邻接表是本章重点的链式存储结构：邻接表由顶点数组和各顶点的邻接点单链表组成，<span class=""hit"">空间复杂度</span>O(n+e)，适合稀疏图。逆邻接表将弧方向反转，便于求<span class=""hit"">顶点的入度</span>。两者结合可方便地求出<span class=""hit"">顶点的出度</span>和入度。</div><div class=""ansbox"">挖空答案：<b>空间复杂度、顶点的入度、顶点的出度</b></div><div class=""pg"">教材页码：P213</div>"	图结构 本章重点 图的基本概念与基本操作 13003数据结构与算法
"<div class=""top""><span class=""chip c1"">章节：图结构</span><span class=""chip c2"">本章重点</span><span class=""chip c3"">图的基本概念与基本操作</span></div><h1>图的基本操作的实现</h1><div class=""q"">图的基本操作的实现是本章重点：在<span class=""blank"">______</span>存储结构下实现创建图、输出图信息、查询边的<span class=""blank"">______</span>、查找第一个<span class=""blank"">______</span>和下一个邻接点、获取顶点数和边数等操作。关键在于通过邻接矩阵行/列扫描来定位邻接点。</div>"	"<div class=""top""><span class=""chip c1"">章节：图结构</span><span class=""chip c2"">本章重点</span><span class=""chip c3"">图的基本概念与基本操作</span></div><h1>图的基本操作的实现</h1><div class=""a"">图的基本操作的实现是本章重点：在<span class=""hit"">邻接矩阵</span>存储结构下实现创建图、输出图信息、查询边的<span class=""hit"">权值</span>、查找第一个<span class=""hit"">邻接点</span>和下一个<span class=""hit"">邻接点</span>、获取顶点数和边数等操作。关键在于通过<span class=""hit"">邻接矩阵</span>行/列扫描来定位<span class=""hit"">邻接点</span>。</div><div class=""ansbox"">挖空答案：<b>邻接矩阵、权值、邻接点</b></div><div class=""pg"">教材页码：P215</div>"	图结构 本章重点 图的基本概念与基本操作 13003数据结构与算法
"<div class=""top""><span class=""chip c1"">章节：图结构</span><span class=""chip c2"">本章重点</span><span class=""chip c3"">图的基本概念与基本操作</span></div><h1>图的深度优先搜索和广度优先搜索遍历算法</h1><div class=""q"">图的<span class=""blank"">______</span>和<span class=""blank"">______</span>遍历算法是本章重点：DFS类似先序遍历，用栈（递归）实现，尽可能深入后回溯；BFS类似层序遍历，用队列实现，由近及远逐层访问。两者<span class=""blank"">______</span>均为O(n²)（邻接矩阵）或O(n+e)（邻接表）。</div>"	"<div class=""top""><span class=""chip c1"">章节：图结构</span><span class=""chip c2"">本章重点</span><span class=""chip c3"">图的基本概念与基本操作</span></div><h1>图的深度优先搜索和广度优先搜索遍历算法</h1><div class=""a"">图的<span class=""hit"">深度优先搜索</span>和<span class=""hit"">广度优先搜索</span>遍历算法是本章重点：DFS类似先序遍历，用栈（递归）实现，尽可能深入后回溯；BFS类似层序遍历，用队列实现，由近及远逐层访问。两者<span class=""hit"">时间复杂度</span>均为O(n²)（邻接矩阵）或O(n+e)（邻接表）。</div><div class=""ansbox"">挖空答案：<b>深度优先搜索、广度优先搜索、时间复杂度</b></div><div class=""pg"">教材页码：P221</div>"	图结构 本章重点 图的基本概念与基本操作 13003数据结构与算法
"<div class=""top""><span class=""chip c1"">章节：图结构</span><span class=""chip c2"">本章重点</span><span class=""chip c3"">图的基本概念与基本操作</span></div><h1>图的生成树概念及求带权图的最小生成树的算法</h1><div class=""q"">图的<span class=""blank"">______</span>概念及求<span class=""blank"">______</span>最小生成树的算法是本章重点：生成树是连通图的极小连通子图（n个顶点n-1条边）。最小生成树是权值之和最小的生成树，由Prim算法（适合稠密图，O(n²)）和Kruskal算法（适合稀疏图，O(<span class=""blank"">______</span>)）求解。</div>"	"<div class=""top""><span class=""chip c1"">章节：图结构</span><span class=""chip c2"">本章重点</span><span class=""chip c3"">图的基本概念与基本操作</span></div><h1>图的生成树概念及求带权图的最小生成树的算法</h1><div class=""a"">图的<span class=""hit"">生成树</span>概念及求<span class=""hit"">带权图</span>最小<span class=""hit"">生成树</span>的算法是本章重点：<span class=""hit"">生成树</span>是连通图的极小连通子图（n个顶点n-1条边）。最小<span class=""hit"">生成树</span>是权值之和最小的<span class=""hit"">生成树</span>，由Prim算法（适合稠密图，O(n²)）和Kruskal算法（适合稀疏图，O(<span class=""hit"">eloge</span>)）求解。</div><div class=""ansbox"">挖空答案：<b>生成树、带权图、eloge</b></div><div class=""pg"">教材页码：P226</div>"	图结构 本章重点 图的基本概念与基本操作 13003数据结构与算法
"<div class=""top""><span class=""chip c1"">章节：图结构</span><span class=""chip c2"">本章重点</span><span class=""chip c3"">图的基本概念与基本操作</span></div><h1>有向无环图的概念</h1><div class=""q""><span class=""blank"">______</span>（DAG）的概念是本章重点：不存在回路的有向图称为有向无环图。DAG可用于描述工程中各子工程的先后关系，表示为AOV网（顶点表示活动）和<span class=""blank"">______</span>（边表示活动）。DAG是<span class=""blank"">______</span>和关键路径算法的基础。</div>"	"<div class=""top""><span class=""chip c1"">章节：图结构</span><span class=""chip c2"">本章重点</span><span class=""chip c3"">图的基本概念与基本操作</span></div><h1>有向无环图的概念</h1><div class=""a""><span class=""hit"">有向无环图</span>（DAG）的概念是本章重点：不存在回路的有向图称为<span class=""hit"">有向无环图</span>。DAG可用于描述工程中各子工程的先后关系，表示为AOV网（顶点表示活动）和<span class=""hit"">AOE网</span>（边表示活动）。DAG是<span class=""hit"">拓扑排序</span>和关键路径算法的基础。</div><div class=""ansbox"">挖空答案：<b>有向无环图、AOE网、拓扑排序</b></div><div class=""pg"">教材页码：P236</div>"	图结构 本章重点 图的基本概念与基本操作 13003数据结构与算法
"<div class=""top""><span class=""chip c1"">章节：图结构</span><span class=""chip c2"">本章重点</span><span class=""chip c3"">图的基本概念与基本操作</span></div><h1>求有向无环图的拓扑排序算法</h1><div class=""q"">求<span class=""blank"">______</span>的拓扑排序算法是本章重点：基于BFS策略——反复选入度为0的顶点输出并删除其出边（后继入度减1），直到全部输出或发现环。也可基于DFS策略——在DFS中顶点所有<span class=""blank"">______</span>都输出后才输出该顶点，再逆序即为<span class=""blank"">______</span>。</div>"	"<div class=""top""><span class=""chip c1"">章节：图结构</span><span class=""chip c2"">本章重点</span><span class=""chip c3"">图的基本概念与基本操作</span></div><h1>求有向无环图的拓扑排序算法</h1><div class=""a"">求<span class=""hit"">有向无环图</span>的拓扑排序算法是本章重点：基于BFS策略——反复选入度为0的顶点输出并删除其出边（后继入度减1），直到全部输出或发现环。也可基于DFS策略——在DFS中顶点所有<span class=""hit"">邻接点</span>都输出后才输出该顶点，再逆序即为<span class=""hit"">拓扑序列</span>。</div><div class=""ansbox"">挖空答案：<b>有向无环图、邻接点、拓扑序列</b></div><div class=""pg"">教材页码：P237</div>"	图结构 本章重点 图的基本概念与基本操作 13003数据结构与算法
"<div class=""top""><span class=""chip c1"">章节：图结构</span><span class=""chip c2"">本章重点</span><span class=""chip c3"">图的基本概念与基本操作</span></div><h1>求图的关键路径算法</h1><div class=""q"">求图的关键路径算法是本章重点：在<span class=""blank"">______</span>中，先按拓扑序列求各事件最早开始时间ve（向前递推取max），再按逆拓扑序列求各事件<span class=""blank"">______</span>vl（向后递推取min），然后计算各活动的e和l，e=l的活动为<span class=""blank"">______</span>，组成关键路径。关键路径长度为工程最短工期。</div>"	"<div class=""top""><span class=""chip c1"">章节：图结构</span><span class=""chip c2"">本章重点</span><span class=""chip c3"">图的基本概念与基本操作</span></div><h1>求图的关键路径算法</h1><div class=""a"">求图的关键路径算法是本章重点：在<span class=""hit"">AOE网</span>中，先按拓扑序列求各事件最早开始时间ve（向前递推取max），再按逆拓扑序列求各事件<span class=""hit"">最迟开始时间</span>vl（向后递推取min），然后计算各活动的e和l，e=l的活动为<span class=""hit"">关键活动</span>，组成关键路径。关键路径长度为工程最短工期。</div><div class=""ansbox"">挖空答案：<b>AOE网、最迟开始时间、关键活动</b></div><div class=""pg"">教材页码：P242</div>"	图结构 本章重点 图的基本概念与基本操作 13003数据结构与算法
"<div class=""top""><span class=""chip c1"">章节：图结构</span><span class=""chip c2"">本章重点</span><span class=""chip c3"">图的基本概念与基本操作</span></div><h1>迪杰斯特拉算法</h1><div class=""q"">迪杰斯特拉（<span class=""blank"">______</span>）算法是本章重点：按<span class=""blank"">______</span>不减的次序产生从源点到各顶点的最短路径。将顶点分为S（已确定最短路径）和V-S，每次从V-S中选dist最小的加入S，并更新其余顶点的dist。<span class=""blank"">______</span>O(n²)。</div>"	"<div class=""top""><span class=""chip c1"">章节：图结构</span><span class=""chip c2"">本章重点</span><span class=""chip c3"">图的基本概念与基本操作</span></div><h1>迪杰斯特拉算法</h1><div class=""a"">迪杰斯特拉（<span class=""hit"">Dijkstra</span>）算法是本章重点：按<span class=""hit"">路径长度</span>不减的次序产生从源点到各顶点的最短路径。将顶点分为S（已确定最短路径）和V-S，每次从V-S中选dist最小的加入S，并更新其余顶点的dist。<span class=""hit"">时间复杂度</span>O(n²)。</div><div class=""ansbox"">挖空答案：<b>Dijkstra、路径长度、时间复杂度</b></div><div class=""pg"">教材页码：P247</div>"	图结构 本章重点 图的基本概念与基本操作 13003数据结构与算法
"<div class=""top""><span class=""chip c1"">章节：图结构</span><span class=""chip c2"">本章重点</span><span class=""chip c3"">图的基本概念与基本操作</span></div><h1>弗洛伊德算法</h1><div class=""q"">弗洛伊德（<span class=""blank"">______</span>）算法是本章重点：通过三重循环，逐次允许以顶点k为中间点，比较A[i][k]+A[k][j]与A[i][j]的大小，取较小值更新。最终矩阵A中保存了所有点对间的最短<span class=""blank"">______</span>。算法简洁优雅，<span class=""blank"">______</span>O(n³)，适合求所有点对间的最短路径。</div>"	"<div class=""top""><span class=""chip c1"">章节：图结构</span><span class=""chip c2"">本章重点</span><span class=""chip c3"">图的基本概念与基本操作</span></div><h1>弗洛伊德算法</h1><div class=""a"">弗洛伊德（<span class=""hit"">Floyd</span>）算法是本章重点：通过三重循环，逐次允许以顶点k为中间点，比较A[i][k]+A[k][j]与A[i][j]的大小，取较小值更新。最终矩阵A中保存了所有点对间的最短<span class=""hit"">路径长度</span>。算法简洁优雅，<span class=""hit"">时间复杂度</span>O(n³)，适合求所有点对间的最短路径。</div><div class=""ansbox"">挖空答案：<b>Floyd、路径长度、时间复杂度</b></div><div class=""pg"">教材页码：P249</div>"	图结构 本章重点 图的基本概念与基本操作 13003数据结构与算法
"<div class=""top""><span class=""chip c1"">章节：图结构</span><span class=""chip c2"">本章难点</span><span class=""chip c3"">图的基本概念与基本操作</span></div><h1>图的各经典算法的求解过程</h1><div class=""q"">图的各经典算法的求解过程是本章难点：包括DFS和BFS的遍历过程、生成树和<span class=""blank"">______</span>的构造过程（Prim选边策略、Kruskal排序选边合并连通分量）、<span class=""blank"">______</span>过程（入度表维护）、<span class=""blank"">______</span>求解过程（ve/vl双向递推）、Dijkstra最短路径过程（S集合扩展和dist更新）、Floyd算法过程（中间点递推）。需理解每个算法每一步的操作依据。</div>"	"<div class=""top""><span class=""chip c1"">章节：图结构</span><span class=""chip c2"">本章难点</span><span class=""chip c3"">图的基本概念与基本操作</span></div><h1>图的各经典算法的求解过程</h1><div class=""a"">图的各经典算法的求解过程是本章难点：包括DFS和BFS的遍历过程、生成树和<span class=""hit"">最小生成树</span>的构造过程（Prim选边策略、Kruskal排序选边合并连通分量）、<span class=""hit"">拓扑排序</span>过程（入度表维护）、<span class=""hit"">关键路径</span>求解过程（ve/vl双向递推）、Dijkstra最短路径过程（S集合扩展和dist更新）、Floyd算法过程（中间点递推）。需理解每个算法每一步的操作依据。</div><div class=""ansbox"">挖空答案：<b>最小生成树、拓扑排序、关键路径</b></div><div class=""pg"">教材页码：P252</div>"	图结构 本章难点 图的基本概念与基本操作 13003数据结构与算法
"<div class=""top""><span class=""chip c1"">章节：图结构</span><span class=""chip c2"">本章难点</span><span class=""chip c3"">图的基本概念与基本操作</span></div><h1>实现及时间复杂度分析</h1><div class=""q"">各算法的实现及时间复杂度分析是本章难点：DFS/BFS在<span class=""blank"">______</span>下为O(n²)、邻接表下为O(n+e)；Prim算法O(n²)适合稠密图；Kruskal算法O(<span class=""blank"">______</span>)适合稀疏图；Dijkstra算法O(n²)；Floyd算法O(n³)；拓扑排序和关键路径均为O(n+e)。需根据<span class=""blank"">______</span>和图的特性选择合适算法。</div>"	"<div class=""top""><span class=""chip c1"">章节：图结构</span><span class=""chip c2"">本章难点</span><span class=""chip c3"">图的基本概念与基本操作</span></div><h1>实现及时间复杂度分析</h1><div class=""a"">各算法的实现及时间复杂度分析是本章难点：DFS/BFS在<span class=""hit"">邻接矩阵</span>下为O(n²)、邻接表下为O(n+e)；Prim算法O(n²)适合稠密图；Kruskal算法O(<span class=""hit"">eloge</span>)适合稀疏图；Dijkstra算法O(n²)；Floyd算法O(n³)；拓扑排序和关键路径均为O(n+e)。需根据<span class=""hit"">问题规模</span>和图的特性选择合适算法。</div><div class=""ansbox"">挖空答案：<b>邻接矩阵、eloge、问题规模</b></div><div class=""pg"">教材页码：P252</div>"	图结构 本章难点 图的基本概念与基本操作 13003数据结构与算法
"<div class=""top""><span class=""chip c1"">章节：内部排序</span><span class=""chip c2"">识记</span><span class=""chip c3"">排序的基本概念</span></div><h1>排序</h1><div class=""q"">排序(<span class=""blank"">______</span>)是将一组记录按照其<span class=""blank"">______</span>的值重排，使其关键字域的值具有非递减或非递增顺序的过程。即给定一组记录r1...rn，将其排成满足ks1≤ks2≤...≤ksn或ks1≥ks2≥...≥ksn的序列。</div>"	"<div class=""top""><span class=""chip c1"">章节：内部排序</span><span class=""chip c2"">识记</span><span class=""chip c3"">排序的基本概念</span></div><h1>排序</h1><div class=""a"">排序(<span class=""hit"">sorting</span>)是将一组记录按照其<span class=""hit"">关键字</span>的值重排，使其<span class=""hit"">关键字</span>域的值具有非递减或非递增顺序的过程。即给定一组记录r1...rn，将其排成满足ks1≤ks2≤...≤ksn或ks1≥ks2≥...≥ksn的序列。</div><div class=""ansbox"">挖空答案：<b>sorting、关键字</b></div><div class=""pg"">教材页码：P256</div>"	内部排序 识记 排序的基本概念 13003数据结构与算法
"<div class=""top""><span class=""chip c1"">章节：内部排序</span><span class=""chip c2"">识记</span><span class=""chip c3"">排序的基本概念</span></div><h1>关键字</h1><div class=""q"">关键字是记录内用来存放<span class=""blank"">______</span>依据的特殊域，其类型必须是可比较的（如字符型或数值型）。记录的排列次序由关键字的排列次序决定，在排序<span class=""blank"">______</span>中关键字也称为<span class=""blank"">______</span>。</div>"	"<div class=""top""><span class=""chip c1"">章节：内部排序</span><span class=""chip c2"">识记</span><span class=""chip c3"">排序的基本概念</span></div><h1>关键字</h1><div class=""a"">关键字是记录内用来存放<span class=""hit"">排序</span>依据的特殊域，其类型必须是可比较的（如字符型或数值型）。记录的排列次序由关键字的排列次序决定，在<span class=""hit"">排序</span><span class=""hit"">算法</span>中关键字也称为<span class=""hit"">排序码</span>。</div><div class=""ansbox"">挖空答案：<b>排序、算法、排序码</b></div><div class=""pg"">教材页码：P255</div>"	内部排序 识记 排序的基本概念 13003数据结构与算法
"<div class=""top""><span class=""chip c1"">章节：内部排序</span><span class=""chip c2"">识记</span><span class=""chip c3"">排序的基本概念</span></div><h1>主关键字</h1><div class=""q"">主关键字是能唯一标识记录的关键字，其值不允许重复。主关键字值一旦确定即对应唯一一条记录，主关键字与记录一一对应。按主关键字<span class=""blank"">______</span>结果唯一。</div>"	"<div class=""top""><span class=""chip c1"">章节：内部排序</span><span class=""chip c2"">识记</span><span class=""chip c3"">排序的基本概念</span></div><h1>主关键字</h1><div class=""a"">主关键字是能唯一标识记录的关键字，其值不允许重复。主关键字值一旦确定即对应唯一一条记录，主关键字与记录一一对应。按主关键字<span class=""hit"">排序</span>结果唯一。</div><div class=""ansbox"">挖空答案：<b>排序</b></div><div class=""pg"">教材页码：P256</div>"	内部排序 识记 排序的基本概念 13003数据结构与算法
"<div class=""top""><span class=""chip c1"">章节：内部排序</span><span class=""chip c2"">识记</span><span class=""chip c3"">排序的基本概念</span></div><h1>次关键字</h1><div class=""q"">次关键字是除<span class=""blank"">______</span>外的其余关键字，其值可以有相同。按次关键字<span class=""blank"">______</span>时，由于允许多个记录关键字值相同，排序结果可能不唯一。</div>"	"<div class=""top""><span class=""chip c1"">章节：内部排序</span><span class=""chip c2"">识记</span><span class=""chip c3"">排序的基本概念</span></div><h1>次关键字</h1><div class=""a"">次关键字是除<span class=""hit"">主关键字</span>外的其余关键字，其值可以有相同。按次关键字<span class=""hit"">排序</span>时，由于允许多个记录关键字值相同，<span class=""hit"">排序</span>结果可能不唯一。</div><div class=""ansbox"">挖空答案：<b>主关键字、排序</b></div><div class=""pg"">教材页码：P256</div>"	内部排序 识记 排序的基本概念 13003数据结构与算法
"<div class=""top""><span class=""chip c1"">章节：内部排序</span><span class=""chip c2"">识记</span><span class=""chip c3"">排序的基本概念</span></div><h1>升序</h1><div class=""q"">经过<span class=""blank"">______</span>的数据，若<span class=""blank"">______</span>值依从小到大的顺序排列，则称为升序。一般不特别指明时，排序<span class=""blank"">______</span>将数据按升序排列。</div>"	"<div class=""top""><span class=""chip c1"">章节：内部排序</span><span class=""chip c2"">识记</span><span class=""chip c3"">排序的基本概念</span></div><h1>升序</h1><div class=""a"">经过<span class=""hit"">排序</span>的数据，若<span class=""hit"">关键字</span>值依从小到大的顺序排列，则称为升序。一般不特别指明时，<span class=""hit"">排序</span><span class=""hit"">算法</span>将数据按升序排列。</div><div class=""ansbox"">挖空答案：<b>排序、关键字、算法</b></div><div class=""pg"">教材页码：P256</div>"	内部排序 识记 排序的基本概念 13003数据结构与算法
"<div class=""top""><span class=""chip c1"">章节：内部排序</span><span class=""chip c2"">识记</span><span class=""chip c3"">排序的基本概念</span></div><h1>降序</h1><div class=""q"">经过排序的数据，若<span class=""blank"">______</span>值依从大到小的顺序排列，则称为降序。降序与<span class=""blank"">______</span>方向相反，使用<span class=""blank"">______</span>可得到降序排序结果。</div>"	"<div class=""top""><span class=""chip c1"">章节：内部排序</span><span class=""chip c2"">识记</span><span class=""chip c3"">排序的基本概念</span></div><h1>降序</h1><div class=""a"">经过排序的数据，若<span class=""hit"">关键字</span>值依从大到小的顺序排列，则称为降序。降序与<span class=""hit"">升序</span>方向相反，使用<span class=""hit"">最小堆</span>可得到降序排序结果。</div><div class=""ansbox"">挖空答案：<b>关键字、升序、最小堆</b></div><div class=""pg"">教材页码：P256</div>"	内部排序 识记 排序的基本概念 13003数据结构与算法
"<div class=""top""><span class=""chip c1"">章节：内部排序</span><span class=""chip c2"">识记</span><span class=""chip c3"">排序的基本概念</span></div><h1>逆序对</h1><div class=""q"">当两个记录中<span class=""blank"">______</span>的大小次序与记录的相对次序不一致时，称这两个记录是逆序的(<span class=""blank"">______</span>)。<span class=""blank"">______</span>本质上就是不断调整逆序数据对的过程。</div>"	"<div class=""top""><span class=""chip c1"">章节：内部排序</span><span class=""chip c2"">识记</span><span class=""chip c3"">排序的基本概念</span></div><h1>逆序对</h1><div class=""a"">当两个记录中<span class=""hit"">关键字</span>的大小次序与记录的相对次序不一致时，称这两个记录是逆序的(<span class=""hit"">inversion</span>)。<span class=""hit"">排序</span>本质上就是不断调整逆序数据对的过程。</div><div class=""ansbox"">挖空答案：<b>关键字、inversion、排序</b></div><div class=""pg"">教材页码：P256</div>"	内部排序 识记 排序的基本概念 13003数据结构与算法
"<div class=""top""><span class=""chip c1"">章节：内部排序</span><span class=""chip c2"">识记</span><span class=""chip c3"">排序的基本概念</span></div><h1>内部排序</h1><div class=""q"">当待<span class=""blank"">______</span>数据量不大，全部数据都可放入内存，排序操作完全在内存中进行时，称为内部排序(<span class=""blank"">______</span>)。因不涉及内外存数据交换，排序速度较快。</div>"	"<div class=""top""><span class=""chip c1"">章节：内部排序</span><span class=""chip c2"">识记</span><span class=""chip c3"">排序的基本概念</span></div><h1>内部排序</h1><div class=""a"">当待<span class=""hit"">排序</span>数据量不大，全部数据都可放入内存，<span class=""hit"">排序</span>操作完全在内存中进行时，称为内部<span class=""hit"">排序</span>(<span class=""hit"">internal sorting</span>)。因不涉及内外存数据交换，<span class=""hit"">排序</span>速度较快。</div><div class=""ansbox"">挖空答案：<b>排序、internal sorting</b></div><div class=""pg"">教材页码：P256</div>"	内部排序 识记 排序的基本概念 13003数据结构与算法
"<div class=""top""><span class=""chip c1"">章节：内部排序</span><span class=""chip c2"">识记</span><span class=""chip c3"">排序的基本概念</span></div><h1>外排序</h1><div class=""q"">当待排序数据量大，全部数据不能同时放入内存，需借助外存分批完成排序时，称为<span class=""blank"">______</span>(<span class=""blank"">______</span>)。排序注重减少内外存数据<span class=""blank"">______</span>。</div>"	"<div class=""top""><span class=""chip c1"">章节：内部排序</span><span class=""chip c2"">识记</span><span class=""chip c3"">排序的基本概念</span></div><h1>外排序</h1><div class=""a"">当待排序数据量大，全部数据不能同时放入内存，需借助外存分批完成排序时，称为<span class=""hit"">外部排序</span>(<span class=""hit"">external sorting</span>)。排序注重减少内外存数据<span class=""hit"">交换次数</span>。</div><div class=""ansbox"">挖空答案：<b>外部排序、external sorting、交换次数</b></div><div class=""pg"">教材页码：P256</div>"	内部排序 识记 排序的基本概念 13003数据结构与算法
"<div class=""top""><span class=""chip c1"">章节：内部排序</span><span class=""chip c2"">识记</span><span class=""chip c3"">排序的基本概念</span></div><h1>稳定排序</h1><div class=""q"">具有相等<span class=""blank"">______</span>的两个记录，<span class=""blank"">______</span>前位于后者之前，排序后仍位于后者之前，即不改变相等关键字记录的相对次序，称为稳定排序(<span class=""blank"">______</span>)；反之则不稳定。</div>"	"<div class=""top""><span class=""chip c1"">章节：内部排序</span><span class=""chip c2"">识记</span><span class=""chip c3"">排序的基本概念</span></div><h1>稳定排序</h1><div class=""a"">具有相等<span class=""hit"">关键字</span>的两个记录，<span class=""hit"">排序</span>前位于后者之前，<span class=""hit"">排序</span>后仍位于后者之前，即不改变相等<span class=""hit"">关键字</span>记录的相对次序，称为稳定<span class=""hit"">排序</span>(<span class=""hit"">stable</span>)；反之则不稳定。</div><div class=""ansbox"">挖空答案：<b>关键字、排序、stable</b></div><div class=""pg"">教材页码：P256</div>"	内部排序 识记 排序的基本概念 13003数据结构与算法
"<div class=""top""><span class=""chip c1"">章节：内部排序</span><span class=""chip c2"">识记</span><span class=""chip c3"">排序的基本概念</span></div><h1>交换次数</h1><div class=""q"">交换次数是<span class=""blank"">______</span>算法中记录交换（<span class=""blank"">______</span>移动）的次数，是衡量时间开销的主要指标之一。每交换一次意味着数据移动。</div>"	"<div class=""top""><span class=""chip c1"">章节：内部排序</span><span class=""chip c2"">识记</span><span class=""chip c3"">排序的基本概念</span></div><h1>交换次数</h1><div class=""a"">交换次数是<span class=""hit"">排序</span>算法中记录交换（<span class=""hit"">数据</span>移动）的次数，是衡量时间开销的主要指标之一。每交换一次意味着<span class=""hit"">数据</span>移动。</div><div class=""ansbox"">挖空答案：<b>排序、数据</b></div><div class=""pg"">教材页码：P257</div>"	内部排序 识记 排序的基本概念 13003数据结构与算法
"<div class=""top""><span class=""chip c1"">章节：内部排序</span><span class=""chip c2"">识记</span><span class=""chip c3"">排序的基本概念</span></div><h1>比较次数</h1><div class=""q"">比较次数是排序算法执行过程中<span class=""blank"">______</span>之间进行大小比较的次数，是衡量排序<span class=""blank"">______</span>的核心指标，与<span class=""blank"">______</span>共同决定算法效率。</div>"	"<div class=""top""><span class=""chip c1"">章节：内部排序</span><span class=""chip c2"">识记</span><span class=""chip c3"">排序的基本概念</span></div><h1>比较次数</h1><div class=""a"">比较次数是排序算法执行过程中<span class=""hit"">关键字</span>之间进行大小比较的次数，是衡量排序<span class=""hit"">时间复杂度</span>的核心指标，与<span class=""hit"">交换次数</span>共同决定算法效率。</div><div class=""ansbox"">挖空答案：<b>关键字、时间复杂度、交换次数</b></div><div class=""pg"">教材页码：P257</div>"	内部排序 识记 排序的基本概念 13003数据结构与算法
"<div class=""top""><span class=""chip c1"">章节：内部排序</span><span class=""chip c2"">领会</span><span class=""chip c3"">排序的基本概念</span></div><h1>稳定的含义</h1><div class=""q"">稳定排序指相等关键字记录排序前后相对次序不变。<span class=""blank"">______</span>、起泡排序、归并排序、<span class=""blank"">______</span>是稳定的；希尔排序、快速排序、堆排序、<span class=""blank"">______</span>不稳定。</div>"	"<div class=""top""><span class=""chip c1"">章节：内部排序</span><span class=""chip c2"">领会</span><span class=""chip c3"">排序的基本概念</span></div><h1>稳定的含义</h1><div class=""a"">稳定排序指相等关键字记录排序前后相对次序不变。<span class=""hit"">直接插入排序</span>、起泡排序、归并排序、<span class=""hit"">基数排序</span>是稳定的；希尔排序、快速排序、堆排序、<span class=""hit"">简单选择排序</span>不稳定。</div><div class=""ansbox"">挖空答案：<b>直接插入排序、基数排序、简单选择排序</b></div><div class=""pg"">教材页码：P290</div>"	内部排序 领会 排序的基本概念 13003数据结构与算法
"<div class=""top""><span class=""chip c1"">章节：内部排序</span><span class=""chip c2"">领会</span><span class=""chip c3"">排序的基本概念</span></div><h1>评价排序算法的标准</h1><div class=""q"">评价排序算法主要看<span class=""blank"">______</span>（最优、最差、平均）和<span class=""blank"">______</span>。时间开销主要统计关键字比较次数和记录<span class=""blank"">______</span>；空间开销指排序过程所需额外空间。</div>"	"<div class=""top""><span class=""chip c1"">章节：内部排序</span><span class=""chip c2"">领会</span><span class=""chip c3"">排序的基本概念</span></div><h1>评价排序算法的标准</h1><div class=""a"">评价排序算法主要看<span class=""hit"">时间复杂度</span>（最优、最差、平均）和<span class=""hit"">空间复杂度</span>。时间开销主要统计关键字比较次数和记录<span class=""hit"">交换次数</span>；空间开销指排序过程所需额外空间。</div><div class=""ansbox"">挖空答案：<b>时间复杂度、空间复杂度、交换次数</b></div><div class=""pg"">教材页码：P257</div>"	内部排序 领会 排序的基本概念 13003数据结构与算法
"<div class=""top""><span class=""chip c1"">章节：内部排序</span><span class=""chip c2"">领会</span><span class=""chip c3"">排序的基本概念</span></div><h1>数据的初始排列</h1><div class=""q"">数据的初始排列次序不同，<span class=""blank"">______</span>所需的比较及移动次数不同。最少情形为最优<span class=""blank"">______</span>，最多情形为最差时间复杂度，平均情形为<span class=""blank"">______</span>。</div>"	"<div class=""top""><span class=""chip c1"">章节：内部排序</span><span class=""chip c2"">领会</span><span class=""chip c3"">排序的基本概念</span></div><h1>数据的初始排列</h1><div class=""a"">数据的初始排列次序不同，<span class=""hit"">排序</span>所需的比较及移动次数不同。最少情形为最优<span class=""hit"">时间复杂度</span>，最多情形为最差<span class=""hit"">时间复杂度</span>，平均情形为<span class=""hit"">平均时间复杂度</span>。</div><div class=""ansbox"">挖空答案：<b>排序、时间复杂度、平均时间复杂度</b></div><div class=""pg"">教材页码：P257</div>"	内部排序 领会 排序的基本概念 13003数据结构与算法
"<div class=""top""><span class=""chip c1"">章节：内部排序</span><span class=""chip c2"">领会</span><span class=""chip c3"">排序的基本概念</span></div><h1>排序中的主要操作</h1><div class=""q""><span class=""blank"">______</span>算法的主要操作包括<span class=""blank"">______</span>的比较及记录的交换（意味着<span class=""blank"">______</span>移动）。时间开销主要统计这两项操作执行的次数。</div>"	"<div class=""top""><span class=""chip c1"">章节：内部排序</span><span class=""chip c2"">领会</span><span class=""chip c3"">排序的基本概念</span></div><h1>排序中的主要操作</h1><div class=""a""><span class=""hit"">排序</span>算法的主要操作包括<span class=""hit"">关键字</span>的比较及记录的交换（意味着<span class=""hit"">数据</span>移动）。时间开销主要统计这两项操作执行的次数。</div><div class=""ansbox"">挖空答案：<b>排序、关键字、数据</b></div><div class=""pg"">教材页码：P257</div>"	内部排序 领会 排序的基本概念 13003数据结构与算法
"<div class=""top""><span class=""chip c1"">章节：内部排序</span><span class=""chip c2"">识记</span><span class=""chip c3"">插入排序</span></div><h1>直接插入排序</h1><div class=""q"">直接插入排序是插入排序的基本形式，<span class=""blank"">______</span>为将一个<span class=""blank"">______</span>插入到前面已有序的子序列中，形成更长的有序子序列。初始第一个元素自然有序。</div>"	"<div class=""top""><span class=""chip c1"">章节：内部排序</span><span class=""chip c2"">识记</span><span class=""chip c3"">插入排序</span></div><h1>直接插入排序</h1><div class=""a"">直接插入排序是插入排序的基本形式，<span class=""hit"">基本操作</span>为将一个<span class=""hit"">待排序元素</span>插入到前面已有序的子序列中，形成更长的有序子序列。初始第一个元素自然有序。</div><div class=""ansbox"">挖空答案：<b>基本操作、待排序元素</b></div><div class=""pg"">教材页码：P257</div>"	内部排序 识记 插入排序 13003数据结构与算法
"<div class=""top""><span class=""chip c1"">章节：内部排序</span><span class=""chip c2"">识记</span><span class=""chip c3"">插入排序</span></div><h1>有序子段</h1><div class=""q"">有序子段是插入<span class=""blank"">______</span>中前面部分已经排好序的子序列。初始仅含第一个元素，每趟排序增加一个元素，n-1趟后包含全部元素。</div>"	"<div class=""top""><span class=""chip c1"">章节：内部排序</span><span class=""chip c2"">识记</span><span class=""chip c3"">插入排序</span></div><h1>有序子段</h1><div class=""a"">有序子段是插入<span class=""hit"">排序</span>中前面部分已经排好序的子序列。初始仅含第一个元素，每趟<span class=""hit"">排序</span>增加一个元素，n-1趟后包含全部元素。</div><div class=""ansbox"">挖空答案：<b>排序</b></div><div class=""pg"">教材页码：P257</div>"	内部排序 识记 插入排序 13003数据结构与算法
"<div class=""top""><span class=""chip c1"">章节：内部排序</span><span class=""chip c2"">识记</span><span class=""chip c3"">插入排序</span></div><h1>待排序元素</h1><div class=""q"">待排序元素是插入排序中尚未进入<span class=""blank"">______</span>、等待被取出插入到前面有序子序列中的元素，位于<span class=""blank"">______</span>后半部分的U区域中。</div>"	"<div class=""top""><span class=""chip c1"">章节：内部排序</span><span class=""chip c2"">识记</span><span class=""chip c3"">插入排序</span></div><h1>待排序元素</h1><div class=""a"">待排序元素是插入排序中尚未进入<span class=""hit"">有序子段</span>、等待被取出插入到前面有序子序列中的元素，位于<span class=""hit"">数组</span>后半部分的U区域中。</div><div class=""ansbox"">挖空答案：<b>有序子段、数组</b></div><div class=""pg"">教材页码：P257</div>"	内部排序 识记 插入排序 13003数据结构与算法
"<div class=""top""><span class=""chip c1"">章节：内部排序</span><span class=""chip c2"">识记</span><span class=""chip c3"">插入排序</span></div><h1>希尔排序</h1><div class=""q"">希尔排序(<span class=""blank"">______</span>)又称缩小<span class=""blank"">______</span>排序，由D.L.Shell于1959年提出，是<span class=""blank"">______</span>的改进。按增量分组对各组进行直接插入排序，增量递减至1。</div>"	"<div class=""top""><span class=""chip c1"">章节：内部排序</span><span class=""chip c2"">识记</span><span class=""chip c3"">插入排序</span></div><h1>希尔排序</h1><div class=""a"">希尔排序(<span class=""hit"">Shell sort</span>)又称缩小<span class=""hit"">增量</span>排序，由D.L.Shell于1959年提出，是<span class=""hit"">直接插入排序</span>的改进。按<span class=""hit"">增量</span>分组对各组进行<span class=""hit"">直接插入排序</span>，<span class=""hit"">增量</span>递减至1。</div><div class=""ansbox"">挖空答案：<b>Shell sort、增量、直接插入排序</b></div><div class=""pg"">教材页码：P260</div>"	内部排序 识记 插入排序 13003数据结构与算法
"<div class=""top""><span class=""chip c1"">章节：内部排序</span><span class=""chip c2"">识记</span><span class=""chip c3"">插入排序</span></div><h1>增量</h1><div class=""q"">增量d是<span class=""blank"">______</span>中分组的间隔数。相距等间隔d的元素归入同一组，各趟d值递减，最后一趟d=1即对全部<span class=""blank"">______</span>直接插入排序。</div>"	"<div class=""top""><span class=""chip c1"">章节：内部排序</span><span class=""chip c2"">识记</span><span class=""chip c3"">插入排序</span></div><h1>增量</h1><div class=""a"">增量d是<span class=""hit"">希尔排序</span>中分组的间隔数。相距等间隔d的元素归入同一组，各趟d值递减，最后一趟d=1即对全部<span class=""hit"">数据</span>直接插入排序。</div><div class=""ansbox"">挖空答案：<b>希尔排序、数据</b></div><div class=""pg"">教材页码：P260</div>"	内部排序 识记 插入排序 13003数据结构与算法
"<div class=""top""><span class=""chip c1"">章节：内部排序</span><span class=""chip c2"">识记</span><span class=""chip c3"">插入排序</span></div><h1>增量序列</h1><div class=""q"">增量序列是<span class=""blank"">______</span>各趟所选用的d值构成的递减序列，最后一项必为1。常见取法如d0=n, d(i+1)=floor(di/2)等。增量间最好无倍数关系。</div>"	"<div class=""top""><span class=""chip c1"">章节：内部排序</span><span class=""chip c2"">识记</span><span class=""chip c3"">插入排序</span></div><h1>增量序列</h1><div class=""a"">增量序列是<span class=""hit"">希尔排序</span>各趟所选用的d值构成的递减序列，最后一项必为1。常见取法如d0=n, d(i+1)=floor(di/2)等。增量间最好无倍数关系。</div><div class=""ansbox"">挖空答案：<b>希尔排序</b></div><div class=""pg"">教材页码：P260</div>"	内部排序 识记 插入排序 13003数据结构与算法
"<div class=""top""><span class=""chip c1"">章节：内部排序</span><span class=""chip c2"">领会</span><span class=""chip c3"">插入排序</span></div><h1>直接插入排序的基本思想</h1><div class=""q""><span class=""blank"">______</span>基本思想：初始第一个元素形成有序子序列，从第二个元素起依次取出<span class=""blank"">______</span>，从后向前与有序子序列元素比较，逆序则交换，直到找到合适<span class=""blank"">______</span>插入。</div>"	"<div class=""top""><span class=""chip c1"">章节：内部排序</span><span class=""chip c2"">领会</span><span class=""chip c3"">插入排序</span></div><h1>直接插入排序的基本思想</h1><div class=""a""><span class=""hit"">直接插入排序</span>基本思想：初始第一个元素形成有序子序列，从第二个元素起依次取出<span class=""hit"">待排序元素</span>，从后向前与有序子序列元素比较，逆序则交换，直到找到合适<span class=""hit"">位置</span>插入。</div><div class=""ansbox"">挖空答案：<b>直接插入排序、待排序元素、位置</b></div><div class=""pg"">教材页码：P257</div>"	内部排序 领会 插入排序 13003数据结构与算法
"<div class=""top""><span class=""chip c1"">章节：内部排序</span><span class=""chip c2"">领会</span><span class=""chip c3"">插入排序</span></div><h1>特性及复杂度分析，希尔排序算法的基本思想</h1><div class=""q"">直接插入排序<span class=""blank"">______</span>O(n²)（最优O(n)、最差O(n²)），空间O(1)，稳定。<span class=""blank"">______</span>利用直接插入排序在<span class=""blank"">______</span>量小和基本有序时性能好的特点，先分组短段排序再长段排序。</div>"	"<div class=""top""><span class=""chip c1"">章节：内部排序</span><span class=""chip c2"">领会</span><span class=""chip c3"">插入排序</span></div><h1>特性及复杂度分析，希尔排序算法的基本思想</h1><div class=""a"">直接插入排序<span class=""hit"">时间复杂度</span>O(n²)（最优O(n)、最差O(n²)），空间O(1)，稳定。<span class=""hit"">希尔排序</span>利用直接插入排序在<span class=""hit"">数据</span>量小和基本有序时性能好的特点，先分组短段排序再长段排序。</div><div class=""ansbox"">挖空答案：<b>时间复杂度、希尔排序、数据</b></div><div class=""pg"">教材页码：P259</div>"	内部排序 领会 插入排序 13003数据结构与算法
"<div class=""top""><span class=""chip c1"">章节：内部排序</span><span class=""chip c2"">领会</span><span class=""chip c3"">插入排序</span></div><h1>特性及复杂度分析</h1><div class=""q"">希尔排序<span class=""blank"">______</span>移动步幅较大，改善了<span class=""blank"">______</span>效率，但因不相邻元素间移动而丢失<span class=""blank"">______</span>，即希尔排序不稳定。其效率分析较复杂，至今仍在研究中。</div>"	"<div class=""top""><span class=""chip c1"">章节：内部排序</span><span class=""chip c2"">领会</span><span class=""chip c3"">插入排序</span></div><h1>特性及复杂度分析</h1><div class=""a"">希尔排序<span class=""hit"">数据</span>移动步幅较大，改善了<span class=""hit"">直接插入排序</span>效率，但因不相邻元素间移动而丢失<span class=""hit"">稳定性</span>，即希尔排序不稳定。其效率分析较复杂，至今仍在研究中。</div><div class=""ansbox"">挖空答案：<b>数据、直接插入排序、稳定性</b></div><div class=""pg"">教材页码：P263</div>"	内部排序 领会 插入排序 13003数据结构与算法
"<div class=""top""><span class=""chip c1"">章节：内部排序</span><span class=""chip c2"">领会</span><span class=""chip c3"">插入排序</span></div><h1>组内排序</h1><div class=""q"">组内排序指<span class=""blank"">______</span>中，按增量将数据分成若干组后，对每组内的元素分别进行<span class=""blank"">______</span>，调整组内逆序对，提高<span class=""blank"">______</span>性。</div>"	"<div class=""top""><span class=""chip c1"">章节：内部排序</span><span class=""chip c2"">领会</span><span class=""chip c3"">插入排序</span></div><h1>组内排序</h1><div class=""a"">组内排序指<span class=""hit"">希尔排序</span>中，按增量将数据分成若干组后，对每组内的元素分别进行<span class=""hit"">直接插入排序</span>，调整组内逆序对，提高<span class=""hit"">整体有序</span>性。</div><div class=""ansbox"">挖空答案：<b>希尔排序、直接插入排序、整体有序</b></div><div class=""pg"">教材页码：P260</div>"	内部排序 领会 插入排序 13003数据结构与算法
"<div class=""top""><span class=""chip c1"">章节：内部排序</span><span class=""chip c2"">领会</span><span class=""chip c3"">插入排序</span></div><h1>希尔排序与直接插入排序的相关性</h1><div class=""q""><span class=""blank"">______</span>利用<span class=""blank"">______</span>两个优点：<span class=""blank"">______</span>量小时性能好、数据基本有序时性能好。先分短组排序（利用数据量少），再扩成长段基本有序排序（利用基本有序）。</div>"	"<div class=""top""><span class=""chip c1"">章节：内部排序</span><span class=""chip c2"">领会</span><span class=""chip c3"">插入排序</span></div><h1>希尔排序与直接插入排序的相关性</h1><div class=""a""><span class=""hit"">希尔排序</span>利用<span class=""hit"">直接插入排序</span>两个优点：<span class=""hit"">数据</span>量小时性能好、<span class=""hit"">数据</span>基本有序时性能好。先分短组排序（利用<span class=""hit"">数据</span>量少），再扩成长段基本有序排序（利用基本有序）。</div><div class=""ansbox"">挖空答案：<b>希尔排序、直接插入排序、数据</b></div><div class=""pg"">教材页码：P260</div>"	内部排序 领会 插入排序 13003数据结构与算法
"<div class=""top""><span class=""chip c1"">章节：内部排序</span><span class=""chip c2"">简单应用</span><span class=""chip c3"">插入排序</span></div><h1>灵活运用直接插入排序和希尔排序算法</h1><div class=""q"">能根据给定数据序列，手动模拟<span class=""blank"">______</span>每趟结果（下划线标记<span class=""blank"">______</span>），以及希尔排序按给定<span class=""blank"">______</span>每趟分组排序的结果。</div>"	"<div class=""top""><span class=""chip c1"">章节：内部排序</span><span class=""chip c2"">简单应用</span><span class=""chip c3"">插入排序</span></div><h1>灵活运用直接插入排序和希尔排序算法</h1><div class=""a"">能根据给定数据序列，手动模拟<span class=""hit"">直接插入排序</span>每趟结果（下划线标记<span class=""hit"">有序子段</span>），以及希尔排序按给定<span class=""hit"">增量序列</span>每趟分组排序的结果。</div><div class=""ansbox"">挖空答案：<b>直接插入排序、有序子段、增量序列</b></div><div class=""pg"">教材页码：P258</div>"	内部排序 简单应用 插入排序 13003数据结构与算法
"<div class=""top""><span class=""chip c1"">章节：内部排序</span><span class=""chip c2"">简单应用</span><span class=""chip c3"">插入排序</span></div><h1>能够实现直接插入排序和希尔排序算法</h1><div class=""q"">能够编写insertSort<span class=""blank"">______</span>和ShellSort希尔排序<span class=""blank"">______</span>代码，包括相邻交换版本和后移临时变量版本，以及希尔排序的分组插入修改。</div>"	"<div class=""top""><span class=""chip c1"">章节：内部排序</span><span class=""chip c2"">简单应用</span><span class=""chip c3"">插入排序</span></div><h1>能够实现直接插入排序和希尔排序算法</h1><div class=""a"">能够编写insertSort<span class=""hit"">直接插入排序</span>和ShellSort希尔排序<span class=""hit"">算法</span>代码，包括相邻交换版本和后移临时变量版本，以及希尔排序的分组插入修改。</div><div class=""ansbox"">挖空答案：<b>直接插入排序、算法</b></div><div class=""pg"">教材页码：P258</div>"	内部排序 简单应用 插入排序 13003数据结构与算法
"<div class=""top""><span class=""chip c1"">章节：内部排序</span><span class=""chip c2"">综合应用</span><span class=""chip c3"">插入排序</span></div><h1>能够运用插入排序的思想设计算法来解决应用问题</h1><div class=""q"">能够运用插入<span class=""blank"">______</span>「边比较边移动寻找插入<span class=""blank"">______</span>」的思想，设计并实现解决其他<span class=""blank"">______</span>排序相关的实际应用问题。</div>"	"<div class=""top""><span class=""chip c1"">章节：内部排序</span><span class=""chip c2"">综合应用</span><span class=""chip c3"">插入排序</span></div><h1>能够运用插入排序的思想设计算法来解决应用问题</h1><div class=""a"">能够运用插入<span class=""hit"">排序</span>「边比较边移动寻找插入<span class=""hit"">位置</span>」的思想，设计并实现解决其他<span class=""hit"">数据</span><span class=""hit"">排序</span>相关的实际应用问题。</div><div class=""ansbox"">挖空答案：<b>排序、位置、数据</b></div><div class=""pg"">教材页码：P257</div>"	内部排序 综合应用 插入排序 13003数据结构与算法
"<div class=""top""><span class=""chip c1"">章节：内部排序</span><span class=""chip c2"">识记</span><span class=""chip c3"">交换排序</span></div><h1>起泡排序</h1><div class=""q"">起泡排序(<span class=""blank"">______</span>)也称<span class=""blank"">______</span>，基本思想是扫描<span class=""blank"">______</span>依次比较相邻两个元素，若逆序则交换，每趟将本趟最大值「起泡「到最终位置。</div>"	"<div class=""top""><span class=""chip c1"">章节：内部排序</span><span class=""chip c2"">识记</span><span class=""chip c3"">交换排序</span></div><h1>起泡排序</h1><div class=""a"">起泡排序(<span class=""hit"">bubble sort</span>)也称<span class=""hit"">冒泡排序</span>，基本思想是扫描<span class=""hit"">数组</span>依次比较相邻两个元素，若逆序则交换，每趟将本趟最大值「起泡「到最终位置。</div><div class=""ansbox"">挖空答案：<b>bubble sort、冒泡排序、数组</b></div><div class=""pg"">教材页码：P263</div>"	内部排序 识记 交换排序 13003数据结构与算法
"<div class=""top""><span class=""chip c1"">章节：内部排序</span><span class=""chip c2"">识记</span><span class=""chip c3"">交换排序</span></div><h1>快速排序</h1><div class=""q"">快速排序(<span class=""blank"">______</span>)由C.A.R.Hoare于1962年提出，基于<span class=""blank"">______</span>。选<span class=""blank"">______</span>将数据划分为小于枢轴和大于枢轴两部分，递归排序两部分。</div>"	"<div class=""top""><span class=""chip c1"">章节：内部排序</span><span class=""chip c2"">识记</span><span class=""chip c3"">交换排序</span></div><h1>快速排序</h1><div class=""a"">快速排序(<span class=""hit"">quick sort</span>)由C.A.R.Hoare于1962年提出，基于<span class=""hit"">分治思想</span>。选<span class=""hit"">枢轴</span>将数据划分为小于<span class=""hit"">枢轴</span>和大于<span class=""hit"">枢轴</span>两部分，递归排序两部分。</div><div class=""ansbox"">挖空答案：<b>quick sort、分治思想、枢轴</b></div><div class=""pg"">教材页码：P267</div>"	内部排序 识记 交换排序 13003数据结构与算法
"<div class=""top""><span class=""chip c1"">章节：内部排序</span><span class=""chip c2"">识记</span><span class=""chip c3"">交换排序</span></div><h1>枢轴</h1><div class=""q"">枢轴(<span class=""blank"">______</span>)是<span class=""blank"">______</span>中选择的基准元素。将小于枢轴的数据分一组、大于枢轴的数据分一组，枢轴所在<span class=""blank"">______</span>即为其最终排序位置。</div>"	"<div class=""top""><span class=""chip c1"">章节：内部排序</span><span class=""chip c2"">识记</span><span class=""chip c3"">交换排序</span></div><h1>枢轴</h1><div class=""a"">枢轴(<span class=""hit"">pivot</span>)是<span class=""hit"">快速排序</span>中选择的基准元素。将小于枢轴的数据分一组、大于枢轴的数据分一组，枢轴所在<span class=""hit"">位置</span>即为其最终排序<span class=""hit"">位置</span>。</div><div class=""ansbox"">挖空答案：<b>pivot、快速排序、位置</b></div><div class=""pg"">教材页码：P267</div>"	内部排序 识记 交换排序 13003数据结构与算法
"<div class=""top""><span class=""chip c1"">章节：内部排序</span><span class=""chip c2"">识记</span><span class=""chip c3"">交换排序</span></div><h1>整体有序</h1><div class=""q"">整体有序指快速排序<span class=""blank"">______</span>后，一组中的所有<span class=""blank"">______</span>值全部小于另一组中的所有数据值。因此两个子段可独立进行排序。</div>"	"<div class=""top""><span class=""chip c1"">章节：内部排序</span><span class=""chip c2"">识记</span><span class=""chip c3"">交换排序</span></div><h1>整体有序</h1><div class=""a"">整体有序指快速排序<span class=""hit"">划分</span>后，一组中的所有<span class=""hit"">数据</span>值全部小于另一组中的所有<span class=""hit"">数据</span>值。因此两个子段可独立进行排序。</div><div class=""ansbox"">挖空答案：<b>划分、数据</b></div><div class=""pg"">教材页码：P268</div>"	内部排序 识记 交换排序 13003数据结构与算法
"<div class=""top""><span class=""chip c1"">章节：内部排序</span><span class=""chip c2"">识记</span><span class=""chip c3"">交换排序</span></div><h1>划分</h1><div class=""q"">划分是<span class=""blank"">______</span>中将一个大数据段按<span class=""blank"">______</span>分解为两个更小数据段的过程。每次划分使枢轴到达最终<span class=""blank"">______</span>，左右子段可递归排序。</div>"	"<div class=""top""><span class=""chip c1"">章节：内部排序</span><span class=""chip c2"">识记</span><span class=""chip c3"">交换排序</span></div><h1>划分</h1><div class=""a"">划分是<span class=""hit"">快速排序</span>中将一个大数据段按<span class=""hit"">枢轴</span>分解为两个更小数据段的过程。每次划分使<span class=""hit"">枢轴</span>到达最终<span class=""hit"">位置</span>，左右子段可递归排序。</div><div class=""ansbox"">挖空答案：<b>快速排序、枢轴、位置</b></div><div class=""pg"">教材页码：P267</div>"	内部排序 识记 交换排序 13003数据结构与算法
"<div class=""top""><span class=""chip c1"">章节：内部排序</span><span class=""chip c2"">识记</span><span class=""chip c3"">交换排序</span></div><h1>三元取中方法</h1><div class=""q"">三元取中方法是在待<span class=""blank"">______</span>段最左、中间、最右三个<span class=""blank"">______</span>的元素中选择中间值作为<span class=""blank"">______</span>，保证划分后两部分都不为空，避免最差情况。</div>"	"<div class=""top""><span class=""chip c1"">章节：内部排序</span><span class=""chip c2"">识记</span><span class=""chip c3"">交换排序</span></div><h1>三元取中方法</h1><div class=""a"">三元取中方法是在待<span class=""hit"">排序</span>段最左、中间、最右三个<span class=""hit"">位置</span>的元素中选择中间值作为<span class=""hit"">枢轴</span>，保证划分后两部分都不为空，避免最差情况。</div><div class=""ansbox"">挖空答案：<b>排序、位置、枢轴</b></div><div class=""pg"">教材页码：P273</div>"	内部排序 识记 交换排序 13003数据结构与算法
"<div class=""top""><span class=""chip c1"">章节：内部排序</span><span class=""chip c2"">领会</span><span class=""chip c3"">交换排序</span></div><h1>起泡排序的基本思想</h1><div class=""q""><span class=""blank"">______</span>基本思想：从前向后扫描<span class=""blank"">______</span>，依次比较相邻元素，逆序则交换，每趟将最大值移到数组末尾。n个元素需n-1趟，可设置标志位提前终止。</div>"	"<div class=""top""><span class=""chip c1"">章节：内部排序</span><span class=""chip c2"">领会</span><span class=""chip c3"">交换排序</span></div><h1>起泡排序的基本思想</h1><div class=""a""><span class=""hit"">起泡排序</span>基本思想：从前向后扫描<span class=""hit"">数组</span>，依次比较相邻元素，逆序则交换，每趟将最大值移到<span class=""hit"">数组</span>末尾。n个元素需n-1趟，可设置标志位提前终止。</div><div class=""ansbox"">挖空答案：<b>起泡排序、数组</b></div><div class=""pg"">教材页码：P263</div>"	内部排序 领会 交换排序 13003数据结构与算法
"<div class=""top""><span class=""chip c1"">章节：内部排序</span><span class=""chip c2"">领会</span><span class=""chip c3"">交换排序</span></div><h1>特性及复杂度分析</h1><div class=""q"">起泡排序<span class=""blank"">______</span>固定为n(n-1)/2，<span class=""blank"">______</span>O(n²)（最优/最差/平均相同），空间O(1)，稳定。改进版最优情况（已有序）仅一趟O(n)。</div>"	"<div class=""top""><span class=""chip c1"">章节：内部排序</span><span class=""chip c2"">领会</span><span class=""chip c3"">交换排序</span></div><h1>特性及复杂度分析</h1><div class=""a"">起泡排序<span class=""hit"">比较次数</span>固定为n(n-1)/2，<span class=""hit"">时间复杂度</span>O(n²)（最优/最差/平均相同），空间O(1)，稳定。改进版最优情况（已有序）仅一趟O(n)。</div><div class=""ansbox"">挖空答案：<b>比较次数、时间复杂度</b></div><div class=""pg"">教材页码：P267</div>"	内部排序 领会 交换排序 13003数据结构与算法
"<div class=""top""><span class=""chip c1"">章节：内部排序</span><span class=""chip c2"">领会</span><span class=""chip c3"">交换排序</span></div><h1>快速排序的基本思想</h1><div class=""q""><span class=""blank"">______</span>基本思想：选<span class=""blank"">______</span>元素，将小于枢轴的放左边、大于枢轴的放右边，枢轴归位，再递归对左右两子段分别快排，直到子段<span class=""blank"">______</span>为1。</div>"	"<div class=""top""><span class=""chip c1"">章节：内部排序</span><span class=""chip c2"">领会</span><span class=""chip c3"">交换排序</span></div><h1>快速排序的基本思想</h1><div class=""a""><span class=""hit"">快速排序</span>基本思想：选<span class=""hit"">枢轴</span>元素，将小于<span class=""hit"">枢轴</span>的放左边、大于<span class=""hit"">枢轴</span>的放右边，<span class=""hit"">枢轴</span>归位，再递归对左右两子段分别快排，直到子段<span class=""hit"">长度</span>为1。</div><div class=""ansbox"">挖空答案：<b>快速排序、枢轴、长度</b></div><div class=""pg"">教材页码：P267</div>"	内部排序 领会 交换排序 13003数据结构与算法
"<div class=""top""><span class=""chip c1"">章节：内部排序</span><span class=""chip c2"">领会</span><span class=""chip c3"">交换排序</span></div><h1>特性及复杂度分析</h1><div class=""q""><span class=""blank"">______</span>最好情况O(<span class=""blank"">______</span>)（等分），最差O(n²)（已有序选首元素为枢轴），平均O(<span class=""blank"">______</span>)，不稳定，需栈辅助空间最坏O(n)。</div>"	"<div class=""top""><span class=""chip c1"">章节：内部排序</span><span class=""chip c2"">领会</span><span class=""chip c3"">交换排序</span></div><h1>特性及复杂度分析</h1><div class=""a""><span class=""hit"">快速排序</span>最好情况O(<span class=""hit"">nlogn</span>)（等分），最差O(n²)（已有序选首元素为枢轴），平均O(<span class=""hit"">nlogn</span>)，不稳定，需栈辅助空间最坏O(n)。</div><div class=""ansbox"">挖空答案：<b>快速排序、nlogn、nlogn</b></div><div class=""pg"">教材页码：P273</div>"	内部排序 领会 交换排序 13003数据结构与算法
"<div class=""top""><span class=""chip c1"">章节：内部排序</span><span class=""chip c2"">领会</span><span class=""chip c3"">交换排序</span></div><h1>枢轴的选择方法</h1><div class=""q""><span class=""blank"">______</span>可选择第一个元素（简单但可能最差），或采用<span class=""blank"">______</span>在最左、中间、最右元素中选中间值作为枢轴以提高效率。</div>"	"<div class=""top""><span class=""chip c1"">章节：内部排序</span><span class=""chip c2"">领会</span><span class=""chip c3"">交换排序</span></div><h1>枢轴的选择方法</h1><div class=""a""><span class=""hit"">枢轴</span>可选择第一个元素（简单但可能最差），或采用<span class=""hit"">三元取中方法</span>在最左、中间、最右元素中选中间值作为<span class=""hit"">枢轴</span>以提高效率。</div><div class=""ansbox"">挖空答案：<b>枢轴、三元取中方法</b></div><div class=""pg"">教材页码：P273</div>"	内部排序 领会 交换排序 13003数据结构与算法
"<div class=""top""><span class=""chip c1"">章节：内部排序</span><span class=""chip c2"">领会</span><span class=""chip c3"">交换排序</span></div><h1>枢轴对快速排序效率的影响</h1><div class=""q""><span class=""blank"">______</span>选择直接影响快排效率：若每次将<span class=""blank"">______</span>等分则效率最高O(<span class=""blank"">______</span>)；若枢轴是最小值/最大值则一个子段为空，效率最低O(n²)。数据有序时选首元素为枢轴会最差。</div>"	"<div class=""top""><span class=""chip c1"">章节：内部排序</span><span class=""chip c2"">领会</span><span class=""chip c3"">交换排序</span></div><h1>枢轴对快速排序效率的影响</h1><div class=""a""><span class=""hit"">枢轴</span>选择直接影响快排效率：若每次将<span class=""hit"">数据</span>等分则效率最高O(<span class=""hit"">nlogn</span>)；若<span class=""hit"">枢轴</span>是最小值/最大值则一个子段为空，效率最低O(n²)。<span class=""hit"">数据</span>有序时选首元素为<span class=""hit"">枢轴</span>会最差。</div><div class=""ansbox"">挖空答案：<b>枢轴、数据、nlogn</b></div><div class=""pg"">教材页码：P273</div>"	内部排序 领会 交换排序 13003数据结构与算法
"<div class=""top""><span class=""chip c1"">章节：内部排序</span><span class=""chip c2"">领会</span><span class=""chip c3"">交换排序</span></div><h1>分治思想</h1><div class=""q""><span class=""blank"">______</span>是将大的难解问题分解为若干小问题，逐步缩减问题尺度，小问题求解后整合得到原问题解。即「大而化小，分而治之「。</div>"	"<div class=""top""><span class=""chip c1"">章节：内部排序</span><span class=""chip c2"">领会</span><span class=""chip c3"">交换排序</span></div><h1>分治思想</h1><div class=""a""><span class=""hit"">分治思想</span>是将大的难解问题分解为若干小问题，逐步缩减问题尺度，小问题求解后整合得到原问题解。即「大而化小，分而治之「。</div><div class=""ansbox"">挖空答案：<b>分治思想</b></div><div class=""pg"">教材页码：P267</div>"	内部排序 领会 交换排序 13003数据结构与算法
"<div class=""top""><span class=""chip c1"">章节：内部排序</span><span class=""chip c2"">简单应用</span><span class=""chip c3"">交换排序</span></div><h1>灵活运用起泡排序和快速排序算法</h1><div class=""q"">能根据数据手动模拟<span class=""blank"">______</span>每趟结果（从后向前或从前向后扫描），以及<span class=""blank"">______</span>一趟<span class=""blank"">______</span>过程和递归排序全过程。</div>"	"<div class=""top""><span class=""chip c1"">章节：内部排序</span><span class=""chip c2"">简单应用</span><span class=""chip c3"">交换排序</span></div><h1>灵活运用起泡排序和快速排序算法</h1><div class=""a"">能根据数据手动模拟<span class=""hit"">起泡排序</span>每趟结果（从后向前或从前向后扫描），以及<span class=""hit"">快速排序</span>一趟<span class=""hit"">划分</span>过程和递归排序全过程。</div><div class=""ansbox"">挖空答案：<b>起泡排序、快速排序、划分</b></div><div class=""pg"">教材页码：P264</div>"	内部排序 简单应用 交换排序 13003数据结构与算法
"<div class=""top""><span class=""chip c1"">章节：内部排序</span><span class=""chip c2"">简单应用</span><span class=""chip c3"">交换排序</span></div><h1>能够实现起泡排序和快速排序算法</h1><div class=""q"">能够编写bubbleSort<span class=""blank"">______</span>（含改进版flag标志和right界限）和QuickSort<span class=""blank"">______</span>（含partition<span class=""blank"">______</span>函数递归调用）代码。</div>"	"<div class=""top""><span class=""chip c1"">章节：内部排序</span><span class=""chip c2"">简单应用</span><span class=""chip c3"">交换排序</span></div><h1>能够实现起泡排序和快速排序算法</h1><div class=""a"">能够编写bubbleSort<span class=""hit"">起泡排序</span>（含改进版flag标志和right界限）和QuickSort<span class=""hit"">快速排序</span>（含partition<span class=""hit"">划分</span>函数递归调用）代码。</div><div class=""ansbox"">挖空答案：<b>起泡排序、快速排序、划分</b></div><div class=""pg"">教材页码：P270</div>"	内部排序 简单应用 交换排序 13003数据结构与算法
"<div class=""top""><span class=""chip c1"">章节：内部排序</span><span class=""chip c2"">综合应用</span><span class=""chip c3"">交换排序</span></div><h1>能够运用交换排序的思想设计算法来解决应用问题</h1><div class=""q"">能够运用交换<span class=""blank"">______</span>「寻找<span class=""blank"">______</span>并直接交换相邻元素」的思想设计并实现解决其他<span class=""blank"">______</span>排序相关的实际应用问题。</div>"	"<div class=""top""><span class=""chip c1"">章节：内部排序</span><span class=""chip c2"">综合应用</span><span class=""chip c3"">交换排序</span></div><h1>能够运用交换排序的思想设计算法来解决应用问题</h1><div class=""a"">能够运用交换<span class=""hit"">排序</span>「寻找<span class=""hit"">逆序对</span>并直接交换相邻元素」的思想设计并实现解决其他<span class=""hit"">数据</span><span class=""hit"">排序</span>相关的实际应用问题。</div><div class=""ansbox"">挖空答案：<b>排序、逆序对、数据</b></div><div class=""pg"">教材页码：P263</div>"	内部排序 综合应用 交换排序 13003数据结构与算法
"<div class=""top""><span class=""chip c1"">章节：内部排序</span><span class=""chip c2"">识记</span><span class=""chip c3"">选择排序</span></div><h1>直接选择排序</h1><div class=""q"">直接选择排序（<span class=""blank"">______</span>）每趟从待排序部分中选出<span class=""blank"">______</span>最小的记录，与该趟第一个<span class=""blank"">______</span>的元素交换，n-1趟完成排序。</div>"	"<div class=""top""><span class=""chip c1"">章节：内部排序</span><span class=""chip c2"">识记</span><span class=""chip c3"">选择排序</span></div><h1>直接选择排序</h1><div class=""a"">直接选择排序（<span class=""hit"">简单选择排序</span>）每趟从待排序部分中选出<span class=""hit"">关键字</span>最小的记录，与该趟第一个<span class=""hit"">位置</span>的元素交换，n-1趟完成排序。</div><div class=""ansbox"">挖空答案：<b>简单选择排序、关键字、位置</b></div><div class=""pg"">教材页码：P273</div>"	内部排序 识记 选择排序 13003数据结构与算法
"<div class=""top""><span class=""chip c1"">章节：内部排序</span><span class=""chip c2"">识记</span><span class=""chip c3"">选择排序</span></div><h1>堆排序</h1><div class=""q"">堆排序(<span class=""blank"">______</span>)借助堆结构进行选择排序。建<span class=""blank"">______</span>后每次输出堆顶（最大值）到末尾，再将剩余元素调整为新堆，重复n-1趟得<span class=""blank"">______</span>。</div>"	"<div class=""top""><span class=""chip c1"">章节：内部排序</span><span class=""chip c2"">识记</span><span class=""chip c3"">选择排序</span></div><h1>堆排序</h1><div class=""a"">堆排序(<span class=""hit"">heapsort</span>)借助堆结构进行选择排序。建<span class=""hit"">最大堆</span>后每次输出堆顶（最大值）到末尾，再将剩余元素调整为新堆，重复n-1趟得<span class=""hit"">升序</span>。</div><div class=""ansbox"">挖空答案：<b>heapsort、最大堆、升序</b></div><div class=""pg"">教材页码：P275</div>"	内部排序 识记 选择排序 13003数据结构与算法
"<div class=""top""><span class=""chip c1"">章节：内部排序</span><span class=""chip c2"">识记</span><span class=""chip c3"">选择排序</span></div><h1>初始堆</h1><div class=""q"">初始堆（建堆）是将无序<span class=""blank"">______</span>序列按堆的要求进行调整。从最后一个<span class=""blank"">______</span>开始向前，逐个向下调整使其满足堆性质。</div>"	"<div class=""top""><span class=""chip c1"">章节：内部排序</span><span class=""chip c2"">识记</span><span class=""chip c3"">选择排序</span></div><h1>初始堆</h1><div class=""a"">初始堆（建堆）是将无序<span class=""hit"">数据</span>序列按堆的要求进行调整。从最后一个<span class=""hit"">分支结点</span>开始向前，逐个向下调整使其满足堆性质。</div><div class=""ansbox"">挖空答案：<b>数据、分支结点</b></div><div class=""pg"">教材页码：P276</div>"	内部排序 识记 选择排序 13003数据结构与算法
"<div class=""top""><span class=""chip c1"">章节：内部排序</span><span class=""chip c2"">领会</span><span class=""chip c3"">选择排序</span></div><h1>直接选择排序的基本思想</h1><div class=""q""><span class=""blank"">______</span>基本思想：第i趟从未排序的n-i+1个元素中扫描找到最小值，记录其<span class=""blank"">______</span>，将其与第i个位置元素交换。<span class=""blank"">______</span>与初始状态无关。</div>"	"<div class=""top""><span class=""chip c1"">章节：内部排序</span><span class=""chip c2"">领会</span><span class=""chip c3"">选择排序</span></div><h1>直接选择排序的基本思想</h1><div class=""a""><span class=""hit"">直接选择排序</span>基本思想：第i趟从未排序的n-i+1个元素中扫描找到最小值，记录其<span class=""hit"">位置</span>，将其与第i个<span class=""hit"">位置</span>元素交换。<span class=""hit"">比较次数</span>与初始状态无关。</div><div class=""ansbox"">挖空答案：<b>直接选择排序、位置、比较次数</b></div><div class=""pg"">教材页码：P273</div>"	内部排序 领会 选择排序 13003数据结构与算法
"<div class=""top""><span class=""chip c1"">章节：内部排序</span><span class=""chip c2"">领会</span><span class=""chip c3"">选择排序</span></div><h1>特性及复杂度分析</h1><div class=""q"">简单选择排序<span class=""blank"">______</span>固定为n(n-1)/2，<span class=""blank"">______</span>O(n²)，<span class=""blank"">______</span>最多n-1次（最少0次），空间O(1)。因不相邻元素交换故不稳定。</div>"	"<div class=""top""><span class=""chip c1"">章节：内部排序</span><span class=""chip c2"">领会</span><span class=""chip c3"">选择排序</span></div><h1>特性及复杂度分析</h1><div class=""a"">简单选择排序<span class=""hit"">比较次数</span>固定为n(n-1)/2，<span class=""hit"">时间复杂度</span>O(n²)，<span class=""hit"">交换次数</span>最多n-1次（最少0次），空间O(1)。因不相邻元素交换故不稳定。</div><div class=""ansbox"">挖空答案：<b>比较次数、时间复杂度、交换次数</b></div><div class=""pg"">教材页码：P275</div>"	内部排序 领会 选择排序 13003数据结构与算法
"<div class=""top""><span class=""chip c1"">章节：内部排序</span><span class=""chip c2"">领会</span><span class=""chip c3"">选择排序</span></div><h1>堆排序的基本思想</h1><div class=""q""><span class=""blank"">______</span>基本思想：利用最大堆堆顶为最大值的特性，输出堆顶元素与末尾交换，堆大小减1后对<span class=""blank"">______</span>向下调整（整堆），重复直到全部输出。最大堆得<span class=""blank"">______</span>。</div>"	"<div class=""top""><span class=""chip c1"">章节：内部排序</span><span class=""chip c2"">领会</span><span class=""chip c3"">选择排序</span></div><h1>堆排序的基本思想</h1><div class=""a""><span class=""hit"">堆排序</span>基本思想：利用最大堆堆顶为最大值的特性，输出堆顶元素与末尾交换，堆大小减1后对<span class=""hit"">根结点</span>向下调整（整堆），重复直到全部输出。最大堆得<span class=""hit"">升序</span>。</div><div class=""ansbox"">挖空答案：<b>堆排序、根结点、升序</b></div><div class=""pg"">教材页码：P275</div>"	内部排序 领会 选择排序 13003数据结构与算法
"<div class=""top""><span class=""chip c1"">章节：内部排序</span><span class=""chip c2"">领会</span><span class=""chip c3"">选择排序</span></div><h1>特性及复杂度分析</h1><div class=""q""><span class=""blank"">______</span>最佳、平均、最差<span class=""blank"">______</span>均为O(<span class=""blank"">______</span>)，不受初始数据有序性影响，空间O(1)，不稳定。任何情况都要求效率稳定时可选堆排序。</div>"	"<div class=""top""><span class=""chip c1"">章节：内部排序</span><span class=""chip c2"">领会</span><span class=""chip c3"">选择排序</span></div><h1>特性及复杂度分析</h1><div class=""a""><span class=""hit"">堆排序</span>最佳、平均、最差<span class=""hit"">时间复杂度</span>均为O(<span class=""hit"">nlogn</span>)，不受初始数据有序性影响，空间O(1)，不稳定。任何情况都要求效率稳定时可选<span class=""hit"">堆排序</span>。</div><div class=""ansbox"">挖空答案：<b>堆排序、时间复杂度、nlogn</b></div><div class=""pg"">教材页码：P279</div>"	内部排序 领会 选择排序 13003数据结构与算法
"<div class=""top""><span class=""chip c1"">章节：内部排序</span><span class=""chip c2"">简单应用</span><span class=""chip c3"">选择排序</span></div><h1>灵活运用直接选择排序和堆排序算法</h1><div class=""q"">能手动模拟<span class=""blank"">______</span>每趟找最小值并交换的完整过程，以及<span class=""blank"">______</span>中建堆、输出<span class=""blank"">______</span>、向下整堆的完整过程。</div>"	"<div class=""top""><span class=""chip c1"">章节：内部排序</span><span class=""chip c2"">简单应用</span><span class=""chip c3"">选择排序</span></div><h1>灵活运用直接选择排序和堆排序算法</h1><div class=""a"">能手动模拟<span class=""hit"">直接选择排序</span>每趟找最小值并交换的完整过程，以及<span class=""hit"">堆排序</span>中建堆、输出<span class=""hit"">堆顶</span>、向下整堆的完整过程。</div><div class=""ansbox"">挖空答案：<b>直接选择排序、堆排序、堆顶</b></div><div class=""pg"">教材页码：P275</div>"	内部排序 简单应用 选择排序 13003数据结构与算法
"<div class=""top""><span class=""chip c1"">章节：内部排序</span><span class=""chip c2"">简单应用</span><span class=""chip c3"">选择排序</span></div><h1>能够实现直接选择排序和堆排序算法</h1><div class=""q"">能够编写SmpSelSort<span class=""blank"">______</span>和HeapSort<span class=""blank"">______</span>代码，包括ShiftDown堆调整函数和建堆<span class=""blank"">______</span>。</div>"	"<div class=""top""><span class=""chip c1"">章节：内部排序</span><span class=""chip c2"">简单应用</span><span class=""chip c3"">选择排序</span></div><h1>能够实现直接选择排序和堆排序算法</h1><div class=""a"">能够编写SmpSelSort<span class=""hit"">简单选择排序</span>和HeapSort<span class=""hit"">堆排序</span>代码，包括ShiftDown堆调整函数和建堆<span class=""hit"">循环</span>。</div><div class=""ansbox"">挖空答案：<b>简单选择排序、堆排序、循环</b></div><div class=""pg"">教材页码：P277</div>"	内部排序 简单应用 选择排序 13003数据结构与算法
"<div class=""top""><span class=""chip c1"">章节：内部排序</span><span class=""chip c2"">综合应用</span><span class=""chip c3"">选择排序</span></div><h1>能够运用选择排序的思想设计算法来解决应用问题</h1><div class=""q"">能够运用选择<span class=""blank"">______</span>「每趟选择最值放到最终<span class=""blank"">______</span>」的思想设计并实现解决其他<span class=""blank"">______</span>排序相关的实际应用问题。</div>"	"<div class=""top""><span class=""chip c1"">章节：内部排序</span><span class=""chip c2"">综合应用</span><span class=""chip c3"">选择排序</span></div><h1>能够运用选择排序的思想设计算法来解决应用问题</h1><div class=""a"">能够运用选择<span class=""hit"">排序</span>「每趟选择最值放到最终<span class=""hit"">位置</span>」的思想设计并实现解决其他<span class=""hit"">数据</span><span class=""hit"">排序</span>相关的实际应用问题。</div><div class=""ansbox"">挖空答案：<b>排序、位置、数据</b></div><div class=""pg"">教材页码：P273</div>"	内部排序 综合应用 选择排序 13003数据结构与算法
"<div class=""top""><span class=""chip c1"">章节：内部排序</span><span class=""chip c2"">识记</span><span class=""chip c3"">归并排序</span></div><h1>合并</h1><div class=""q"">合并（归并merge）是将若干个有序序列合并为一个有序序列的操作。两个有序序列的合并称<span class=""blank"">______</span>，需一个等长辅助<span class=""blank"">______</span>。</div>"	"<div class=""top""><span class=""chip c1"">章节：内部排序</span><span class=""chip c2"">识记</span><span class=""chip c3"">归并排序</span></div><h1>合并</h1><div class=""a"">合并（归并merge）是将若干个有序序列合并为一个有序序列的操作。两个有序序列的合并称<span class=""hit"">二路归并</span>，需一个等长辅助<span class=""hit"">数组</span>。</div><div class=""ansbox"">挖空答案：<b>二路归并、数组</b></div><div class=""pg"">教材页码：P280</div>"	内部排序 识记 归并排序 13003数据结构与算法
"<div class=""top""><span class=""chip c1"">章节：内部排序</span><span class=""chip c2"">识记</span><span class=""chip c3"">归并排序</span></div><h1>有序段</h1><div class=""q"">有序段是归并操作中参与<span class=""blank"">______</span>的已有序的子序列，也称<span class=""blank"">______</span>或顺串。初始时每个元素可看成<span class=""blank"">______</span>为1的有序段。</div>"	"<div class=""top""><span class=""chip c1"">章节：内部排序</span><span class=""chip c2"">识记</span><span class=""chip c3"">归并排序</span></div><h1>有序段</h1><div class=""a"">有序段是归并操作中参与<span class=""hit"">合并</span>的已有序的子序列，也称<span class=""hit"">归并段</span>或顺串。初始时每个元素可看成<span class=""hit"">长度</span>为1的有序段。</div><div class=""ansbox"">挖空答案：<b>合并、归并段、长度</b></div><div class=""pg"">教材页码：P280</div>"	内部排序 识记 归并排序 13003数据结构与算法
"<div class=""top""><span class=""chip c1"">章节：内部排序</span><span class=""chip c2"">识记</span><span class=""chip c3"">归并排序</span></div><h1>归并段</h1><div class=""q"">归并段即<span class=""blank"">______</span>，是<span class=""blank"">______</span>中参与<span class=""blank"">______</span>的有序子序列。归并排序反复归并有序段直到全部数据成为一个有序序列。</div>"	"<div class=""top""><span class=""chip c1"">章节：内部排序</span><span class=""chip c2"">识记</span><span class=""chip c3"">归并排序</span></div><h1>归并段</h1><div class=""a"">归并段即<span class=""hit"">有序段</span>，是<span class=""hit"">归并排序</span>中参与<span class=""hit"">二路归并</span>的有序子序列。<span class=""hit"">归并排序</span>反复归并<span class=""hit"">有序段</span>直到全部数据成为一个有序序列。</div><div class=""ansbox"">挖空答案：<b>有序段、归并排序、二路归并</b></div><div class=""pg"">教材页码：P280</div>"	内部排序 识记 归并排序 13003数据结构与算法
"<div class=""top""><span class=""chip c1"">章节：内部排序</span><span class=""chip c2"">识记</span><span class=""chip c3"">归并排序</span></div><h1>归并排序</h1><div class=""q"">归并排序(<span class=""blank"">______</span>)借助<span class=""blank"">______</span>操作完成排序，分非递归（两两归并<span class=""blank"">______</span>倍增）和递归（中分排序再归并）两种实现。</div>"	"<div class=""top""><span class=""chip c1"">章节：内部排序</span><span class=""chip c2"">识记</span><span class=""chip c3"">归并排序</span></div><h1>归并排序</h1><div class=""a"">归并排序(<span class=""hit"">merging sort</span>)借助<span class=""hit"">二路归并</span>操作完成排序，分非递归（两两归并<span class=""hit"">长度</span>倍增）和递归（中分排序再归并）两种实现。</div><div class=""ansbox"">挖空答案：<b>merging sort、二路归并、长度</b></div><div class=""pg"">教材页码：P280</div>"	内部排序 识记 归并排序 13003数据结构与算法
"<div class=""top""><span class=""chip c1"">章节：内部排序</span><span class=""chip c2"">领会</span><span class=""chip c3"">归并排序</span></div><h1>非递归实现的归并排序的基本思想</h1><div class=""q"">非<span class=""blank"">______</span>归并排序：初始每个元素为<span class=""blank"">______</span>1的<span class=""blank"">______</span>，逐趟将相邻两个有序段两两归并，有序段长度倍增，直到所有元素在一个有序序列中。</div>"	"<div class=""top""><span class=""chip c1"">章节：内部排序</span><span class=""chip c2"">领会</span><span class=""chip c3"">归并排序</span></div><h1>非递归实现的归并排序的基本思想</h1><div class=""a"">非<span class=""hit"">递归</span>归并排序：初始每个元素为<span class=""hit"">长度</span>1的<span class=""hit"">有序段</span>，逐趟将相邻两个<span class=""hit"">有序段</span>两两归并，<span class=""hit"">有序段</span><span class=""hit"">长度</span>倍增，直到所有元素在一个有序序列中。</div><div class=""ansbox"">挖空答案：<b>递归、长度、有序段</b></div><div class=""pg"">教材页码：P282</div>"	内部排序 领会 归并排序 13003数据结构与算法
"<div class=""top""><span class=""chip c1"">章节：内部排序</span><span class=""chip c2"">领会</span><span class=""chip c3"">归并排序</span></div><h1>特性及复杂度分析</h1><div class=""q""><span class=""blank"">______</span>每次二分数组共logn趟，每趟扫描全部n个元素，总<span class=""blank"">______</span>O(<span class=""blank"">______</span>)（最佳/最差/平均相同）。需等长辅助数组，空间O(n)。</div>"	"<div class=""top""><span class=""chip c1"">章节：内部排序</span><span class=""chip c2"">领会</span><span class=""chip c3"">归并排序</span></div><h1>特性及复杂度分析</h1><div class=""a""><span class=""hit"">归并排序</span>每次二分数组共logn趟，每趟扫描全部n个元素，总<span class=""hit"">时间复杂度</span>O(<span class=""hit"">nlogn</span>)（最佳/最差/平均相同）。需等长辅助数组，空间O(n)。</div><div class=""ansbox"">挖空答案：<b>归并排序、时间复杂度、nlogn</b></div><div class=""pg"">教材页码：P285</div>"	内部排序 领会 归并排序 13003数据结构与算法
"<div class=""top""><span class=""chip c1"">章节：内部排序</span><span class=""chip c2"">领会</span><span class=""chip c3"">归并排序</span></div><h1>递归实现的归并排序的基本思想</h1><div class=""q""><span class=""blank"">______</span>归并排序：以待排序<span class=""blank"">______</span>中间<span class=""blank"">______</span>为界将序列一分为二，递归对前后两半分别排序，再调用merge将两个有序子序列归并为一个。</div>"	"<div class=""top""><span class=""chip c1"">章节：内部排序</span><span class=""chip c2"">领会</span><span class=""chip c3"">归并排序</span></div><h1>递归实现的归并排序的基本思想</h1><div class=""a""><span class=""hit"">递归</span>归并排序：以待排序<span class=""hit"">数据</span>中间<span class=""hit"">位置</span>为界将序列一分为二，<span class=""hit"">递归</span>对前后两半分别排序，再调用merge将两个有序子序列归并为一个。</div><div class=""ansbox"">挖空答案：<b>递归、数据、位置</b></div><div class=""pg"">教材页码：P283</div>"	内部排序 领会 归并排序 13003数据结构与算法
"<div class=""top""><span class=""chip c1"">章节：内部排序</span><span class=""chip c2"">领会</span><span class=""chip c3"">归并排序</span></div><h1>特性及复杂度分析</h1><div class=""q"">递归归并排序<span class=""blank"">______</span>O(<span class=""blank"">______</span>)（三种情况相同），需辅助<span class=""blank"">______</span>O(n)，需在原数组和工作数组间复制数据。归并排序是稳定的。</div>"	"<div class=""top""><span class=""chip c1"">章节：内部排序</span><span class=""chip c2"">领会</span><span class=""chip c3"">归并排序</span></div><h1>特性及复杂度分析</h1><div class=""a"">递归归并排序<span class=""hit"">时间复杂度</span>O(<span class=""hit"">nlogn</span>)（三种情况相同），需辅助<span class=""hit"">数组</span>O(n)，需在原<span class=""hit"">数组</span>和工作<span class=""hit"">数组</span>间复制数据。归并排序是稳定的。</div><div class=""ansbox"">挖空答案：<b>时间复杂度、nlogn、数组</b></div><div class=""pg"">教材页码：P285</div>"	内部排序 领会 归并排序 13003数据结构与算法
"<div class=""top""><span class=""chip c1"">章节：内部排序</span><span class=""chip c2"">识记</span><span class=""chip c3"">归并排序</span></div><h1>灵活运用归并排序算法</h1><div class=""q"">能手动模拟非递归二路归并每趟两两合并的完整过程，以及递归归并<span class=""blank"">______</span>到<span class=""blank"">______</span>1后再逐层归并的完整<span class=""blank"">______</span>过程。</div>"	"<div class=""top""><span class=""chip c1"">章节：内部排序</span><span class=""chip c2"">识记</span><span class=""chip c3"">归并排序</span></div><h1>灵活运用归并排序算法</h1><div class=""a"">能手动模拟非递归二路归并每趟两两合并的完整过程，以及递归归并<span class=""hit"">划分</span>到<span class=""hit"">长度</span>1后再逐层归并的完整<span class=""hit"">排序</span>过程。</div><div class=""ansbox"">挖空答案：<b>划分、长度、排序</b></div><div class=""pg"">教材页码：P282</div>"	内部排序 识记 归并排序 13003数据结构与算法
"<div class=""top""><span class=""chip c1"">章节：内部排序</span><span class=""chip c2"">识记</span><span class=""chip c3"">归并排序</span></div><h1>能够实现归并排序算法</h1><div class=""q"">能够编写merge两个相邻<span class=""blank"">______</span>归并函数和mSort非<span class=""blank"">______</span>/递归两种方式实现的完整归并排序<span class=""blank"">______</span>代码。</div>"	"<div class=""top""><span class=""chip c1"">章节：内部排序</span><span class=""chip c2"">识记</span><span class=""chip c3"">归并排序</span></div><h1>能够实现归并排序算法</h1><div class=""a"">能够编写merge两个相邻<span class=""hit"">有序段</span>归并函数和mSort非<span class=""hit"">递归</span>/<span class=""hit"">递归</span>两种方式实现的完整归并排序<span class=""hit"">算法</span>代码。</div><div class=""ansbox"">挖空答案：<b>有序段、递归、算法</b></div><div class=""pg"">教材页码：P281</div>"	内部排序 识记 归并排序 13003数据结构与算法
"<div class=""top""><span class=""chip c1"">章节：内部排序</span><span class=""chip c2"">综合应用</span><span class=""chip c3"">归并排序</span></div><h1>能够运用归并排序的思想设计算法来解决应用问题</h1><div class=""q"">能够运用<span class=""blank"">______</span>「<span class=""blank"">______</span>+<span class=""blank"">______</span>两两合并」的思想设计并实现解决其他数据排序相关的实际应用问题。</div>"	"<div class=""top""><span class=""chip c1"">章节：内部排序</span><span class=""chip c2"">综合应用</span><span class=""chip c3"">归并排序</span></div><h1>能够运用归并排序的思想设计算法来解决应用问题</h1><div class=""a"">能够运用<span class=""hit"">归并排序</span>「<span class=""hit"">分治</span>+<span class=""hit"">有序段</span>两两合并」的思想设计并实现解决其他数据排序相关的实际应用问题。</div><div class=""ansbox"">挖空答案：<b>归并排序、分治、有序段</b></div><div class=""pg"">教材页码：P280</div>"	内部排序 综合应用 归并排序 13003数据结构与算法
"<div class=""top""><span class=""chip c1"">章节：内部排序</span><span class=""chip c2"">识记</span><span class=""chip c3"">分配排序</span></div><h1>盒子排序</h1><div class=""q"">盒子排序利用<span class=""blank"">______</span>作为「盒子「，扫描<span class=""blank"">______</span>统计各值出现次数存入count数组，再按顺序输出下标值完成排序。时间O(n)，空间O(m)。</div>"	"<div class=""top""><span class=""chip c1"">章节：内部排序</span><span class=""chip c2"">识记</span><span class=""chip c3"">分配排序</span></div><h1>盒子排序</h1><div class=""a"">盒子排序利用<span class=""hit"">数组下标</span>作为「盒子「，扫描<span class=""hit"">数据</span>统计各值出现次数存入count数组，再按顺序输出下标值完成排序。时间O(n)，空间O(m)。</div><div class=""ansbox"">挖空答案：<b>数组下标、数据</b></div><div class=""pg"">教材页码：P285</div>"	内部排序 识记 分配排序 13003数据结构与算法
"<div class=""top""><span class=""chip c1"">章节：内部排序</span><span class=""chip c2"">识记</span><span class=""chip c3"">分配排序</span></div><h1>基数排序</h1><div class=""q"">基数排序是<span class=""blank"">______</span>的一种，将<span class=""blank"">______</span>拆分为若干子关键字，从最低位到最高位逐位进行「分配「和「<span class=""blank"">______</span>「操作，无需关键字间比较。</div>"	"<div class=""top""><span class=""chip c1"">章节：内部排序</span><span class=""chip c2"">识记</span><span class=""chip c3"">分配排序</span></div><h1>基数排序</h1><div class=""a"">基数排序是<span class=""hit"">分配排序</span>的一种，将<span class=""hit"">关键字</span>拆分为若干子<span class=""hit"">关键字</span>，从最低位到最高位逐位进行「分配「和「<span class=""hit"">收集</span>「操作，无需<span class=""hit"">关键字</span>间比较。</div><div class=""ansbox"">挖空答案：<b>分配排序、关键字、收集</b></div><div class=""pg"">教材页码：P287</div>"	内部排序 识记 分配排序 13003数据结构与算法
"<div class=""top""><span class=""chip c1"">章节：内部排序</span><span class=""chip c2"">识记</span><span class=""chip c3"">分配排序</span></div><h1>分配</h1><div class=""q"">分配是<span class=""blank"">______</span>中按当前位<span class=""blank"">______</span>值，将<span class=""blank"">______</span>放入对应编号盒子的过程。如按个位数分配，个位数为r的放入编号r的盒子。</div>"	"<div class=""top""><span class=""chip c1"">章节：内部排序</span><span class=""chip c2"">识记</span><span class=""chip c3"">分配排序</span></div><h1>分配</h1><div class=""a"">分配是<span class=""hit"">基数排序</span>中按当前位<span class=""hit"">关键字</span>值，将<span class=""hit"">数据</span>放入对应编号盒子的过程。如按个位数分配，个位数为r的放入编号r的盒子。</div><div class=""ansbox"">挖空答案：<b>基数排序、关键字、数据</b></div><div class=""pg"">教材页码：P287</div>"	内部排序 识记 分配排序 13003数据结构与算法
"<div class=""top""><span class=""chip c1"">章节：内部排序</span><span class=""chip c2"">识记</span><span class=""chip c3"">分配排序</span></div><h1>收集</h1><div class=""q"">收集是<span class=""blank"">______</span>中按盒子编号从0到r-1依次将各盒子中的<span class=""blank"">______</span>按放入次序取出，重新连成一个序列的过程。</div>"	"<div class=""top""><span class=""chip c1"">章节：内部排序</span><span class=""chip c2"">识记</span><span class=""chip c3"">分配排序</span></div><h1>收集</h1><div class=""a"">收集是<span class=""hit"">基数排序</span>中按盒子编号从0到r-1依次将各盒子中的<span class=""hit"">关键字</span>按放入次序取出，重新连成一个序列的过程。</div><div class=""ansbox"">挖空答案：<b>基数排序、关键字</b></div><div class=""pg"">教材页码：P287</div>"	内部排序 识记 分配排序 13003数据结构与算法
"<div class=""top""><span class=""chip c1"">章节：内部排序</span><span class=""chip c2"">领会</span><span class=""chip c3"">分配排序</span></div><h1>基数排序的基本思想</h1><div class=""q""><span class=""blank"">______</span>基本思想：将<span class=""blank"">______</span>拆分为子关键字（如个位、十位），设置r个盒子，从最低位开始逐位进行<span class=""blank"">______</span>（按当前位放入盒子）和收集（按编号取出），重复d趟后得有序序列。</div>"	"<div class=""top""><span class=""chip c1"">章节：内部排序</span><span class=""chip c2"">领会</span><span class=""chip c3"">分配排序</span></div><h1>基数排序的基本思想</h1><div class=""a""><span class=""hit"">基数排序</span>基本思想：将<span class=""hit"">关键字</span>拆分为子<span class=""hit"">关键字</span>（如个位、十位），设置r个盒子，从最低位开始逐位进行<span class=""hit"">分配</span>（按当前位放入盒子）和收集（按编号取出），重复d趟后得有序序列。</div><div class=""ansbox"">挖空答案：<b>基数排序、关键字、分配</b></div><div class=""pg"">教材页码：P287</div>"	内部排序 领会 分配排序 13003数据结构与算法
"<div class=""top""><span class=""chip c1"">章节：内部排序</span><span class=""chip c2"">领会</span><span class=""chip c3"">分配排序</span></div><h1>特性及复杂度分析</h1><div class=""q""><span class=""blank"">______</span>进行d趟分配收集，每趟处理n个元素，<span class=""blank"">______</span>O(d*n)为线性级，空间O(n)，是<span class=""blank"">______</span>。d和r固定时不随n变化。</div>"	"<div class=""top""><span class=""chip c1"">章节：内部排序</span><span class=""chip c2"">领会</span><span class=""chip c3"">分配排序</span></div><h1>特性及复杂度分析</h1><div class=""a""><span class=""hit"">基数排序</span>进行d趟分配收集，每趟处理n个元素，<span class=""hit"">时间复杂度</span>O(d*n)为线性级，空间O(n)，是<span class=""hit"">稳定排序</span>。d和r固定时不随n变化。</div><div class=""ansbox"">挖空答案：<b>基数排序、时间复杂度、稳定排序</b></div><div class=""pg"">教材页码：P287</div>"	内部排序 领会 分配排序 13003数据结构与算法
"<div class=""top""><span class=""chip c1"">章节：内部排序</span><span class=""chip c2"">简单应用</span><span class=""chip c3"">分配排序</span></div><h1>灵活运用基数排序算法</h1><div class=""q"">能手动模拟<span class=""blank"">______</span>按个位<span class=""blank"">______</span>收集、再按十位分配收集的完整过程，并写出每趟分配收集后的<span class=""blank"">______</span>序列结果。</div>"	"<div class=""top""><span class=""chip c1"">章节：内部排序</span><span class=""chip c2"">简单应用</span><span class=""chip c3"">分配排序</span></div><h1>灵活运用基数排序算法</h1><div class=""a"">能手动模拟<span class=""hit"">基数排序</span>按个位<span class=""hit"">分配</span>收集、再按十位<span class=""hit"">分配</span>收集的完整过程，并写出每趟<span class=""hit"">分配</span>收集后的<span class=""hit"">关键字</span>序列结果。</div><div class=""ansbox"">挖空答案：<b>基数排序、分配、关键字</b></div><div class=""pg"">教材页码：P287</div>"	内部排序 简单应用 分配排序 13003数据结构与算法
"<div class=""top""><span class=""chip c1"">章节：内部排序</span><span class=""chip c2"">简单应用</span><span class=""chip c3"">分配排序</span></div><h1>能够实现基数排序算法</h1><div class=""q"">能够编写RadixSort基数排序<span class=""blank"">______</span>代码，包括count计数<span class=""blank"">______</span>、计算下标范围、从后向前放置到辅助数组等步骤。</div>"	"<div class=""top""><span class=""chip c1"">章节：内部排序</span><span class=""chip c2"">简单应用</span><span class=""chip c3"">分配排序</span></div><h1>能够实现基数排序算法</h1><div class=""a"">能够编写RadixSort基数排序<span class=""hit"">算法</span>代码，包括count计数<span class=""hit"">数组</span>、计算下标范围、从后向前放置到辅助<span class=""hit"">数组</span>等步骤。</div><div class=""ansbox"">挖空答案：<b>算法、数组</b></div><div class=""pg"">教材页码：P289</div>"	内部排序 简单应用 分配排序 13003数据结构与算法
"<div class=""top""><span class=""chip c1"">章节：内部排序</span><span class=""chip c2"">领会</span><span class=""chip c3"">有关内部排序算法的比较</span></div><h1>各排序算法适用的条件</h1><div class=""q"">平均效率快速排序最好，归并次之，堆排序再次；最差情况堆排序和<span class=""blank"">______</span>优于快排；数据少或基本有序时<span class=""blank"">______</span>最佳；<span class=""blank"">______</span>适合d*n线性场景。</div>"	"<div class=""top""><span class=""chip c1"">章节：内部排序</span><span class=""chip c2"">领会</span><span class=""chip c3"">有关内部排序算法的比较</span></div><h1>各排序算法适用的条件</h1><div class=""a"">平均效率快速排序最好，归并次之，堆排序再次；最差情况堆排序和<span class=""hit"">归并排序</span>优于快排；数据少或基本有序时<span class=""hit"">直接插入排序</span>最佳；<span class=""hit"">基数排序</span>适合d*n线性场景。</div><div class=""ansbox"">挖空答案：<b>归并排序、直接插入排序、基数排序</b></div><div class=""pg"">教材页码：P290</div>"	内部排序 领会 有关内部排序算法的比较 13003数据结构与算法
"<div class=""top""><span class=""chip c1"">章节：内部排序</span><span class=""chip c2"">领会</span><span class=""chip c3"">有关内部排序算法的比较</span></div><h1>各排序算法的特性</h1><div class=""q"">直接插入/起泡O(n²)稳定；简单选择O(n²)不稳定；希尔不稳定；快排平均O(<span class=""blank"">______</span>)最差O(n²)不稳定；归并O(<span class=""blank"">______</span>)稳定；堆O(<span class=""blank"">______</span>)不稳定；基数O(dn)稳定。</div>"	"<div class=""top""><span class=""chip c1"">章节：内部排序</span><span class=""chip c2"">领会</span><span class=""chip c3"">有关内部排序算法的比较</span></div><h1>各排序算法的特性</h1><div class=""a"">直接插入/起泡O(n²)稳定；简单选择O(n²)不稳定；希尔不稳定；快排平均O(<span class=""hit"">nlogn</span>)最差O(n²)不稳定；归并O(<span class=""hit"">nlogn</span>)稳定；堆O(<span class=""hit"">nlogn</span>)不稳定；基数O(dn)稳定。</div><div class=""ansbox"">挖空答案：<b>nlogn、nlogn、nlogn</b></div><div class=""pg"">教材页码：P290</div>"	内部排序 领会 有关内部排序算法的比较 13003数据结构与算法
"<div class=""top""><span class=""chip c1"">章节：内部排序</span><span class=""chip c2"">简单应用</span><span class=""chip c3"">有关内部排序算法的比较</span></div><h1>根据不同条件选择合适的排序算法</h1><div class=""q"">根据条件选择：日常大量<span class=""blank"">______</span>选平均复杂度好的（快排）；任何情况要求高效选堆/归并；<span class=""blank"">______</span>基本有序或n小选插入排序；要求稳定选归并/基数。</div>"	"<div class=""top""><span class=""chip c1"">章节：内部排序</span><span class=""chip c2"">简单应用</span><span class=""chip c3"">有关内部排序算法的比较</span></div><h1>根据不同条件选择合适的排序算法</h1><div class=""a"">根据条件选择：日常大量<span class=""hit"">排序</span>选平均复杂度好的（快排）；任何情况要求高效选堆/归并；<span class=""hit"">数据</span>基本有序或n小选插入<span class=""hit"">排序</span>；要求稳定选归并/基数。</div><div class=""ansbox"">挖空答案：<b>排序、数据</b></div><div class=""pg"">教材页码：P290</div>"	内部排序 简单应用 有关内部排序算法的比较 13003数据结构与算法
"<div class=""top""><span class=""chip c1"">章节：内部排序</span><span class=""chip c2"">简单应用</span><span class=""chip c3"">有关内部排序算法的比较</span></div><h1>从排序结果推测所采用的排序算法</h1><div class=""q"">根据一趟<span class=""blank"">______</span>结果特征反推<span class=""blank"">______</span>：选择/起泡第一趟最值到端点；快排一趟后有<span class=""blank"">______</span>分割；希尔一趟后各组内有序；据此排除不可能选项。</div>"	"<div class=""top""><span class=""chip c1"">章节：内部排序</span><span class=""chip c2"">简单应用</span><span class=""chip c3"">有关内部排序算法的比较</span></div><h1>从排序结果推测所采用的排序算法</h1><div class=""a"">根据一趟<span class=""hit"">排序</span>结果特征反推<span class=""hit"">算法</span>：选择/起泡第一趟最值到端点；快排一趟后有<span class=""hit"">枢轴</span>分割；希尔一趟后各组内有序；据此排除不可能选项。</div><div class=""ansbox"">挖空答案：<b>排序、算法、枢轴</b></div><div class=""pg"">教材页码：P291</div>"	内部排序 简单应用 有关内部排序算法的比较 13003数据结构与算法
"<div class=""top""><span class=""chip c1"">章节：内部排序</span><span class=""chip c2"">本章重点</span></div><h1>排序的基本概念</h1><div class=""q"">排序定义、关键字（主/次）、升序降序、逆序对、内排序与外排序、稳定排序含义、评价标准（<span class=""blank"">______</span>、<span class=""blank"">______</span>、时间/<span class=""blank"">______</span>）。</div>"	"<div class=""top""><span class=""chip c1"">章节：内部排序</span><span class=""chip c2"">本章重点</span></div><h1>排序的基本概念</h1><div class=""a"">排序定义、关键字（主/次）、升序降序、逆序对、内排序与外排序、稳定排序含义、评价标准（<span class=""hit"">比较次数</span>、<span class=""hit"">交换次数</span>、时间/<span class=""hit"">空间复杂度</span>）。</div><div class=""ansbox"">挖空答案：<b>比较次数、交换次数、空间复杂度</b></div><div class=""pg"">教材页码：P255</div>"	内部排序 本章重点 13003数据结构与算法
"<div class=""top""><span class=""chip c1"">章节：内部排序</span><span class=""chip c2"">本章重点</span></div><h1>各排序算法的基本思想</h1><div class=""q"">插入<span class=""blank"">______</span>（直接插入、希尔）、交换排序（起泡、快速）、选择排序（简单选择、堆）、<span class=""blank"">______</span>、<span class=""blank"">______</span>（盒子、基数）各类算法的核心思想。</div>"	"<div class=""top""><span class=""chip c1"">章节：内部排序</span><span class=""chip c2"">本章重点</span></div><h1>各排序算法的基本思想</h1><div class=""a"">插入<span class=""hit"">排序</span>（直接插入、希尔）、交换<span class=""hit"">排序</span>（起泡、快速）、选择<span class=""hit"">排序</span>（简单选择、堆）、<span class=""hit"">归并排序</span>、<span class=""hit"">分配排序</span>（盒子、基数）各类算法的核心思想。</div><div class=""ansbox"">挖空答案：<b>排序、归并排序、分配排序</b></div><div class=""pg"">教材页码：P255</div>"	内部排序 本章重点 13003数据结构与算法
"<div class=""top""><span class=""chip c1"">章节：内部排序</span><span class=""chip c2"">本章重点</span></div><h1>排序过程及其特性</h1><div class=""q"">各算法每趟操作特点：插入<span class=""blank"">______</span>扩大<span class=""blank"">______</span>；起泡每趟最值到位；快排枢轴归位；选择每趟选最值；<span class=""blank"">______</span>输出堆顶；归并两两合并；基数逐位分配收集。</div>"	"<div class=""top""><span class=""chip c1"">章节：内部排序</span><span class=""chip c2"">本章重点</span></div><h1>排序过程及其特性</h1><div class=""a"">各算法每趟操作特点：插入<span class=""hit"">排序</span>扩大<span class=""hit"">有序子段</span>；起泡每趟最值到位；快排枢轴归位；选择每趟选最值；<span class=""hit"">堆排序</span>输出堆顶；归并两两合并；基数逐位分配收集。</div><div class=""ansbox"">挖空答案：<b>排序、有序子段、堆排序</b></div><div class=""pg"">教材页码：P290</div>"	内部排序 本章重点 13003数据结构与算法
"<div class=""top""><span class=""chip c1"">章节：内部排序</span><span class=""chip c2"">本章重点</span></div><h1>各排序算法的实现及复杂度分析</h1><div class=""q"">各算法代码实现及复杂度：直接插入O(n²)稳定；快排平均O(<span class=""blank"">______</span>)不稳定；堆O(<span class=""blank"">______</span>)不稳定；归并O(<span class=""blank"">______</span>)稳定空间O(n)；基数O(dn)稳定。</div>"	"<div class=""top""><span class=""chip c1"">章节：内部排序</span><span class=""chip c2"">本章重点</span></div><h1>各排序算法的实现及复杂度分析</h1><div class=""a"">各算法代码实现及复杂度：直接插入O(n²)稳定；快排平均O(<span class=""hit"">nlogn</span>)不稳定；堆O(<span class=""hit"">nlogn</span>)不稳定；归并O(<span class=""hit"">nlogn</span>)稳定空间O(n)；基数O(dn)稳定。</div><div class=""ansbox"">挖空答案：<b>nlogn、nlogn、nlogn</b></div><div class=""pg"">教材页码：P290</div>"	内部排序 本章重点 13003数据结构与算法
"<div class=""top""><span class=""chip c1"">章节：内部排序</span><span class=""chip c2"">本章重点</span></div><h1>各种排序算法的比较及使用条件</h1><div class=""q"">各排序算法比较：<span class=""blank"">______</span>（最优/平均/最差）、<span class=""blank"">______</span>、稳定性、适用条件。理论下界O(<span class=""blank"">______</span>)。实际常组合使用多种算法。</div>"	"<div class=""top""><span class=""chip c1"">章节：内部排序</span><span class=""chip c2"">本章重点</span></div><h1>各种排序算法的比较及使用条件</h1><div class=""a"">各排序算法比较：<span class=""hit"">时间复杂度</span>（最优/平均/最差）、<span class=""hit"">空间复杂度</span>、稳定性、适用条件。理论下界O(<span class=""hit"">nlogn</span>)。实际常组合使用多种算法。</div><div class=""ansbox"">挖空答案：<b>时间复杂度、空间复杂度、nlogn</b></div><div class=""pg"">教材页码：P290</div>"	内部排序 本章重点 13003数据结构与算法
"<div class=""top""><span class=""chip c1"">章节：内部排序</span><span class=""chip c2"">本章难点</span></div><h1>各排序算法的实现</h1><div class=""q"">各排序算法的具体实现细节：快排partition划分过程、<span class=""blank"">______</span>建堆与向下调整ShiftDown、<span class=""blank"">______</span>分组插入修改、<span class=""blank"">______</span>计数分配收集。</div>"	"<div class=""top""><span class=""chip c1"">章节：内部排序</span><span class=""chip c2"">本章难点</span></div><h1>各排序算法的实现</h1><div class=""a"">各排序算法的具体实现细节：快排partition划分过程、<span class=""hit"">堆排序</span>建堆与向下调整ShiftDown、<span class=""hit"">希尔排序</span>分组插入修改、<span class=""hit"">基数排序</span>计数分配收集。</div><div class=""ansbox"">挖空答案：<b>堆排序、希尔排序、基数排序</b></div><div class=""pg"">教材页码：P290</div>"	内部排序 本章难点 13003数据结构与算法
"<div class=""top""><span class=""chip c1"">章节：内部排序</span><span class=""chip c2"">本章难点</span></div><h1>特点及相互比较</h1><div class=""q"">各<span class=""blank"">______</span>算法特点及相互比较：时间/<span class=""blank"">______</span>对比表、<span class=""blank"">______</span>归类（稳定：插入/起泡/归并/基数；不稳定：希尔/快排/堆/选择）、适用场景区分。</div>"	"<div class=""top""><span class=""chip c1"">章节：内部排序</span><span class=""chip c2"">本章难点</span></div><h1>特点及相互比较</h1><div class=""a"">各<span class=""hit"">排序</span>算法特点及相互比较：时间/<span class=""hit"">空间复杂度</span>对比表、<span class=""hit"">稳定性</span>归类（稳定：插入/起泡/归并/基数；不稳定：希尔/快排/堆/选择）、适用场景区分。</div><div class=""ansbox"">挖空答案：<b>排序、空间复杂度、稳定性</b></div><div class=""pg"">教材页码：P290</div>"	内部排序 本章难点 13003数据结构与算法
"<div class=""top""><span class=""chip c1"">章节：查找</span><span class=""chip c2"">识记</span><span class=""chip c3"">查找的基本概念</span></div><h1>查找</h1><div class=""q"">查找（检索）是给定一个具体目标，在<span class=""blank"">______</span>集中搜索寻找与目标相符合对象的过程。主要操作是<span class=""blank"">______</span>之间的比较，查找效率指<span class=""blank"">______</span>的多少。</div>"	"<div class=""top""><span class=""chip c1"">章节：查找</span><span class=""chip c2"">识记</span><span class=""chip c3"">查找的基本概念</span></div><h1>查找</h1><div class=""a"">查找（检索）是给定一个具体目标，在<span class=""hit"">数据</span>集中搜索寻找与目标相符合对象的过程。主要操作是<span class=""hit"">关键字</span>之间的比较，查找效率指<span class=""hit"">比较次数</span>的多少。</div><div class=""ansbox"">挖空答案：<b>数据、关键字、比较次数</b></div><div class=""pg"">教材页码：P295</div>"	查找 识记 查找的基本概念 13003数据结构与算法
"<div class=""top""><span class=""chip c1"">章节：查找</span><span class=""chip c2"">识记</span><span class=""chip c3"">查找的基本概念</span></div><h1>单值查找</h1><div class=""q"">单值查找是给定一个具体的值，查找与该值相等的对象。本章主要讨论单值查找方法，适当修改后可适用于<span class=""blank"">______</span>。</div>"	"<div class=""top""><span class=""chip c1"">章节：查找</span><span class=""chip c2"">识记</span><span class=""chip c3"">查找的基本概念</span></div><h1>单值查找</h1><div class=""a"">单值查找是给定一个具体的值，查找与该值相等的对象。本章主要讨论单值查找方法，适当修改后可适用于<span class=""hit"">范围查找</span>。</div><div class=""ansbox"">挖空答案：<b>范围查找</b></div><div class=""pg"">教材页码：P295</div>"	查找 识记 查找的基本概念 13003数据结构与算法
"<div class=""top""><span class=""chip c1"">章节：查找</span><span class=""chip c2"">识记</span><span class=""chip c3"">查找的基本概念</span></div><h1>范围查找</h1><div class=""q"">范围查找是给定一个值的区间，查找其值位于该区间内的所有对象。<span class=""blank"">______</span>方法经适当修改后可用于范围查找。</div>"	"<div class=""top""><span class=""chip c1"">章节：查找</span><span class=""chip c2"">识记</span><span class=""chip c3"">查找的基本概念</span></div><h1>范围查找</h1><div class=""a"">范围查找是给定一个值的区间，查找其值位于该区间内的所有对象。<span class=""hit"">单值查找</span>方法经适当修改后可用于范围查找。</div><div class=""ansbox"">挖空答案：<b>单值查找</b></div><div class=""pg"">教材页码：P295</div>"	查找 识记 查找的基本概念 13003数据结构与算法
"<div class=""top""><span class=""chip c1"">章节：查找</span><span class=""chip c2"">识记</span><span class=""chip c3"">查找的基本概念</span></div><h1>查找表</h1><div class=""q"">查找表（查找池）是查找过程所完成的数据集，可以是<span class=""blank"">______</span>、链表或树。表中<span class=""blank"">______</span>也称记录，每个记录至少含一个<span class=""blank"">______</span>。</div>"	"<div class=""top""><span class=""chip c1"">章节：查找</span><span class=""chip c2"">识记</span><span class=""chip c3"">查找的基本概念</span></div><h1>查找表</h1><div class=""a"">查找表（查找池）是查找过程所完成的数据集，可以是<span class=""hit"">数组</span>、链表或树。表中<span class=""hit"">数据项</span>也称记录，每个记录至少含一个<span class=""hit"">关键字</span>。</div><div class=""ansbox"">挖空答案：<b>数组、数据项、关键字</b></div><div class=""pg"">教材页码：P295</div>"	查找 识记 查找的基本概念 13003数据结构与算法
"<div class=""top""><span class=""chip c1"">章节：查找</span><span class=""chip c2"">识记</span><span class=""chip c3"">查找的基本概念</span></div><h1>成功查找</h1><div class=""q"">成功查找指在<span class=""blank"">______</span>中找到了<span class=""blank"">______</span>值等于给定目标值K的记录，使得该记录的关键字key恰好等于目标值K。</div>"	"<div class=""top""><span class=""chip c1"">章节：查找</span><span class=""chip c2"">识记</span><span class=""chip c3"">查找的基本概念</span></div><h1>成功查找</h1><div class=""a"">成功查找指在<span class=""hit"">查找表</span>中找到了<span class=""hit"">关键字</span>值等于给定目标值K的记录，使得该记录的<span class=""hit"">关键字</span>key恰好等于目标值K。</div><div class=""ansbox"">挖空答案：<b>查找表、关键字</b></div><div class=""pg"">教材页码：P296</div>"	查找 识记 查找的基本概念 13003数据结构与算法
"<div class=""top""><span class=""chip c1"">章节：查找</span><span class=""chip c2"">识记</span><span class=""chip c3"">查找的基本概念</span></div><h1>不成功查找</h1><div class=""q"">不成功查找（查找失败）指在<span class=""blank"">______</span>中找不到<span class=""blank"">______</span>值等于给定目标值K的记录，即查找表中不存在该目标记录。</div>"	"<div class=""top""><span class=""chip c1"">章节：查找</span><span class=""chip c2"">识记</span><span class=""chip c3"">查找的基本概念</span></div><h1>不成功查找</h1><div class=""a"">不成功查找（查找失败）指在<span class=""hit"">查找表</span>中找不到<span class=""hit"">关键字</span>值等于给定目标值K的记录，即<span class=""hit"">查找表</span>中不存在该目标记录。</div><div class=""ansbox"">挖空答案：<b>查找表、关键字</b></div><div class=""pg"">教材页码：P296</div>"	查找 识记 查找的基本概念 13003数据结构与算法
"<div class=""top""><span class=""chip c1"">章节：查找</span><span class=""chip c2"">识记</span><span class=""chip c3"">查找的基本概念</span></div><h1>外部查找</h1><div class=""q"">外部查找是当<span class=""blank"">______</span>量非常大、需要借助外存存储数据时进行的查找，此时全部数据不能同时全部存放在内存当中。</div>"	"<div class=""top""><span class=""chip c1"">章节：查找</span><span class=""chip c2"">识记</span><span class=""chip c3"">查找的基本概念</span></div><h1>外部查找</h1><div class=""a"">外部查找是当<span class=""hit"">数据</span>量非常大、需要借助外存存储<span class=""hit"">数据</span>时进行的查找，此时全部<span class=""hit"">数据</span>不能同时全部存放在内存当中。</div><div class=""ansbox"">挖空答案：<b>数据</b></div><div class=""pg"">教材页码：P296</div>"	查找 识记 查找的基本概念 13003数据结构与算法
"<div class=""top""><span class=""chip c1"">章节：查找</span><span class=""chip c2"">识记</span><span class=""chip c3"">查找的基本概念</span></div><h1>内部查找</h1><div class=""q"">内部查找是当全部<span class=""blank"">______</span>可以同时存放在内存中时进行的查找，本章讨论的各种查找方法均针对内部查找应用场景。</div>"	"<div class=""top""><span class=""chip c1"">章节：查找</span><span class=""chip c2"">识记</span><span class=""chip c3"">查找的基本概念</span></div><h1>内部查找</h1><div class=""a"">内部查找是当全部<span class=""hit"">数据</span>可以同时存放在内存中时进行的查找，本章讨论的各种查找方法均针对内部查找应用场景。</div><div class=""ansbox"">挖空答案：<b>数据</b></div><div class=""pg"">教材页码：P296</div>"	查找 识记 查找的基本概念 13003数据结构与算法
"<div class=""top""><span class=""chip c1"">章节：查找</span><span class=""chip c2"">识记</span><span class=""chip c3"">查找的基本概念</span></div><h1>平均查找长度</h1><div class=""q"">平均查找长度<span class=""blank"">______</span>=ΣPi*Ci，其中Pi为查找第i个记录的概率，Ci为<span class=""blank"">______</span>。等概率时Pi=1/n，ASL=ΣCi/n，是衡量查找效率的标准。</div>"	"<div class=""top""><span class=""chip c1"">章节：查找</span><span class=""chip c2"">识记</span><span class=""chip c3"">查找的基本概念</span></div><h1>平均查找长度</h1><div class=""a"">平均查找长度<span class=""hit"">ASL</span>=ΣPi*Ci，其中Pi为查找第i个记录的概率，Ci为<span class=""hit"">比较次数</span>。等概率时Pi=1/n，<span class=""hit"">ASL</span>=ΣCi/n，是衡量查找效率的标准。</div><div class=""ansbox"">挖空答案：<b>ASL、比较次数</b></div><div class=""pg"">教材页码：P297</div>"	查找 识记 查找的基本概念 13003数据结构与算法
"<div class=""top""><span class=""chip c1"">章节：查找</span><span class=""chip c2"">领会</span><span class=""chip c3"">查找的基本概念</span></div><h1>查找算法的适用条件</h1><div class=""q"">无序表用顺序查找；有序表可用<span class=""blank"">______</span>；数据多用索引顺序（分块）查找；还可用<span class=""blank"">______</span>、<span class=""blank"">______</span>、B树等树形结构及哈希方法。</div>"	"<div class=""top""><span class=""chip c1"">章节：查找</span><span class=""chip c2"">领会</span><span class=""chip c3"">查找的基本概念</span></div><h1>查找算法的适用条件</h1><div class=""a"">无序表用顺序查找；有序表可用<span class=""hit"">折半查找</span>；数据多用索引顺序（分块）查找；还可用<span class=""hit"">二叉查找树</span>、<span class=""hit"">AVL树</span>、B树等树形结构及哈希方法。</div><div class=""ansbox"">挖空答案：<b>折半查找、二叉查找树、AVL树</b></div><div class=""pg"">教材页码：P296</div>"	查找 领会 查找的基本概念 13003数据结构与算法
"<div class=""top""><span class=""chip c1"">章节：查找</span><span class=""chip c2"">领会</span><span class=""chip c3"">查找的基本概念</span></div><h1>查找长度的含义</h1><div class=""q""><span class=""blank"">______</span>长度指查找过程中<span class=""blank"">______</span>与目标进行比较的次数。最好1次即可找到，最坏可能需n次。<span class=""blank"">______</span>是其统计平均。</div>"	"<div class=""top""><span class=""chip c1"">章节：查找</span><span class=""chip c2"">领会</span><span class=""chip c3"">查找的基本概念</span></div><h1>查找长度的含义</h1><div class=""a""><span class=""hit"">查找</span>长度指<span class=""hit"">查找</span>过程中<span class=""hit"">关键字</span>与目标进行比较的次数。最好1次即可找到，最坏可能需n次。<span class=""hit"">平均查找长度</span>是其统计平均。</div><div class=""ansbox"">挖空答案：<b>查找、关键字、平均查找长度</b></div><div class=""pg"">教材页码：P297</div>"	查找 领会 查找的基本概念 13003数据结构与算法
"<div class=""top""><span class=""chip c1"">章节：查找</span><span class=""chip c2"">识记</span><span class=""chip c3"">顺序表的查找</span></div><h1>顺序表</h1><div class=""q"">顺序表是数据存储在数组中形成的表。按<span class=""blank"">______</span>无序为<span class=""blank"">______</span>，按关键字有序为<span class=""blank"">______</span>。数组还需记录实际元素个数。</div>"	"<div class=""top""><span class=""chip c1"">章节：查找</span><span class=""chip c2"">识记</span><span class=""chip c3"">顺序表的查找</span></div><h1>顺序表</h1><div class=""a"">顺序表是数据存储在数组中形成的表。按<span class=""hit"">关键字</span>无序为<span class=""hit"">无序表</span>，按<span class=""hit"">关键字</span>有序为<span class=""hit"">有序表</span>。数组还需记录实际元素个数。</div><div class=""ansbox"">挖空答案：<b>关键字、无序表、有序表</b></div><div class=""pg"">教材页码：P297</div>"	查找 识记 顺序表的查找 13003数据结构与算法
"<div class=""top""><span class=""chip c1"">章节：查找</span><span class=""chip c2"">识记</span><span class=""chip c3"">顺序表的查找</span></div><h1>顺序查找方法</h1><div class=""q""><span class=""blank"">______</span>（线性查找）从顺序表头开始，用给定目标与各记录<span class=""blank"">______</span>逐个比较，直到找到或比较到<span class=""blank"">______</span>。不要求数据有序，空间O(1)。</div>"	"<div class=""top""><span class=""chip c1"">章节：查找</span><span class=""chip c2"">识记</span><span class=""chip c3"">顺序表的查找</span></div><h1>顺序查找方法</h1><div class=""a""><span class=""hit"">顺序查找</span>（线性查找）从顺序表头开始，用给定目标与各记录<span class=""hit"">关键字</span>逐个比较，直到找到或比较到<span class=""hit"">表尾</span>。不要求数据有序，空间O(1)。</div><div class=""ansbox"">挖空答案：<b>顺序查找、关键字、表尾</b></div><div class=""pg"">教材页码：P297</div>"	查找 识记 顺序表的查找 13003数据结构与算法
"<div class=""top""><span class=""chip c1"">章节：查找</span><span class=""chip c2"">识记</span><span class=""chip c3"">顺序表的查找</span></div><h1>折半查找方法</h1><div class=""q""><span class=""blank"">______</span>（<span class=""blank"">______</span>）适用于<span class=""blank"">______</span>，从中间元素开始比较，根据大小关系舍弃一半区间，每次将候选区间缩小一半直到找到或区间为空。</div>"	"<div class=""top""><span class=""chip c1"">章节：查找</span><span class=""chip c2"">识记</span><span class=""chip c3"">顺序表的查找</span></div><h1>折半查找方法</h1><div class=""a""><span class=""hit"">折半查找</span>（<span class=""hit"">二分查找</span>）适用于<span class=""hit"">有序表</span>，从中间元素开始比较，根据大小关系舍弃一半区间，每次将候选区间缩小一半直到找到或区间为空。</div><div class=""ansbox"">挖空答案：<b>折半查找、二分查找、有序表</b></div><div class=""pg"">教材页码：P299</div>"	查找 识记 顺序表的查找 13003数据结构与算法
"<div class=""top""><span class=""chip c1"">章节：查找</span><span class=""chip c2"">识记</span><span class=""chip c3"">顺序表的查找</span></div><h1>折半查找判定树</h1><div class=""q"">折半查找判定树是描述折半查找过程的<span class=""blank"">______</span>。查找时比较的<span class=""blank"">______</span>序列恰在根到目标结点的路径上，<span class=""blank"">______</span>为该路径结点数。</div>"	"<div class=""top""><span class=""chip c1"">章节：查找</span><span class=""chip c2"">识记</span><span class=""chip c3"">顺序表的查找</span></div><h1>折半查找判定树</h1><div class=""a"">折半查找判定树是描述折半查找过程的<span class=""hit"">二叉树</span>。查找时比较的<span class=""hit"">关键字</span>序列恰在根到目标结点的路径上，<span class=""hit"">比较次数</span>为该路径结点数。</div><div class=""ansbox"">挖空答案：<b>二叉树、关键字、比较次数</b></div><div class=""pg"">教材页码：P302</div>"	查找 识记 顺序表的查找 13003数据结构与算法
"<div class=""top""><span class=""chip c1"">章节：查找</span><span class=""chip c2"">识记</span><span class=""chip c3"">顺序表的查找</span></div><h1>索引</h1><div class=""q"">索引是<span class=""blank"">______</span>中由每块最大关键字和该块存储位置指针组成的索引项，保存在索引表中。因块间<span class=""blank"">______</span>，索引表也是<span class=""blank"">______</span>。</div>"	"<div class=""top""><span class=""chip c1"">章节：查找</span><span class=""chip c2"">识记</span><span class=""chip c3"">顺序表的查找</span></div><h1>索引</h1><div class=""a"">索引是<span class=""hit"">分块查找</span>中由每块最大关键字和该块存储位置指针组成的索引项，保存在索引表中。因块间<span class=""hit"">整体有序</span>，索引表也是<span class=""hit"">有序表</span>。</div><div class=""ansbox"">挖空答案：<b>分块查找、整体有序、有序表</b></div><div class=""pg"">教材页码：P304</div>"	查找 识记 顺序表的查找 13003数据结构与算法
"<div class=""top""><span class=""chip c1"">章节：查找</span><span class=""chip c2"">识记</span><span class=""chip c3"">顺序表的查找</span></div><h1>索引顺序查找</h1><div class=""q"">索引顺序查找（<span class=""blank"">______</span>）先查<span class=""blank"">______</span>确定目标可能在哪个块，再在该块内进行查找。索引表可<span class=""blank"">______</span>，块内通常顺序查找。</div>"	"<div class=""top""><span class=""chip c1"">章节：查找</span><span class=""chip c2"">识记</span><span class=""chip c3"">顺序表的查找</span></div><h1>索引顺序查找</h1><div class=""a"">索引顺序查找（<span class=""hit"">分块查找</span>）先查<span class=""hit"">索引表</span>确定目标可能在哪个块，再在该块内进行查找。<span class=""hit"">索引表</span>可<span class=""hit"">折半查找</span>，块内通常顺序查找。</div><div class=""ansbox"">挖空答案：<b>分块查找、索引表、折半查找</b></div><div class=""pg"">教材页码：P303</div>"	查找 识记 顺序表的查找 13003数据结构与算法
"<div class=""top""><span class=""chip c1"">章节：查找</span><span class=""chip c2"">识记</span><span class=""chip c3"">顺序表的查找</span></div><h1>分块查找</h1><div class=""q"">分块查找即<span class=""blank"">______</span>。将数据分成若干块，块间<span class=""blank"">______</span>（前块所有<span class=""blank"">______</span>小于后块），块内可无序。先查索引再块内查找。</div>"	"<div class=""top""><span class=""chip c1"">章节：查找</span><span class=""chip c2"">识记</span><span class=""chip c3"">顺序表的查找</span></div><h1>分块查找</h1><div class=""a"">分块查找即<span class=""hit"">索引顺序查找</span>。将数据分成若干块，块间<span class=""hit"">整体有序</span>（前块所有<span class=""hit"">关键字</span>小于后块），块内可无序。先查索引再块内查找。</div><div class=""ansbox"">挖空答案：<b>索引顺序查找、整体有序、关键字</b></div><div class=""pg"">教材页码：P303</div>"	查找 识记 顺序表的查找 13003数据结构与算法
"<div class=""top""><span class=""chip c1"">章节：查找</span><span class=""chip c2"">领会</span><span class=""chip c3"">顺序表的查找</span></div><h1>折半查找方法的适用条件</h1><div class=""q""><span class=""blank"">______</span>要求：必须顺序存储（数组），且各记录按<span class=""blank"">______</span>有序排列。这两个限制换来高效率O(<span class=""blank"">______</span>)。不能用于链表。</div>"	"<div class=""top""><span class=""chip c1"">章节：查找</span><span class=""chip c2"">领会</span><span class=""chip c3"">顺序表的查找</span></div><h1>折半查找方法的适用条件</h1><div class=""a""><span class=""hit"">折半查找</span>要求：必须顺序存储（数组），且各记录按<span class=""hit"">关键字</span>有序排列。这两个限制换来高效率O(<span class=""hit"">logn</span>)。不能用于链表。</div><div class=""ansbox"">挖空答案：<b>折半查找、关键字、logn</b></div><div class=""pg"">教材页码：P303</div>"	查找 领会 顺序表的查找 13003数据结构与算法
"<div class=""top""><span class=""chip c1"">章节：查找</span><span class=""chip c2"">领会</span><span class=""chip c3"">顺序表的查找</span></div><h1>简单应用</h1><div class=""q"">能根据给定<span class=""blank"">______</span>手动模拟<span class=""blank"">______</span>过程，写出每次low、mid、high的变化及比较序列，判断查找成功或失败。</div>"	"<div class=""top""><span class=""chip c1"">章节：查找</span><span class=""chip c2"">领会</span><span class=""chip c3"">顺序表的查找</span></div><h1>简单应用</h1><div class=""a"">能根据给定<span class=""hit"">有序表</span>手动模拟<span class=""hit"">折半查找</span>过程，写出每次low、mid、high的变化及比较序列，判断查找成功或失败。</div><div class=""ansbox"">挖空答案：<b>有序表、折半查找</b></div><div class=""pg"">教材页码：P299</div>"	查找 领会 顺序表的查找 13003数据结构与算法
"<div class=""top""><span class=""chip c1"">章节：查找</span><span class=""chip c2"">领会</span><span class=""chip c3"">顺序表的查找</span></div><h1>计算顺序查找的平均查找长度</h1><div class=""q""><span class=""blank"">______</span>等概率时成功<span class=""blank"">______</span>=(n+1)/2，不成功ASL=n，<span class=""blank"">______</span>O(n)。可按查找频率从高到低排列记录（自组织线性表）提高效率。</div>"	"<div class=""top""><span class=""chip c1"">章节：查找</span><span class=""chip c2"">领会</span><span class=""chip c3"">顺序表的查找</span></div><h1>计算顺序查找的平均查找长度</h1><div class=""a""><span class=""hit"">顺序查找</span>等概率时成功<span class=""hit"">ASL</span>=(n+1)/2，不成功<span class=""hit"">ASL</span>=n，<span class=""hit"">时间复杂度</span>O(n)。可按查找频率从高到低排列记录（自组织线性表）提高效率。</div><div class=""ansbox"">挖空答案：<b>顺序查找、ASL、时间复杂度</b></div><div class=""pg"">教材页码：P298</div>"	查找 领会 顺序表的查找 13003数据结构与算法
"<div class=""top""><span class=""chip c1"">章节：查找</span><span class=""chip c2"">领会</span><span class=""chip c3"">顺序表的查找</span></div><h1>计算折半查找的平均查找长度</h1><div class=""q""><span class=""blank"">______</span>可用判定树分析，成功ASL约为log2(n+1)，<span class=""blank"">______</span>O(<span class=""blank"">______</span>)。不成功也约为树高logn。n=1000时ASL不超过10。</div>"	"<div class=""top""><span class=""chip c1"">章节：查找</span><span class=""chip c2"">领会</span><span class=""chip c3"">顺序表的查找</span></div><h1>计算折半查找的平均查找长度</h1><div class=""a""><span class=""hit"">折半查找</span>可用判定树分析，成功ASL约为log2(n+1)，<span class=""hit"">时间复杂度</span>O(<span class=""hit"">logn</span>)。不成功也约为树高<span class=""hit"">logn</span>。n=1000时ASL不超过10。</div><div class=""ansbox"">挖空答案：<b>折半查找、时间复杂度、logn</b></div><div class=""pg"">教材页码：P303</div>"	查找 领会 顺序表的查找 13003数据结构与算法
"<div class=""top""><span class=""chip c1"">章节：查找</span><span class=""chip c2"">领会</span><span class=""chip c3"">顺序表的查找</span></div><h1>分块查找块数和块大小的最优配置</h1><div class=""q""><span class=""blank"">______</span>设总记录数n，每块s个、b=ceil(n/s)块。两部分都<span class=""blank"">______</span>时<span class=""blank"">______</span>=(b+1)/2+(s+1)/2，当s=√n即b=s时ASL最小。</div>"	"<div class=""top""><span class=""chip c1"">章节：查找</span><span class=""chip c2"">领会</span><span class=""chip c3"">顺序表的查找</span></div><h1>分块查找块数和块大小的最优配置</h1><div class=""a""><span class=""hit"">分块查找</span>设总记录数n，每块s个、b=ceil(n/s)块。两部分都<span class=""hit"">顺序查找</span>时<span class=""hit"">ASL</span>=(b+1)/2+(s+1)/2，当s=√n即b=s时<span class=""hit"">ASL</span>最小。</div><div class=""ansbox"">挖空答案：<b>分块查找、顺序查找、ASL</b></div><div class=""pg"">教材页码：P304</div>"	查找 领会 顺序表的查找 13003数据结构与算法
"<div class=""top""><span class=""chip c1"">章节：查找</span><span class=""chip c2"">识记</span><span class=""chip c3"">树形结构的查找</span></div><h1>二叉查找树</h1><div class=""q"">二叉查找树(<span class=""blank"">______</span>)或为空树，或满足：<span class=""blank"">______</span>所有结点关键字小于根，右子树所有结点关键字大于根，且左右子树也都是二叉查找树。<span class=""blank"">______</span>得有序序列。</div>"	"<div class=""top""><span class=""chip c1"">章节：查找</span><span class=""chip c2"">识记</span><span class=""chip c3"">树形结构的查找</span></div><h1>二叉查找树</h1><div class=""a"">二叉查找树(<span class=""hit"">BST</span>)或为空树，或满足：<span class=""hit"">左子树</span>所有结点关键字小于根，右子树所有结点关键字大于根，且左右子树也都是二叉查找树。<span class=""hit"">中序遍历</span>得有序序列。</div><div class=""ansbox"">挖空答案：<b>BST、左子树、中序遍历</b></div><div class=""pg"">教材页码：P305</div>"	查找 识记 树形结构的查找 13003数据结构与算法
"<div class=""top""><span class=""chip c1"">章节：查找</span><span class=""chip c2"">识记</span><span class=""chip c3"">树形结构的查找</span></div><h1>二叉查找树的特性</h1><div class=""q""><span class=""blank"">______</span>特性：左&lt;根&lt;右；<span class=""blank"">______</span>得递增有序序列；查找从根沿一条路径进行，比较序列为路径上的<span class=""blank"">______</span>；同一组关键字插入次序不同树形不同。</div>"	"<div class=""top""><span class=""chip c1"">章节：查找</span><span class=""chip c2"">识记</span><span class=""chip c3"">树形结构的查找</span></div><h1>二叉查找树的特性</h1><div class=""a""><span class=""hit"">二叉查找树</span>特性：左&lt;根&lt;右；<span class=""hit"">中序遍历</span>得递增有序序列；查找从根沿一条路径进行，比较序列为路径上的<span class=""hit"">关键字</span>；同一组<span class=""hit"">关键字</span>插入次序不同树形不同。</div><div class=""ansbox"">挖空答案：<b>二叉查找树、中序遍历、关键字</b></div><div class=""pg"">教材页码：P305</div>"	查找 识记 树形结构的查找 13003数据结构与算法
"<div class=""top""><span class=""chip c1"">章节：查找</span><span class=""chip c2"">识记</span><span class=""chip c3"">树形结构的查找</span></div><h1>查找过程中关键字比较序列</h1><div class=""q""><span class=""blank"">______</span>过程中与目标比较的<span class=""blank"">______</span>构成一个序列，这些结点恰在从根到目标结点的<span class=""blank"">______</span>上。序列长度不大于树的高度。</div>"	"<div class=""top""><span class=""chip c1"">章节：查找</span><span class=""chip c2"">识记</span><span class=""chip c3"">树形结构的查找</span></div><h1>查找过程中关键字比较序列</h1><div class=""a""><span class=""hit"">查找</span>过程中与目标比较的<span class=""hit"">关键字</span>构成一个序列，这些结点恰在从根到目标结点的<span class=""hit"">路径</span>上。序列长度不大于树的高度。</div><div class=""ansbox"">挖空答案：<b>查找、关键字、路径</b></div><div class=""pg"">教材页码：P306</div>"	查找 识记 树形结构的查找 13003数据结构与算法
"<div class=""top""><span class=""chip c1"">章节：查找</span><span class=""chip c2"">识记</span><span class=""chip c3"">树形结构的查找</span></div><h1>AVL树</h1><div class=""q"">AVL树是满足平衡条件的<span class=""blank"">______</span>：左<span class=""blank"">______</span>都是AVL树，且左右子树高度差的绝对值不超过1。也称<span class=""blank"">______</span>，由Adelson-Velskii和Landis于1962年提出。</div>"	"<div class=""top""><span class=""chip c1"">章节：查找</span><span class=""chip c2"">识记</span><span class=""chip c3"">树形结构的查找</span></div><h1>AVL树</h1><div class=""a"">AVL树是满足平衡条件的<span class=""hit"">二叉查找树</span>：左<span class=""hit"">右子树</span>都是AVL树，且左<span class=""hit"">右子树</span>高度差的绝对值不超过1。也称<span class=""hit"">平衡二叉树</span>，由Adelson-Velskii和Landis于1962年提出。</div><div class=""ansbox"">挖空答案：<b>二叉查找树、右子树、平衡二叉树</b></div><div class=""pg"">教材页码：P312</div>"	查找 识记 树形结构的查找 13003数据结构与算法
"<div class=""top""><span class=""chip c1"">章节：查找</span><span class=""chip c2"">识记</span><span class=""chip c3"">树形结构的查找</span></div><h1>平衡因子</h1><div class=""q"">平衡因子定义为结点左子树<span class=""blank"">______</span>减去<span class=""blank"">______</span>高度。<span class=""blank"">______</span>中所有结点的平衡因子绝对值不大于1（介于-1和1之间），否则失平衡。</div>"	"<div class=""top""><span class=""chip c1"">章节：查找</span><span class=""chip c2"">识记</span><span class=""chip c3"">树形结构的查找</span></div><h1>平衡因子</h1><div class=""a"">平衡因子定义为结点左子树<span class=""hit"">高度</span>减去<span class=""hit"">右子树</span><span class=""hit"">高度</span>。<span class=""hit"">AVL树</span>中所有结点的平衡因子绝对值不大于1（介于-1和1之间），否则失平衡。</div><div class=""ansbox"">挖空答案：<b>高度、右子树、AVL树</b></div><div class=""pg"">教材页码：P312</div>"	查找 识记 树形结构的查找 13003数据结构与算法
"<div class=""top""><span class=""chip c1"">章节：查找</span><span class=""chip c2"">识记</span><span class=""chip c3"">树形结构的查找</span></div><h1>B树</h1><div class=""q"">B树是m阶多路平衡查找树：每个结点至多m棵子树，根至少2棵，非<span class=""blank"">______</span>至少ceil(m/2)棵子树，所有<span class=""blank"">______</span>在同一层。结点可含多个<span class=""blank"">______</span>。</div>"	"<div class=""top""><span class=""chip c1"">章节：查找</span><span class=""chip c2"">识记</span><span class=""chip c3"">树形结构的查找</span></div><h1>B树</h1><div class=""a"">B树是m阶多路平衡查找树：每个结点至多m棵子树，根至少2棵，非<span class=""hit"">根结点</span>至少ceil(m/2)棵子树，所有<span class=""hit"">叶结点</span>在同一层。结点可含多个<span class=""hit"">关键字</span>。</div><div class=""ansbox"">挖空答案：<b>根结点、叶结点、关键字</b></div><div class=""pg"">教材页码：P317</div>"	查找 识记 树形结构的查找 13003数据结构与算法
"<div class=""top""><span class=""chip c1"">章节：查找</span><span class=""chip c2"">领会</span><span class=""chip c3"">树形结构的查找</span></div><h1>二叉查找树基本操作的过程</h1><div class=""q"">BST<span class=""blank"">______</span>：查找从根比较走左/<span class=""blank"">______</span>直到相等或空指针；插入在查找失败的空指针处插入新叶；删除分<span class=""blank"">______</span>、单子树、双子树三种情况处理。</div>"	"<div class=""top""><span class=""chip c1"">章节：查找</span><span class=""chip c2"">领会</span><span class=""chip c3"">树形结构的查找</span></div><h1>二叉查找树基本操作的过程</h1><div class=""a"">BST<span class=""hit"">基本操作</span>：查找从根比较走左/<span class=""hit"">右子树</span>直到相等或空指针；插入在查找失败的空指针处插入新叶；删除分<span class=""hit"">叶结点</span>、单子树、双子树三种情况处理。</div><div class=""ansbox"">挖空答案：<b>基本操作、右子树、叶结点</b></div><div class=""pg"">教材页码：P306</div>"	查找 领会 树形结构的查找 13003数据结构与算法
"<div class=""top""><span class=""chip c1"">章节：查找</span><span class=""chip c2"">领会</span><span class=""chip c3"">树形结构的查找</span></div><h1>初始数据生成二叉查找树的树形</h1><div class=""q"">同一组<span class=""blank"">______</span>以不同次序插入会生成不同树形。递增/递减插入退化为单链形式（类似<span class=""blank"">______</span>），平衡插入则树较矮。树形由插入次序决定。</div>"	"<div class=""top""><span class=""chip c1"">章节：查找</span><span class=""chip c2"">领会</span><span class=""chip c3"">树形结构的查找</span></div><h1>初始数据生成二叉查找树的树形</h1><div class=""a"">同一组<span class=""hit"">关键字</span>以不同次序插入会生成不同树形。递增/递减插入退化为单链形式（类似<span class=""hit"">顺序表</span>），平衡插入则树较矮。树形由插入次序决定。</div><div class=""ansbox"">挖空答案：<b>关键字、顺序表</b></div><div class=""pg"">教材页码：P310</div>"	查找 领会 树形结构的查找 13003数据结构与算法
"<div class=""top""><span class=""chip c1"">章节：查找</span><span class=""chip c2"">领会</span><span class=""chip c3"">树形结构的查找</span></div><h1>二叉查找树的树形与查找效率的关系</h1><div class=""q"">BST树高决定最大<span class=""blank"">______</span>和<span class=""blank"">______</span>。平衡树ASL小O(<span class=""blank"">______</span>)，退化单链ASL=(n+1)/2=O(n)。随机插入一般较均衡。</div>"	"<div class=""top""><span class=""chip c1"">章节：查找</span><span class=""chip c2"">领会</span><span class=""chip c3"">树形结构的查找</span></div><h1>二叉查找树的树形与查找效率的关系</h1><div class=""a"">BST树高决定最大<span class=""hit"">比较次数</span>和<span class=""hit"">平均查找长度</span>。平衡树ASL小O(<span class=""hit"">logn</span>)，退化单链ASL=(n+1)/2=O(n)。随机插入一般较均衡。</div><div class=""ansbox"">挖空答案：<b>比较次数、平均查找长度、logn</b></div><div class=""pg"">教材页码：P311</div>"	查找 领会 树形结构的查找 13003数据结构与算法
"<div class=""top""><span class=""chip c1"">章节：查找</span><span class=""chip c2"">领会</span><span class=""chip c3"">树形结构的查找</span></div><h1>二叉查找树的插入</h1><div class=""q"">BST插入：新结点从根开始比较，小于根走<span class=""blank"">______</span>，大于走<span class=""blank"">______</span>，直到空指针处插入新<span class=""blank"">______</span>。插入位置即查找失败时的空指针位置。</div>"	"<div class=""top""><span class=""chip c1"">章节：查找</span><span class=""chip c2"">领会</span><span class=""chip c3"">树形结构的查找</span></div><h1>二叉查找树的插入</h1><div class=""a"">BST插入：新结点从根开始比较，小于根走<span class=""hit"">左子树</span>，大于走<span class=""hit"">右子树</span>，直到空指针处插入新<span class=""hit"">叶结点</span>。插入位置即查找失败时的空指针位置。</div><div class=""ansbox"">挖空答案：<b>左子树、右子树、叶结点</b></div><div class=""pg"">教材页码：P307</div>"	查找 领会 树形结构的查找 13003数据结构与算法
"<div class=""top""><span class=""chip c1"">章节：查找</span><span class=""chip c2"">领会</span><span class=""chip c3"">树形结构的查找</span></div><h1>查找和删除</h1><div class=""q"">BST删除：叶结点直接删；单子树结点让子树接父结点；双子树结点用其中序<span class=""blank"">______</span>（<span class=""blank"">______</span>最大值）或<span class=""blank"">______</span>（右子树最小值）顶替，再删该顶替结点。</div>"	"<div class=""top""><span class=""chip c1"">章节：查找</span><span class=""chip c2"">领会</span><span class=""chip c3"">树形结构的查找</span></div><h1>查找和删除</h1><div class=""a"">BST删除：叶结点直接删；单子树结点让子树接父结点；双子树结点用其中序<span class=""hit"">直接前驱</span>（<span class=""hit"">左子树</span>最大值）或<span class=""hit"">直接后继</span>（右子树最小值）顶替，再删该顶替结点。</div><div class=""ansbox"">挖空答案：<b>直接前驱、左子树、直接后继</b></div><div class=""pg"">教材页码：P309</div>"	查找 领会 树形结构的查找 13003数据结构与算法
"<div class=""top""><span class=""chip c1"">章节：查找</span><span class=""chip c2"">领会</span><span class=""chip c3"">树形结构的查找</span></div><h1>B树的查找</h1><div class=""q"">B树查找从<span class=""blank"">______</span>开始，在结点内比较<span class=""blank"">______</span>，根据大小关系沿指针进入对应子树，直到叶结点找到关键字或遇到空指针。结点内可用顺序或<span class=""blank"">______</span>。</div>"	"<div class=""top""><span class=""chip c1"">章节：查找</span><span class=""chip c2"">领会</span><span class=""chip c3"">树形结构的查找</span></div><h1>B树的查找</h1><div class=""a"">B树查找从<span class=""hit"">根结点</span>开始，在结点内比较<span class=""hit"">关键字</span>，根据大小关系沿指针进入对应子树，直到叶结点找到<span class=""hit"">关键字</span>或遇到空指针。结点内可用顺序或<span class=""hit"">折半查找</span>。</div><div class=""ansbox"">挖空答案：<b>根结点、关键字、折半查找</b></div><div class=""pg"">教材页码：P318</div>"	查找 领会 树形结构的查找 13003数据结构与算法
"<div class=""top""><span class=""chip c1"">章节：查找</span><span class=""chip c2"">领会</span><span class=""chip c3"">树形结构的查找</span></div><h1>B树的插入</h1><div class=""q"">B树插入先通过<span class=""blank"">______</span>找到叶结点位置插入。若结点<span class=""blank"">______</span>数超过m-1则分裂：分两个结点，中间关键字提升到<span class=""blank"">______</span>，父结点可能继续分裂。</div>"	"<div class=""top""><span class=""chip c1"">章节：查找</span><span class=""chip c2"">领会</span><span class=""chip c3"">树形结构的查找</span></div><h1>B树的插入</h1><div class=""a"">B树插入先通过<span class=""hit"">查找</span>找到叶结点位置插入。若结点<span class=""hit"">关键字</span>数超过m-1则分裂：分两个结点，中间<span class=""hit"">关键字</span>提升到<span class=""hit"">父结点</span>，<span class=""hit"">父结点</span>可能继续分裂。</div><div class=""ansbox"">挖空答案：<b>查找、关键字、父结点</b></div><div class=""pg"">教材页码：P318</div>"	查找 领会 树形结构的查找 13003数据结构与算法
"<div class=""top""><span class=""chip c1"">章节：查找</span><span class=""chip c2"">领会</span><span class=""chip c3"">树形结构的查找</span></div><h1>B树中结点的分裂过程</h1><div class=""q"">B树结点分裂：结点<span class=""blank"">______</span>超限后分裂为两个结点，分别含最小和最大关键字，中间关键字提升到<span class=""blank"">______</span>。若父结点也超限则<span class=""blank"">______</span>分裂，最坏到根分裂使树高+1。</div>"	"<div class=""top""><span class=""chip c1"">章节：查找</span><span class=""chip c2"">领会</span><span class=""chip c3"">树形结构的查找</span></div><h1>B树中结点的分裂过程</h1><div class=""a"">B树结点分裂：结点<span class=""hit"">关键字</span>超限后分裂为两个结点，分别含最小和最大<span class=""hit"">关键字</span>，中间<span class=""hit"">关键字</span>提升到<span class=""hit"">父结点</span>。若<span class=""hit"">父结点</span>也超限则<span class=""hit"">递归</span>分裂，最坏到根分裂使树高+1。</div><div class=""ansbox"">挖空答案：<b>关键字、父结点、递归</b></div><div class=""pg"">教材页码：P319</div>"	查找 领会 树形结构的查找 13003数据结构与算法
"<div class=""top""><span class=""chip c1"">章节：查找</span><span class=""chip c2"">简单应用</span><span class=""chip c3"">树形结构的查找</span></div><h1>实现二叉查找树的基本操作</h1><div class=""q"">能够编写<span class=""blank"">______</span>BST的查找（递归与非递归实现）、插入BstInsert、删除结点等<span class=""blank"">______</span>的<span class=""blank"">______</span>代码。</div>"	"<div class=""top""><span class=""chip c1"">章节：查找</span><span class=""chip c2"">简单应用</span><span class=""chip c3"">树形结构的查找</span></div><h1>实现二叉查找树的基本操作</h1><div class=""a"">能够编写<span class=""hit"">二叉查找树</span>BST的查找（递归与非递归实现）、插入BstInsert、删除结点等<span class=""hit"">基本操作</span>的<span class=""hit"">算法</span>代码。</div><div class=""ansbox"">挖空答案：<b>二叉查找树、基本操作、算法</b></div><div class=""pg"">教材页码：P306</div>"	查找 简单应用 树形结构的查找 13003数据结构与算法
"<div class=""top""><span class=""chip c1"">章节：查找</span><span class=""chip c2"">简单应用</span><span class=""chip c3"">树形结构的查找</span></div><h1>AVL树的旋转</h1><div class=""q""><span class=""blank"">______</span>旋转恢复平衡：RR型左单旋转、LL型右单旋转、RL型双旋转（先右后左）、LR型双旋转（先左后右）。一次插入最多一次旋转调整。</div>"	"<div class=""top""><span class=""chip c1"">章节：查找</span><span class=""chip c2"">简单应用</span><span class=""chip c3"">树形结构的查找</span></div><h1>AVL树的旋转</h1><div class=""a""><span class=""hit"">AVL树</span>旋转恢复平衡：RR型左单旋转、LL型右单旋转、RL型双旋转（先右后左）、LR型双旋转（先左后右）。一次插入最多一次旋转调整。</div><div class=""ansbox"">挖空答案：<b>AVL树</b></div><div class=""pg"">教材页码：P313</div>"	查找 简单应用 树形结构的查找 13003数据结构与算法
"<div class=""top""><span class=""chip c1"">章节：查找</span><span class=""chip c2"">简单应用</span><span class=""chip c3"">树形结构的查找</span></div><h1>树形查找效率的分析</h1><div class=""q"">BST随机插入平均O(<span class=""blank"">______</span>)；<span class=""blank"">______</span>保证平衡高度O(<span class=""blank"">______</span>)；B树为多路平衡树高度对数级，适合外存大规模数据查找。</div>"	"<div class=""top""><span class=""chip c1"">章节：查找</span><span class=""chip c2"">简单应用</span><span class=""chip c3"">树形结构的查找</span></div><h1>树形查找效率的分析</h1><div class=""a"">BST随机插入平均O(<span class=""hit"">logn</span>)；<span class=""hit"">AVL树</span>保证平衡高度O(<span class=""hit"">logn</span>)；B树为多路平衡树高度对数级，适合外存大规模数据查找。</div><div class=""ansbox"">挖空答案：<b>logn、AVL树、logn</b></div><div class=""pg"">教材页码：P312</div>"	查找 简单应用 树形结构的查找 13003数据结构与算法
"<div class=""top""><span class=""chip c1"">章节：查找</span><span class=""chip c2"">识记</span><span class=""chip c3"">哈希表及其查找</span></div><h1>哈希表</h1><div class=""q"">哈希表（<span class=""blank"">______</span>）是通过<span class=""blank"">______</span>将关键字映射到数组位置进行存储的结构。哈希表中的一个位置称为一个槽。<span class=""blank"">______</span>既是查找方法也是数据保存方法。</div>"	"<div class=""top""><span class=""chip c1"">章节：查找</span><span class=""chip c2"">识记</span><span class=""chip c3"">哈希表及其查找</span></div><h1>哈希表</h1><div class=""a"">哈希表（<span class=""hit"">散列表</span>）是通过<span class=""hit"">哈希函数</span>将关键字映射到数组位置进行存储的结构。哈希表中的一个位置称为一个槽。<span class=""hit"">哈希方法</span>既是查找方法也是数据保存方法。</div><div class=""ansbox"">挖空答案：<b>散列表、哈希函数、哈希方法</b></div><div class=""pg"">教材页码：P320</div>"	查找 识记 哈希表及其查找 13003数据结构与算法
"<div class=""top""><span class=""chip c1"">章节：查找</span><span class=""chip c2"">识记</span><span class=""chip c3"">哈希表及其查找</span></div><h1>哈希函数</h1><div class=""q"">哈希函数H是将<span class=""blank"">______</span>值映射为<span class=""blank"">______</span>的函数，H(K)=L。它以关键字为自变量，得到<span class=""blank"">______</span>地址。设计原则：算法简单、均匀分布减少冲突。</div>"	"<div class=""top""><span class=""chip c1"">章节：查找</span><span class=""chip c2"">识记</span><span class=""chip c3"">哈希表及其查找</span></div><h1>哈希函数</h1><div class=""a"">哈希函数H是将<span class=""hit"">关键字</span>值映射为<span class=""hit"">数组下标</span>的函数，H(K)=L。它以<span class=""hit"">关键字</span>为自变量，得到<span class=""hit"">哈希表</span>地址。设计原则：算法简单、均匀分布减少冲突。</div><div class=""ansbox"">挖空答案：<b>关键字、数组下标、哈希表</b></div><div class=""pg"">教材页码：P320</div>"	查找 识记 哈希表及其查找 13003数据结构与算法
"<div class=""top""><span class=""chip c1"">章节：查找</span><span class=""chip c2"">识记</span><span class=""chip c3"">哈希表及其查找</span></div><h1>完美哈希函数</h1><div class=""q"">完美哈希函数是没有<span class=""blank"">______</span>的哈希函数。当不能预先知道全体关键字<span class=""blank"">______</span>时，构造的哈希函数通常不是完美哈希函数。</div>"	"<div class=""top""><span class=""chip c1"">章节：查找</span><span class=""chip c2"">识记</span><span class=""chip c3"">哈希表及其查找</span></div><h1>完美哈希函数</h1><div class=""a"">完美哈希函数是没有<span class=""hit"">冲突</span>的哈希函数。当不能预先知道全体关键字<span class=""hit"">集合</span>时，构造的哈希函数通常不是完美哈希函数。</div><div class=""ansbox"">挖空答案：<b>冲突、集合</b></div><div class=""pg"">教材页码：P321</div>"	查找 识记 哈希表及其查找 13003数据结构与算法
"<div class=""top""><span class=""chip c1"">章节：查找</span><span class=""chip c2"">识记</span><span class=""chip c3"">哈希表及其查找</span></div><h1>哈希方法</h1><div class=""q"">哈希方法（散列方法）根据记录<span class=""blank"">______</span>值，通过<span class=""blank"">______</span>直接计算记录在<span class=""blank"">______</span>中的存储位置，查询时也用同样策略计算地址。尽可能减少关键字间比较。</div>"	"<div class=""top""><span class=""chip c1"">章节：查找</span><span class=""chip c2"">识记</span><span class=""chip c3"">哈希表及其查找</span></div><h1>哈希方法</h1><div class=""a"">哈希方法（散列方法）根据记录<span class=""hit"">关键字</span>值，通过<span class=""hit"">哈希函数</span>直接计算记录在<span class=""hit"">数组</span>中的存储位置，查询时也用同样策略计算地址。尽可能减少<span class=""hit"">关键字</span>间比较。</div><div class=""ansbox"">挖空答案：<b>关键字、哈希函数、数组</b></div><div class=""pg"">教材页码：P320</div>"	查找 识记 哈希表及其查找 13003数据结构与算法
"<div class=""top""><span class=""chip c1"">章节：查找</span><span class=""chip c2"">识记</span><span class=""chip c3"">哈希表及其查找</span></div><h1>哈希地址</h1><div class=""q"">哈希地址（哈希值）是<span class=""blank"">______</span>计算得到的结果L，对应<span class=""blank"">______</span>中的数组下标<span class=""blank"">______</span>，且L不能超过哈希表的大小m。</div>"	"<div class=""top""><span class=""chip c1"">章节：查找</span><span class=""chip c2"">识记</span><span class=""chip c3"">哈希表及其查找</span></div><h1>哈希地址</h1><div class=""a"">哈希地址（哈希值）是<span class=""hit"">哈希函数</span>计算得到的结果L，对应<span class=""hit"">哈希表</span>中的数组下标<span class=""hit"">位置</span>，且L不能超过<span class=""hit"">哈希表</span>的大小m。</div><div class=""ansbox"">挖空答案：<b>哈希函数、哈希表、位置</b></div><div class=""pg"">教材页码：P321</div>"	查找 识记 哈希表及其查找 13003数据结构与算法
"<div class=""top""><span class=""chip c1"">章节：查找</span><span class=""chip c2"">识记</span><span class=""chip c3"">哈希表及其查找</span></div><h1>冲突</h1><div class=""q"">冲突指两个不同<span class=""blank"">______</span>k1≠k2经<span class=""blank"">______</span>得到相同地址H(k1)=H(k2)=L的现象。冲突不可避免，需设计<span class=""blank"">______</span>的方法。</div>"	"<div class=""top""><span class=""chip c1"">章节：查找</span><span class=""chip c2"">识记</span><span class=""chip c3"">哈希表及其查找</span></div><h1>冲突</h1><div class=""a"">冲突指两个不同<span class=""hit"">关键字</span>k1≠k2经<span class=""hit"">哈希函数</span>得到相同地址H(k1)=H(k2)=L的现象。冲突不可避免，需设计<span class=""hit"">解决冲突</span>的方法。</div><div class=""ansbox"">挖空答案：<b>关键字、哈希函数、解决冲突</b></div><div class=""pg"">教材页码：P321</div>"	查找 识记 哈希表及其查找 13003数据结构与算法
"<div class=""top""><span class=""chip c1"">章节：查找</span><span class=""chip c2"">识记</span><span class=""chip c3"">哈希表及其查找</span></div><h1>基本聚集</h1><div class=""q"">基本聚集是线性探测法<span class=""blank"">______</span>时，每解决一次冲突就使连续<span class=""blank"">______</span>簇（簇）变长的现象。线性探测还可能使非<span class=""blank"">______</span>的簇连接起来。</div>"	"<div class=""top""><span class=""chip c1"">章节：查找</span><span class=""chip c2"">识记</span><span class=""chip c3"">哈希表及其查找</span></div><h1>基本聚集</h1><div class=""a"">基本聚集是线性探测法<span class=""hit"">解决冲突</span>时，每解决一次冲突就使连续<span class=""hit"">关键字</span>簇（簇）变长的现象。线性探测还可能使非<span class=""hit"">同义词</span>的簇连接起来。</div><div class=""ansbox"">挖空答案：<b>解决冲突、关键字、同义词</b></div><div class=""pg"">教材页码：P328</div>"	查找 识记 哈希表及其查找 13003数据结构与算法
"<div class=""top""><span class=""chip c1"">章节：查找</span><span class=""chip c2"">识记</span><span class=""chip c3"">哈希表及其查找</span></div><h1>二级聚集</h1><div class=""q"">二级聚集是<span class=""blank"">______</span>中，虽跳跃式探测不易形成<span class=""blank"">______</span>，但同义词访问相同的探查位置序列仍会形成的聚集，也会增大查找失败<span class=""blank"">______</span>。</div>"	"<div class=""top""><span class=""chip c1"">章节：查找</span><span class=""chip c2"">识记</span><span class=""chip c3"">哈希表及其查找</span></div><h1>二级聚集</h1><div class=""a"">二级聚集是<span class=""hit"">二次探测法</span>中，虽跳跃式探测不易形成<span class=""hit"">基本聚集</span>，但同义词访问相同的探查位置序列仍会形成的聚集，也会增大查找失败<span class=""hit"">ASL</span>。</div><div class=""ansbox"">挖空答案：<b>二次探测法、基本聚集、ASL</b></div><div class=""pg"">教材页码：P328</div>"	查找 识记 哈希表及其查找 13003数据结构与算法
"<div class=""top""><span class=""chip c1"">章节：查找</span><span class=""chip c2"">识记</span><span class=""chip c3"">哈希表及其查找</span></div><h1>同义词表</h1><div class=""q"">同义词表是<span class=""blank"">______</span>中，哈希到同一地址位置的所有<span class=""blank"">______</span>组成的单链表。发生冲突的记录都保存在该链表中，查找时在链表中<span class=""blank"">______</span>。</div>"	"<div class=""top""><span class=""chip c1"">章节：查找</span><span class=""chip c2"">识记</span><span class=""chip c3"">哈希表及其查找</span></div><h1>同义词表</h1><div class=""a"">同义词表是<span class=""hit"">链地址法</span>中，哈希到同一地址位置的所有<span class=""hit"">关键字</span>组成的单链表。发生冲突的记录都保存在该链表中，查找时在链表中<span class=""hit"">顺序查找</span>。</div><div class=""ansbox"">挖空答案：<b>链地址法、关键字、顺序查找</b></div><div class=""pg"">教材页码：P326</div>"	查找 识记 哈希表及其查找 13003数据结构与算法
"<div class=""top""><span class=""chip c1"">章节：查找</span><span class=""chip c2"">识记</span><span class=""chip c3"">哈希表及其查找</span></div><h1>查找成功的平均查找长度</h1><div class=""q"">查找成功的平均查找长度<span class=""blank"">______</span>成功是各<span class=""blank"">______</span>查找成功时所需<span class=""blank"">______</span>的平均值，等于各关键字放置时探查次数的平均。</div>"	"<div class=""top""><span class=""chip c1"">章节：查找</span><span class=""chip c2"">识记</span><span class=""chip c3"">哈希表及其查找</span></div><h1>查找成功的平均查找长度</h1><div class=""a"">查找成功的平均查找长度<span class=""hit"">ASL</span>成功是各<span class=""hit"">关键字</span>查找成功时所需<span class=""hit"">比较次数</span>的平均值，等于各<span class=""hit"">关键字</span>放置时探查次数的平均。</div><div class=""ansbox"">挖空答案：<b>ASL、关键字、比较次数</b></div><div class=""pg"">教材页码：P327</div>"	查找 识记 哈希表及其查找 13003数据结构与算法
"<div class=""top""><span class=""chip c1"">章节：查找</span><span class=""chip c2"">识记</span><span class=""chip c3"">哈希表及其查找</span></div><h1>查找失败的平均查找长度</h1><div class=""q"">查找失败的平均查找长度<span class=""blank"">______</span>失败是按等概率考虑各地址查找失败时所需<span class=""blank"">______</span>的平均值，与簇的长度直接相关。</div>"	"<div class=""top""><span class=""chip c1"">章节：查找</span><span class=""chip c2"">识记</span><span class=""chip c3"">哈希表及其查找</span></div><h1>查找失败的平均查找长度</h1><div class=""a"">查找失败的平均查找长度<span class=""hit"">ASL</span>失败是按等概率考虑各地址查找失败时所需<span class=""hit"">比较次数</span>的平均值，与簇的长度直接相关。</div><div class=""ansbox"">挖空答案：<b>ASL、比较次数</b></div><div class=""pg"">教材页码：P327</div>"	查找 识记 哈希表及其查找 13003数据结构与算法
"<div class=""top""><span class=""chip c1"">章节：查找</span><span class=""chip c2"">识记</span><span class=""chip c3"">哈希表及其查找</span></div><h1>装填因子</h1><div class=""q"">装填因子α=<span class=""blank"">______</span>中已有记录数/哈希表长度。α小则冲突少，α大则冲突多。<span class=""blank"">______</span>中0≤α≤1，<span class=""blank"">______</span>仅依赖α。</div>"	"<div class=""top""><span class=""chip c1"">章节：查找</span><span class=""chip c2"">识记</span><span class=""chip c3"">哈希表及其查找</span></div><h1>装填因子</h1><div class=""a"">装填因子α=<span class=""hit"">哈希表</span>中已有记录数/<span class=""hit"">哈希表</span>长度。α小则冲突少，α大则冲突多。<span class=""hit"">开放地址法</span>中0≤α≤1，<span class=""hit"">平均查找长度</span>仅依赖α。</div><div class=""ansbox"">挖空答案：<b>哈希表、开放地址法、平均查找长度</b></div><div class=""pg"">教材页码：P328</div>"	查找 识记 哈希表及其查找 13003数据结构与算法
"<div class=""top""><span class=""chip c1"">章节：查找</span><span class=""chip c2"">领会</span><span class=""chip c3"">哈希表及其查找</span></div><h1>直接定址法</h1><div class=""q"">直接定址法<span class=""blank"">______</span>H(k)=k或H(k)=a*k+b（a,b为常数），是<span class=""blank"">______</span>的线性函数。计算最简单、<span class=""blank"">______</span>最少，适合关键字分布连续的情况。</div>"	"<div class=""top""><span class=""chip c1"">章节：查找</span><span class=""chip c2"">领会</span><span class=""chip c3"">哈希表及其查找</span></div><h1>直接定址法</h1><div class=""a"">直接定址法<span class=""hit"">哈希函数</span>H(k)=k或H(k)=a*k+b（a,b为常数），是<span class=""hit"">关键字</span>的线性函数。计算最简单、<span class=""hit"">冲突</span>最少，适合<span class=""hit"">关键字</span>分布连续的情况。</div><div class=""ansbox"">挖空答案：<b>哈希函数、关键字、冲突</b></div><div class=""pg"">教材页码：P322</div>"	查找 领会 哈希表及其查找 13003数据结构与算法
"<div class=""top""><span class=""chip c1"">章节：查找</span><span class=""chip c2"">领会</span><span class=""chip c3"">哈希表及其查找</span></div><h1>平方取中法</h1><div class=""q"">平方取中法将<span class=""blank"">______</span>值自乘，取乘积中间几位作为<span class=""blank"">______</span>。中间几位既能反映原数低位也能反映高位信息，使分布均匀。</div>"	"<div class=""top""><span class=""chip c1"">章节：查找</span><span class=""chip c2"">领会</span><span class=""chip c3"">哈希表及其查找</span></div><h1>平方取中法</h1><div class=""a"">平方取中法将<span class=""hit"">关键字</span>值自乘，取乘积中间几位作为<span class=""hit"">哈希地址</span>。中间几位既能反映原数低位也能反映高位信息，使分布均匀。</div><div class=""ansbox"">挖空答案：<b>关键字、哈希地址</b></div><div class=""pg"">教材页码：P322</div>"	查找 领会 哈希表及其查找 13003数据结构与算法
"<div class=""top""><span class=""chip c1"">章节：查找</span><span class=""chip c2"">领会</span><span class=""chip c3"">哈希表及其查找</span></div><h1>折叠法</h1><div class=""q"">折叠法将位数较多的<span class=""blank"">______</span>分割为位数相等的几段，各段叠加（求和并舍去进位）所得结果作为<span class=""blank"">______</span>。可间隔反转分段再相加。</div>"	"<div class=""top""><span class=""chip c1"">章节：查找</span><span class=""chip c2"">领会</span><span class=""chip c3"">哈希表及其查找</span></div><h1>折叠法</h1><div class=""a"">折叠法将位数较多的<span class=""hit"">关键字</span>分割为位数相等的几段，各段叠加（求和并舍去进位）所得结果作为<span class=""hit"">哈希地址</span>。可间隔反转分段再相加。</div><div class=""ansbox"">挖空答案：<b>关键字、哈希地址</b></div><div class=""pg"">教材页码：P323</div>"	查找 领会 哈希表及其查找 13003数据结构与算法
"<div class=""top""><span class=""chip c1"">章节：查找</span><span class=""chip c2"">领会</span><span class=""chip c3"">哈希表及其查找</span></div><h1>基数转换法</h1><div class=""q"">基数转换法将<span class=""blank"">______</span>值先看成另一种进制的数，再转换回原进制，选其中几位作为<span class=""blank"">______</span>。通常要求两个基数互素且新基数比原基数大。</div>"	"<div class=""top""><span class=""chip c1"">章节：查找</span><span class=""chip c2"">领会</span><span class=""chip c3"">哈希表及其查找</span></div><h1>基数转换法</h1><div class=""a"">基数转换法将<span class=""hit"">关键字</span>值先看成另一种进制的数，再转换回原进制，选其中几位作为<span class=""hit"">哈希地址</span>。通常要求两个基数互素且新基数比原基数大。</div><div class=""ansbox"">挖空答案：<b>关键字、哈希地址</b></div><div class=""pg"">教材页码：P323</div>"	查找 领会 哈希表及其查找 13003数据结构与算法
"<div class=""top""><span class=""chip c1"">章节：查找</span><span class=""chip c2"">领会</span><span class=""chip c3"">哈希表及其查找</span></div><h1>除留余数法</h1><div class=""q"">除留余数法H(k)=k mod p，其中p为小于等于<span class=""blank"">______</span>m的正整数。理论证明p应取≤m的最大素数，以使<span class=""blank"">______</span>均匀分布。</div>"	"<div class=""top""><span class=""chip c1"">章节：查找</span><span class=""chip c2"">领会</span><span class=""chip c3"">哈希表及其查找</span></div><h1>除留余数法</h1><div class=""a"">除留余数法H(k)=k mod p，其中p为小于等于<span class=""hit"">表长</span>m的正整数。理论证明p应取≤m的最大素数，以使<span class=""hit"">哈希地址</span>均匀分布。</div><div class=""ansbox"">挖空答案：<b>表长、哈希地址</b></div><div class=""pg"">教材页码：P324</div>"	查找 领会 哈希表及其查找 13003数据结构与算法
"<div class=""top""><span class=""chip c1"">章节：查找</span><span class=""chip c2"">领会</span><span class=""chip c3"">哈希表及其查找</span></div><h1>开放地址法</h1><div class=""q"">开放地址法（闭哈希法）：<span class=""blank"">______</span>时按某种方法形成探测下一地址的序列，沿序列逐个查找直到找到空闲地址存放。分<span class=""blank"">______</span>和<span class=""blank"">______</span>。</div>"	"<div class=""top""><span class=""chip c1"">章节：查找</span><span class=""chip c2"">领会</span><span class=""chip c3"">哈希表及其查找</span></div><h1>开放地址法</h1><div class=""a"">开放地址法（闭哈希法）：<span class=""hit"">冲突</span>时按某种方法形成探测下一地址的序列，沿序列逐个查找直到找到空闲地址存放。分<span class=""hit"">线性探测法</span>和<span class=""hit"">二次探测法</span>。</div><div class=""ansbox"">挖空答案：<b>冲突、线性探测法、二次探测法</b></div><div class=""pg"">教材页码：P324</div>"	查找 领会 哈希表及其查找 13003数据结构与算法
"<div class=""top""><span class=""chip c1"">章节：查找</span><span class=""chip c2"">领会</span><span class=""chip c3"">哈希表及其查找</span></div><h1>线性探测法</h1><div class=""q"">线性探测法求下一地址公式di+1=(di+1) mod m。从基<span class=""blank"">______</span>依次探查后续位置，到<span class=""blank"">______</span>绕回表头。实现简单但易产生<span class=""blank"">______</span>。</div>"	"<div class=""top""><span class=""chip c1"">章节：查找</span><span class=""chip c2"">领会</span><span class=""chip c3"">哈希表及其查找</span></div><h1>线性探测法</h1><div class=""a"">线性探测法求下一地址公式di+1=(di+1) mod m。从基<span class=""hit"">位置</span>依次探查后续<span class=""hit"">位置</span>，到<span class=""hit"">表尾</span>绕回表头。实现简单但易产生<span class=""hit"">基本聚集</span>。</div><div class=""ansbox"">挖空答案：<b>位置、表尾、基本聚集</b></div><div class=""pg"">教材页码：P325</div>"	查找 领会 哈希表及其查找 13003数据结构与算法
"<div class=""top""><span class=""chip c1"">章节：查找</span><span class=""chip c2"">领会</span><span class=""chip c3"">哈希表及其查找</span></div><h1>二次探测法</h1><div class=""q"">二次探测法探测地址序列为di+i²和di-i²（i=1,2...），以基<span class=""blank"">______</span>为中心跳跃式双向搜索。不易形成<span class=""blank"">______</span>，但可能无法遍历所有位置。</div>"	"<div class=""top""><span class=""chip c1"">章节：查找</span><span class=""chip c2"">领会</span><span class=""chip c3"">哈希表及其查找</span></div><h1>二次探测法</h1><div class=""a"">二次探测法探测地址序列为di+i²和di-i²（i=1,2...），以基<span class=""hit"">位置</span>为中心跳跃式双向搜索。不易形成<span class=""hit"">基本聚集</span>，但可能无法遍历所有<span class=""hit"">位置</span>。</div><div class=""ansbox"">挖空答案：<b>位置、基本聚集</b></div><div class=""pg"">教材页码：P325</div>"	查找 领会 哈希表及其查找 13003数据结构与算法
"<div class=""top""><span class=""chip c1"">章节：查找</span><span class=""chip c2"">领会</span><span class=""chip c3"">哈希表及其查找</span></div><h1>链地址法</h1><div class=""q"">链地址法（开哈希法）在每个哈希表位置设指针，将哈希到该位置的<span class=""blank"">______</span>组成一个单链表（<span class=""blank"">______</span>）。冲突记录都在链表中，查找时<span class=""blank"">______</span>链表。</div>"	"<div class=""top""><span class=""chip c1"">章节：查找</span><span class=""chip c2"">领会</span><span class=""chip c3"">哈希表及其查找</span></div><h1>链地址法</h1><div class=""a"">链地址法（开哈希法）在每个哈希表位置设指针，将哈希到该位置的<span class=""hit"">关键字</span>组成一个单链表（<span class=""hit"">同义词表</span>）。冲突记录都在链表中，查找时<span class=""hit"">顺序查找</span>链表。</div><div class=""ansbox"">挖空答案：<b>关键字、同义词表、顺序查找</b></div><div class=""pg"">教材页码：P326</div>"	查找 领会 哈希表及其查找 13003数据结构与算法
"<div class=""top""><span class=""chip c1"">章节：查找</span><span class=""chip c2"">领会</span><span class=""chip c3"">哈希表及其查找</span></div><h1>影响哈希方法效率的因素</h1><div class=""q"">影响哈希效率的因素：哈希函数的均匀性（计算简单且分布均匀）、<span class=""blank"">______</span>α（α越大冲突越多）、<span class=""blank"">______</span>的方法（线性/<span class=""blank"">______</span>/链地址）。</div>"	"<div class=""top""><span class=""chip c1"">章节：查找</span><span class=""chip c2"">领会</span><span class=""chip c3"">哈希表及其查找</span></div><h1>影响哈希方法效率的因素</h1><div class=""a"">影响哈希效率的因素：哈希函数的均匀性（计算简单且分布均匀）、<span class=""hit"">装填因子</span>α（α越大冲突越多）、<span class=""hit"">解决冲突</span>的方法（线性/<span class=""hit"">二次探测</span>/链地址）。</div><div class=""ansbox"">挖空答案：<b>装填因子、解决冲突、二次探测</b></div><div class=""pg"">教材页码：P328</div>"	查找 领会 哈希表及其查找 13003数据结构与算法
"<div class=""top""><span class=""chip c1"">章节：查找</span><span class=""chip c2"">简单应用</span><span class=""chip c3"">哈希表及其查找</span></div><h1>设计哈希函数</h1><div class=""q"">根据关键字特点选择合适哈希函数：连续分布用<span class=""blank"">______</span>；位数长用<span class=""blank"">______</span>或折叠法；通用用<span class=""blank"">______</span>（p取最大素数）。要求均匀分布。</div>"	"<div class=""top""><span class=""chip c1"">章节：查找</span><span class=""chip c2"">简单应用</span><span class=""chip c3"">哈希表及其查找</span></div><h1>设计哈希函数</h1><div class=""a"">根据关键字特点选择合适哈希函数：连续分布用<span class=""hit"">直接定址法</span>；位数长用<span class=""hit"">平方取中法</span>或折叠法；通用用<span class=""hit"">除留余数法</span>（p取最大素数）。要求均匀分布。</div><div class=""ansbox"">挖空答案：<b>直接定址法、平方取中法、除留余数法</b></div><div class=""pg"">教材页码：P322</div>"	查找 简单应用 哈希表及其查找 13003数据结构与算法
"<div class=""top""><span class=""chip c1"">章节：查找</span><span class=""chip c2"">简单应用</span><span class=""chip c3"">哈希表及其查找</span></div><h1>建立哈希表</h1><div class=""q"">建立哈希表：对每个关键字计算<span class=""blank"">______</span>，无冲突直接放入；有冲突按所选方法（<span class=""blank"">______</span>/<span class=""blank"">______</span>/链地址）找到存放位置填入。</div>"	"<div class=""top""><span class=""chip c1"">章节：查找</span><span class=""chip c2"">简单应用</span><span class=""chip c3"">哈希表及其查找</span></div><h1>建立哈希表</h1><div class=""a"">建立哈希表：对每个关键字计算<span class=""hit"">哈希地址</span>，无冲突直接放入；有冲突按所选方法（<span class=""hit"">线性探测</span>/<span class=""hit"">二次探测</span>/链地址）找到存放位置填入。</div><div class=""ansbox"">挖空答案：<b>哈希地址、线性探测、二次探测</b></div><div class=""pg"">教材页码：P325</div>"	查找 简单应用 哈希表及其查找 13003数据结构与算法
"<div class=""top""><span class=""chip c1"">章节：查找</span><span class=""chip c2"">简单应用</span><span class=""chip c3"">哈希表及其查找</span></div><h1>解决冲突</h1><div class=""q"">解决冲突：<span class=""blank"">______</span>探测下一空闲地址（线性依次探测或二次跳跃探测）；<span class=""blank"">______</span>将<span class=""blank"">______</span>挂到同一单链表中。</div>"	"<div class=""top""><span class=""chip c1"">章节：查找</span><span class=""chip c2"">简单应用</span><span class=""chip c3"">哈希表及其查找</span></div><h1>解决冲突</h1><div class=""a"">解决冲突：<span class=""hit"">开放地址法</span>探测下一空闲地址（线性依次探测或二次跳跃探测）；<span class=""hit"">链地址法</span>将<span class=""hit"">同义词</span>挂到同一单链表中。</div><div class=""ansbox"">挖空答案：<b>开放地址法、链地址法、同义词</b></div><div class=""pg"">教材页码：P324</div>"	查找 简单应用 哈希表及其查找 13003数据结构与算法
"<div class=""top""><span class=""chip c1"">章节：查找</span><span class=""chip c2"">本章重点</span></div><h1>顺序查找方法</h1><div class=""q""><span class=""blank"">______</span>从<span class=""blank"">______</span>逐个比较，成功<span class=""blank"">______</span>=(n+1)/2，不成功ASL=n，时间O(n)，空间O(1)。不要求数据有序，可用于链表。</div>"	"<div class=""top""><span class=""chip c1"">章节：查找</span><span class=""chip c2"">本章重点</span></div><h1>顺序查找方法</h1><div class=""a""><span class=""hit"">顺序查找</span>从<span class=""hit"">表头</span>逐个比较，成功<span class=""hit"">ASL</span>=(n+1)/2，不成功<span class=""hit"">ASL</span>=n，时间O(n)，空间O(1)。不要求数据有序，可用于链表。</div><div class=""ansbox"">挖空答案：<b>顺序查找、表头、ASL</b></div><div class=""pg"">教材页码：P297</div>"	查找 本章重点 13003数据结构与算法
"<div class=""top""><span class=""chip c1"">章节：查找</span><span class=""chip c2"">本章重点</span></div><h1>折半查找方法</h1><div class=""q""><span class=""blank"">______</span>从中间开始每次缩半，<span class=""blank"">______</span>≈log2(n+1)，O(<span class=""blank"">______</span>)。要求顺序存储且有序。可用判定树分析查找过程。</div>"	"<div class=""top""><span class=""chip c1"">章节：查找</span><span class=""chip c2"">本章重点</span></div><h1>折半查找方法</h1><div class=""a""><span class=""hit"">折半查找</span>从中间开始每次缩半，<span class=""hit"">ASL</span>≈log2(n+1)，O(<span class=""hit"">logn</span>)。要求顺序存储且有序。可用判定树分析查找过程。</div><div class=""ansbox"">挖空答案：<b>折半查找、ASL、logn</b></div><div class=""pg"">教材页码：P299</div>"	查找 本章重点 13003数据结构与算法
"<div class=""top""><span class=""chip c1"">章节：查找</span><span class=""chip c2"">本章重点</span></div><h1>分块查找方法</h1><div class=""q""><span class=""blank"">______</span>将数据分块、块间<span class=""blank"">______</span>，先查索引表确定块再块内查找。b=√n时<span class=""blank"">______</span>最优。是顺序与折半的折中。</div>"	"<div class=""top""><span class=""chip c1"">章节：查找</span><span class=""chip c2"">本章重点</span></div><h1>分块查找方法</h1><div class=""a""><span class=""hit"">分块查找</span>将数据分块、块间<span class=""hit"">整体有序</span>，先查索引表确定块再块内查找。b=√n时<span class=""hit"">ASL</span>最优。是顺序与折半的折中。</div><div class=""ansbox"">挖空答案：<b>分块查找、整体有序、ASL</b></div><div class=""pg"">教材页码：P303</div>"	查找 本章重点 13003数据结构与算法
"<div class=""top""><span class=""chip c1"">章节：查找</span><span class=""chip c2"">本章重点</span></div><h1>索引查找方法</h1><div class=""q"">索引查找即<span class=""blank"">______</span>。建立索引表（每块最大<span class=""blank"">______</span>+位置指针），先折半或顺序查索引定位块，再块内<span class=""blank"">______</span>。</div>"	"<div class=""top""><span class=""chip c1"">章节：查找</span><span class=""chip c2"">本章重点</span></div><h1>索引查找方法</h1><div class=""a"">索引查找即<span class=""hit"">分块查找</span>。建立索引表（每块最大<span class=""hit"">关键字</span>+位置指针），先折半或顺序查索引定位块，再块内<span class=""hit"">顺序查找</span>。</div><div class=""ansbox"">挖空答案：<b>分块查找、关键字、顺序查找</b></div><div class=""pg"">教材页码：P303</div>"	查找 本章重点 13003数据结构与算法
"<div class=""top""><span class=""chip c1"">章节：查找</span><span class=""chip c2"">本章重点</span></div><h1>二叉查找树的插入</h1><div class=""q"">BST插入从根比较，小于根走左、大于走右，直到空指针处插入新<span class=""blank"">______</span>，成为新叶。插入过程与<span class=""blank"">______</span>失败<span class=""blank"">______</span>相同。</div>"	"<div class=""top""><span class=""chip c1"">章节：查找</span><span class=""chip c2"">本章重点</span></div><h1>二叉查找树的插入</h1><div class=""a"">BST插入从根比较，小于根走左、大于走右，直到空指针处插入新<span class=""hit"">叶结点</span>，成为新叶。插入过程与<span class=""hit"">查找</span>失败<span class=""hit"">路径</span>相同。</div><div class=""ansbox"">挖空答案：<b>叶结点、查找、路径</b></div><div class=""pg"">教材页码：P307</div>"	查找 本章重点 13003数据结构与算法
"<div class=""top""><span class=""chip c1"">章节：查找</span><span class=""chip c2"">本章重点</span></div><h1>删除及查找</h1><div class=""q"">BST<span class=""blank"">______</span>沿根到叶一条路径比较；删除分<span class=""blank"">______</span>（直接删）、单子树（子树接父）、双子树（用中序前驱/<span class=""blank"">______</span>顶替再删该顶替结点）三种情况。</div>"	"<div class=""top""><span class=""chip c1"">章节：查找</span><span class=""chip c2"">本章重点</span></div><h1>删除及查找</h1><div class=""a"">BST<span class=""hit"">查找</span>沿根到叶一条路径比较；删除分<span class=""hit"">叶结点</span>（直接删）、单子树（子树接父）、双子树（用中序前驱/<span class=""hit"">后继</span>顶替再删该顶替结点）三种情况。</div><div class=""ansbox"">挖空答案：<b>查找、叶结点、后继</b></div><div class=""pg"">教材页码：P306</div>"	查找 本章重点 13003数据结构与算法
"<div class=""top""><span class=""chip c1"">章节：查找</span><span class=""chip c2"">本章重点</span></div><h1>B树的插入和查找</h1><div class=""q"">B树查找从根沿指针到<span class=""blank"">______</span>；插入在叶结点进行，超限时结点分裂、中间<span class=""blank"">______</span>提升到<span class=""blank"">______</span>，可能递归到根使树增高。</div>"	"<div class=""top""><span class=""chip c1"">章节：查找</span><span class=""chip c2"">本章重点</span></div><h1>B树的插入和查找</h1><div class=""a"">B树查找从根沿指针到<span class=""hit"">叶结点</span>；插入在<span class=""hit"">叶结点</span>进行，超限时结点分裂、中间<span class=""hit"">关键字</span>提升到<span class=""hit"">父结点</span>，可能递归到根使树增高。</div><div class=""ansbox"">挖空答案：<b>叶结点、关键字、父结点</b></div><div class=""pg"">教材页码：P318</div>"	查找 本章重点 13003数据结构与算法
"<div class=""top""><span class=""chip c1"">章节：查找</span><span class=""chip c2"">本章重点</span></div><h1>哈希方法</h1><div class=""q"">哈希方法通过哈希函数直接计算地址，理想情况无需比较。实际有冲突，用<span class=""blank"">______</span>或<span class=""blank"">______</span>解决。ASL仅与<span class=""blank"">______</span>α有关。</div>"	"<div class=""top""><span class=""chip c1"">章节：查找</span><span class=""chip c2"">本章重点</span></div><h1>哈希方法</h1><div class=""a"">哈希方法通过哈希函数直接计算地址，理想情况无需比较。实际有冲突，用<span class=""hit"">开放地址法</span>或<span class=""hit"">链地址法</span>解决。ASL仅与<span class=""hit"">装填因子</span>α有关。</div><div class=""ansbox"">挖空答案：<b>开放地址法、链地址法、装填因子</b></div><div class=""pg"">教材页码：P320</div>"	查找 本章重点 13003数据结构与算法
"<div class=""top""><span class=""chip c1"">章节：查找</span><span class=""chip c2"">本章难点</span></div><h1>二叉查找树的删除</h1><div class=""q"">BST删除难点在双子树情况：需选其中序<span class=""blank"">______</span>（<span class=""blank"">______</span>最大值，无右孩子）或<span class=""blank"">______</span>（右子树最小值，无左孩子）顶替，再归结为度0或1的删除。</div>"	"<div class=""top""><span class=""chip c1"">章节：查找</span><span class=""chip c2"">本章难点</span></div><h1>二叉查找树的删除</h1><div class=""a"">BST删除难点在双子树情况：需选其中序<span class=""hit"">直接前驱</span>（<span class=""hit"">左子树</span>最大值，无右孩子）或<span class=""hit"">直接后继</span>（右子树最小值，无左孩子）顶替，再归结为度0或1的删除。</div><div class=""ansbox"">挖空答案：<b>直接前驱、左子树、直接后继</b></div><div class=""pg"">教材页码：P309</div>"	查找 本章难点 13003数据结构与算法
"<div class=""top""><span class=""chip c1"">章节：查找</span><span class=""chip c2"">本章难点</span></div><h1>B树的插入</h1><div class=""q"">B树插入难点在<span class=""blank"">______</span>分裂：叶结点<span class=""blank"">______</span>超限后分裂为两个，中间关键字提升到<span class=""blank"">______</span>，父结点可能继续分裂，最坏一直到根。</div>"	"<div class=""top""><span class=""chip c1"">章节：查找</span><span class=""chip c2"">本章难点</span></div><h1>B树的插入</h1><div class=""a"">B树插入难点在<span class=""hit"">结点</span>分裂：叶<span class=""hit"">结点</span><span class=""hit"">关键字</span>超限后分裂为两个，中间<span class=""hit"">关键字</span>提升到<span class=""hit"">父结点</span>，<span class=""hit"">父结点</span>可能继续分裂，最坏一直到根。</div><div class=""ansbox"">挖空答案：<b>结点、关键字、父结点</b></div><div class=""pg"">教材页码：P318</div>"	查找 本章难点 13003数据结构与算法
"<div class=""top""><span class=""chip c1"">章节：查找</span><span class=""chip c2"">本章难点</span></div><h1>哈希函数的设计</h1><div class=""q""><span class=""blank"">______</span>设计需在算法简单（计算快）和均匀分布（少<span class=""blank"">______</span>）间折中，考虑关键字长度、分布、表大小、<span class=""blank"">______</span>频率等因素。</div>"	"<div class=""top""><span class=""chip c1"">章节：查找</span><span class=""chip c2"">本章难点</span></div><h1>哈希函数的设计</h1><div class=""a""><span class=""hit"">哈希函数</span>设计需在算法简单（计算快）和均匀分布（少<span class=""hit"">冲突</span>）间折中，考虑关键字长度、分布、表大小、<span class=""hit"">查找</span>频率等因素。</div><div class=""ansbox"">挖空答案：<b>哈希函数、冲突、查找</b></div><div class=""pg"">教材页码：P322</div>"	查找 本章难点 13003数据结构与算法
"<div class=""top""><span class=""chip c1"">章节：查找</span><span class=""chip c2"">本章难点</span></div><h1>冲突解决方法</h1><div class=""q"">冲突解决方法两大类：<span class=""blank"">______</span>（<span class=""blank"">______</span>依次探查、二次探测跳跃探查）和<span class=""blank"">______</span>（同义词组成单链表）。各有优缺点和ASL公式。</div>"	"<div class=""top""><span class=""chip c1"">章节：查找</span><span class=""chip c2"">本章难点</span></div><h1>冲突解决方法</h1><div class=""a"">冲突解决方法两大类：<span class=""hit"">开放地址法</span>（<span class=""hit"">线性探测</span>依次探查、二次探测跳跃探查）和<span class=""hit"">链地址法</span>（同义词组成单链表）。各有优缺点和ASL公式。</div><div class=""ansbox"">挖空答案：<b>开放地址法、线性探测、链地址法</b></div><div class=""pg"">教材页码：P324</div>"	查找 本章难点 13003数据结构与算法
